center,is_twin_center,center_set,n_nodes,n_edges,n_components,zero_count_all,isolated_nodes,isolated_fraction,gc_size,gc_fraction,gc_edges,gc_spectral_gap,gc_entropy,core_nodes,core_edges,core_components,core_isolated_nodes,core_gc_size,core_gc_fraction,core_gc_spectral_gap,core_gc_entropy,core_gc_zero_count_all,K_used,auto_k_iters
600,1,six,,,,,,,,,,,,61,183,17,16,45,0.7377049180327869,0.20348324924745614,3.7207447710198824,1.0,200,0
840,0,six,,,,,,,,,,,,61,126,24,23,38,0.6229508196721312,0.06418978510680823,3.50768007833394,1.0,200,0
164334,0,six,,,,,,,,,,,,61,3,58,55,2,0.03278688524590164,2.0,-0.0,1.0,5000,24
4512,0,six,,,,,,,,,,,,61,35,40,37,20,0.32786885245901637,0.021799335663750884,2.7901706066572016,1.0,400,1
117942,0,six,,,,,,,,,,,,61,9,53,46,3,0.04918032786885246,1.5,0.6931471805599453,1.0,5000,24
145380,0,six,,,,,,,,,,,,61,5,56,52,3,0.04918032786885246,1.0,0.6365141682948128,1.0,5000,24
76662,0,six,,,,,,,,,,,,61,20,46,41,11,0.18032786885245902,0.10949555149526316,2.151137189816295,1.0,4600,22
106776,0,six,,,,,,,,,,,,61,6,55,50,3,0.04918032786885246,1.0,0.6365141682948128,1.0,5000,24
172044,0,six,,,,,,,,,,,,61,3,58,55,2,0.03278688524590164,2.0,-0.0,1.0,5000,24
64092,0,six,,,,,,,,,,,,61,29,41,33,10,0.16393442622950818,0.27539013897148723,2.082642315884152,1.0,5000,24
147210,1,six,,,,,,,,,,,,61,7,54,47,2,0.03278688524590164,2.0,-0.0,1.0,5000,24
49374,0,six,,,,,,,,,,,,61,14,49,46,10,0.16393442622950818,0.13214972662259614,2.045970715079583,1.0,2600,12
170748,0,six,,,,,,,,,,,,61,2,59,57,2,0.03278688524590164,2.0,-0.0,1.0,5000,24
103176,0,six,,,,,,,,,,,,61,11,51,44,4,0.06557377049180328,0.7712864461218314,1.0477551054649423,1.0,5000,24
69066,0,six,,,,,,,,,,,,61,22,43,34,6,0.09836065573770492,0.3740897694298128,1.5099389659125095,1.0,5000,24
73968,0,six,,,,,,,,,,,,61,14,49,43,7,0.11475409836065574,0.21866556839700216,1.6513419733379169,1.0,5000,24
140064,0,six,,,,,,,,,,,,61,7,54,48,3,0.04918032786885246,1.0,0.6365141682948128,1.0,5000,24
36414,0,six,,,,,,,,,,,,61,23,44,40,13,0.21311475409836064,0.0705639394251496,2.314797177684048,1.0,2800,13
162564,0,six,,,,,,,,,,,,61,4,57,53,2,0.03278688524590164,2.0,-0.0,1.0,5000,24
198666,0,six,,,,,,,,,,,,61,3,58,56,3,0.04918032786885246,1.0,0.6365141682948128,1.0,5000,24
66012,0,six,,,,,,,,,,,,61,19,46,42,11,0.18032786885245902,0.10021313546220967,2.119004776455616,1.0,4800,23
58764,0,six,,,,,,,,,,,,61,28,39,30,11,0.18032786885245902,0.2779062310074516,2.144913114614672,1.0,4200,20
81402,0,six,,,,,,,,,,,,61,22,45,40,8,0.13114754098360656,0.19537406380344452,1.7920418651888324,1.0,5000,24
31122,1,six,,,,,,,,,,,,61,19,47,42,10,0.16393442622950818,0.08821321416250659,2.0474459495943664,1.0,2000,9
75210,1,six,,,,,,,,,,,,61,23,43,35,7,0.11475409836065574,0.28404767243025286,1.6762376184370331,1.0,5000,24
134820,0,six,,,,,,,,,,,,61,9,53,47,4,0.06557377049180328,0.7712864461218314,1.0477551054649423,1.0,5000,24
127146,0,six,,,,,,,,,,,,61,4,57,53,2,0.03278688524590164,2.0,-0.0,1.0,5000,24
9762,0,six,,,,,,,,,,,,61,29,41,36,13,0.21311475409836064,0.0323744368119349,2.339454701563025,1.0,800,3
180936,0,six,,,,,,,,,,,,61,2,59,57,2,0.03278688524590164,2.0,-0.0,1.0,5000,24
134016,0,six,,,,,,,,,,,,61,7,54,49,3,0.04918032786885246,1.0,0.6365141682948128,1.0,5000,24
11076,0,six,,,,,,,,,,,,61,22,45,39,11,0.18032786885245902,0.1672526342472854,2.1638315356462074,1.0,800,3
163884,0,six,,,,,,,,,,,,61,3,58,55,2,0.03278688524590164,2.0,-0.0,1.0,5000,24
1872,1,six,,,,,,,,,,,,61,36,39,35,15,0.2459016393442623,0.22913458948293466,2.5145480061986833,1.0,200,0
3138,0,six,,,,,,,,,,,,61,55,30,26,18,0.29508196721311475,0.07244281139853509,2.7194855888661524,1.0,400,1
64926,0,six,,,,,,,,,,,,61,28,40,30,7,0.11475409836065574,0.2500000000000002,1.6787022199081454,1.0,5000,24
70848,0,six,,,,,,,,,,,,61,26,40,34,12,0.19672131147540983,0.0781794290361834,2.2165317072331407,1.0,4600,22
113196,0,six,,,,,,,,,,,,61,11,51,44,4,0.06557377049180328,0.4999999999999998,0.9743147528693494,1.0,5000,24
39636,0,six,,,,,,,,,,,,61,30,38,32,13,0.21311475409836064,0.08869394177416073,2.328069864738837,1.0,3000,14
163512,0,six,,,,,,,,,,,,61,5,56,51,2,0.03278688524590164,2.0,-0.0,1.0,5000,24
42150,0,six,,,,,,,,,,,,61,21,46,41,11,0.18032786885245902,0.08347638659665596,2.1791394953978225,1.0,2600,12
71940,0,six,,,,,,,,,,,,61,18,45,37,5,0.08196721311475409,0.6909830056250533,1.3244102569320977,1.0,5000,24
147972,0,six,,,,,,,,,,,,61,1,60,59,2,0.03278688524590164,2.0,-0.0,1.0,5000,24
91986,0,six,,,,,,,,,,,,61,11,51,45,3,0.04918032786885246,1.0,0.6365141682948128,1.0,5000,24
130230,0,six,,,,,,,,,,,,61,6,55,49,2,0.03278688524590164,2.0,-0.0,1.0,5000,24
16338,0,six,,,,,,,,,,,,61,30,39,32,10,0.16393442622950818,0.2758356129301243,2.072529922389282,1.0,1400,6
91860,0,six,,,,,,,,,,,,61,12,51,45,4,0.06557377049180328,0.7712864461218307,1.047755105464942,1.0,5000,24
47622,0,six,,,,,,,,,,,,61,30,41,36,10,0.16393442622950818,0.08818931036251214,2.0936650984873126,1.0,3800,18
196818,0,six,,,,,,,,,,,,61,4,57,54,3,0.04918032786885246,1.0,0.6365141682948128,1.0,5000,24
85596,0,six,,,,,,,,,,,,61,15,47,38,4,0.06557377049180328,0.4999999999999998,0.9743147528693494,1.0,5000,24
73584,0,six,,,,,,,,,,,,61,18,45,41,11,0.18032786885245902,0.07911528425326997,2.121064149405872,1.0,4000,19
101856,0,six,,,,,,,,,,,,61,7,54,50,4,0.06557377049180328,1.0,1.0397207708399179,1.0,5000,24
171042,0,six,,,,,,,,,,,,61,1,60,59,2,0.03278688524590164,2.0,-0.0,1.0,5000,24
51582,0,six,,,,,,,,,,,,61,22,44,38,11,0.18032786885245902,0.09503565379919353,2.153375674618679,1.0,3600,17
16848,0,six,,,,,,,,,,,,61,31,38,31,17,0.2786885245901639,0.07114390879572424,2.5879658747154135,1.0,1400,6
65052,0,six,,,,,,,,,,,,61,19,45,40,8,0.13114754098360656,0.137828868039246,1.779732631273434,1.0,5000,24
118998,0,six,,,,,,,,,,,,61,5,56,51,2,0.03278688524590164,2.0,-0.0,1.0,5000,24
4194,0,six,,,,,,,,,,,,61,42,36,31,21,0.3442622950819672,0.060282444658918286,2.8488061164405574,1.0,400,1
59604,0,six,,,,,,,,,,,,61,27,42,33,5,0.08196721311475409,1.099999999999999,1.3826856709661044,1.0,5000,24
90606,0,six,,,,,,,,,,,,61,12,51,46,5,0.08196721311475409,0.6666666666666667,1.3196105997736238,1.0,5000,24
138030,0,six,,,,,,,,,,,,61,7,54,50,3,0.04918032786885246,1.0,0.6365141682948128,1.0,5000,24
134982,0,six,,,,,,,,,,,,61,4,57,53,2,0.03278688524590164,2.0,-0.0,1.0,5000,24
62238,0,six,,,,,,,,,,,,61,22,45,38,6,0.09836065573770492,0.4264852943382422,1.5430696699351698,1.0,5000,24
152298,0,six,,,,,,,,,,,,61,6,55,49,2,0.03278688524590164,2.0,-0.0,1.0,5000,24
127818,1,six,,,,,,,,,,,,61,8,53,46,3,0.04918032786885246,1.0,0.6365141682948128,1.0,5000,24
5562,0,six,,,,,,,,,,,,61,63,26,19,26,0.4262295081967213,0.09852173770058206,3.081605592066843,1.0,800,3
19908,0,six,,,,,,,,,,,,61,36,37,29,17,0.2786885245901639,0.08007689409207122,2.6348881423706305,1.0,2000,9
24456,0,six,,,,,,,,,,,,61,34,40,32,10,0.16393442622950818,0.13558191024902205,2.0868011907456623,1.0,2000,9
175536,0,six,,,,,,,,,,,,61,2,59,57,2,0.03278688524590164,2.0,-0.0,1.0,5000,24
31404,0,six,,,,,,,,,,,,61,22,43,37,12,0.19672131147540983,0.07641772596339254,2.2180654939419613,1.0,2400,11
153120,0,six,,,,,,,,,,,,61,3,58,55,2,0.03278688524590164,2.0,-0.0,1.0,5000,24
71088,0,six,,,,,,,,,,,,61,18,46,41,10,0.16393442622950818,0.19144609485339453,2.035754559513606,1.0,4200,20
5118,0,six,,,,,,,,,,,,61,53,33,28,18,0.29508196721311475,0.18189605237569645,2.7455546433570177,1.0,600,2
145122,0,six,,,,,,,,,,,,61,3,58,55,2,0.03278688524590164,2.0,-0.0,1.0,5000,24
85194,0,six,,,,,,,,,,,,61,11,50,42,3,0.04918032786885246,1.0,0.6365141682948128,1.0,5000,24
48288,0,six,,,,,,,,,,,,61,35,37,31,8,0.13114754098360656,0.20056329609126086,1.8228775922577372,1.0,5000,24
189564,0,six,,,,,,,,,,,,61,2,59,57,2,0.03278688524590164,2.0,-0.0,1.0,5000,24
24708,0,six,,,,,,,,,,,,61,20,46,43,14,0.22950819672131148,0.06683510886033682,2.407953479293914,1.0,1400,6
5946,0,six,,,,,,,,,,,,61,43,33,28,23,0.3770491803278688,0.04571223321629873,2.914185576678981,1.0,600,2
193896,0,six,,,,,,,,,,,,61,1,60,59,2,0.03278688524590164,2.0,-0.0,1.0,5000,24
128610,0,six,,,,,,,,,,,,61,3,58,55,2,0.03278688524590164,2.0,-0.0,1.0,5000,24
165990,0,six,,,,,,,,,,,,61,4,57,54,3,0.04918032786885246,1.0,0.6365141682948128,1.0,5000,24
79782,0,six,,,,,,,,,,,,61,14,48,41,7,0.11475409836065574,0.20943058495790534,1.6456322439985782,1.0,5000,24
143754,0,six,,,,,,,,,,,,61,7,55,51,4,0.06557377049180328,0.7712864461218313,1.0477551054649423,1.0,5000,24
47454,0,six,,,,,,,,,,,,61,25,44,38,10,0.16393442622950818,0.2821465297740768,2.1101877315212256,1.0,2800,13
59364,0,six,,,,,,,,,,,,61,12,51,49,10,0.16393442622950818,0.185335805837389,2.0811345910798664,1.0,3000,14
31986,0,six,,,,,,,,,,,,61,33,39,33,11,0.18032786885245902,0.1607952402802787,2.1724170648105354,1.0,2600,12
195114,0,six,,,,,,,,,,,,61,3,58,55,2,0.03278688524590164,2.0,-0.0,1.0,5000,24
65376,0,six,,,,,,,,,,,,61,21,44,38,6,0.09836065573770492,0.1909830056250527,1.4185033762217634,1.0,5000,24
132456,0,six,,,,,,,,,,,,61,4,57,53,2,0.03278688524590164,2.0,-0.0,1.0,5000,24
91206,0,six,,,,,,,,,,,,61,16,47,42,6,0.09836065573770492,0.26259518318365804,1.480616415302653,1.0,5000,24
80436,0,six,,,,,,,,,,,,61,25,42,36,14,0.22950819672131148,0.12101772608697593,2.4041657355605723,1.0,4800,23
64818,0,six,,,,,,,,,,,,61,22,44,40,12,0.19672131147540983,0.08689083836776479,2.2170544787402644,1.0,4800,23
64512,0,six,,,,,,,,,,,,61,25,42,35,10,0.16393442622950818,0.183064683621568,2.076208157929125,1.0,5000,24
113874,0,six,,,,,,,,,,,,61,10,52,45,4,0.06557377049180328,0.7712864461218313,1.0477551054649423,1.0,5000,24
59550,0,six,,,,,,,,,,,,61,28,41,36,8,0.13114754098360656,0.6417424305044155,1.886905966940651,1.0,5000,24
36138,0,six,,,,,,,,,,,,61,42,35,30,16,0.26229508196721313,0.1082090187342032,2.5745309031052916,1.0,3400,16
1824,0,six,,,,,,,,,,,,61,114,22,19,35,0.5737704918032787,0.1464087417083289,3.428569356237583,1.0,400,1
58134,0,six,,,,,,,,,,,,61,23,44,37,9,0.14754098360655737,0.2383654392444724,1.983862393320564,1.0,5000,24
1764,0,six,,,,,,,,,,,,61,57,30,27,27,0.4426229508196721,0.0360748627671423,3.090180920868815,1.0,200,0
195576,0,six,,,,,,,,,,,,61,0,61,61,1,0.01639344262295082,0.0,0.0,1.0,5000,24
73200,0,six,,,,,,,,,,,,61,21,43,38,11,0.18032786885245902,0.1392060197550943,2.113238945968649,1.0,4400,21
38214,0,six,,,,,,,,,,,,61,21,44,37,10,0.16393442622950818,0.14644660940672583,2.0622221612126066,1.0,3200,15
104430,0,six,,,,,,,,,,,,61,12,51,44,5,0.08196721311475409,0.5000000000000001,1.313834033192747,1.0,5000,24
199152,1,six,,,,,,,,,,,,61,2,59,57,2,0.03278688524590164,2.0,-0.0,1.0,5000,24
160212,0,six,,,,,,,,,,,,61,1,60,59,2,0.03278688524590164,2.0,-0.0,1.0,5000,24
26514,0,six,,,,,,,,,,,,61,27,42,35,12,0.19672131147540983,0.16158353833141123,2.2790994702840197,1.0,1800,8
181734,0,six,,,,,,,,,,,,61,3,58,55,2,0.03278688524590164,2.0,-0.0,1.0,5000,24
164376,0,six,,,,,,,,,,,,61,6,55,52,4,0.06557377049180328,1.0,1.0397207708399179,1.0,5000,24
72054,0,six,,,,,,,,,,,,61,21,46,42,11,0.18032786885245902,0.11140478766846042,2.161158130476304,1.0,4400,21
96168,0,six,,,,,,,,,,,,61,12,51,46,6,0.09836065573770492,0.4462972852434882,1.514910282403432,1.0,5000,24
72990,0,six,,,,,,,,,,,,61,24,44,39,14,0.22950819672131148,0.10907758256583232,2.4136926013548137,1.0,5000,24
11238,0,six,,,,,,,,,,,,61,41,34,28,15,0.2459016393442623,0.15451036076275632,2.4953202253436624,1.0,1200,5
147150,0,six,,,,,,,,,,,,61,2,59,57,2,0.03278688524590164,2.0,-0.0,1.0,5000,24
130458,0,six,,,,,,,,,,,,61,6,55,49,2,0.03278688524590164,2.0,-0.0,1.0,5000,24
69702,0,six,,,,,,,,,,,,61,20,44,36,6,0.09836065573770492,0.3876275643042056,1.4935633396973285,1.0,5000,24
155742,0,six,,,,,,,,,,,,61,3,58,55,2,0.03278688524590164,2.0,-0.0,1.0,5000,24
70446,0,six,,,,,,,,,,,,61,21,45,38,5,0.08196721311475409,0.3459426679966252,1.2639167128155817,1.0,5000,24
70500,0,six,,,,,,,,,,,,61,22,44,37,7,0.11475409836065574,0.306853948382845,1.6995661780171298,1.0,5000,24
98400,0,six,,,,,,,,,,,,61,9,52,49,6,0.09836065573770492,0.23623738417402665,1.450714609605269,1.0,5000,24
163008,0,six,,,,,,,,,,,,61,3,58,55,2,0.03278688524590164,2.0,-0.0,1.0,5000,24
164694,0,six,,,,,,,,,,,,61,3,58,56,3,0.04918032786885246,1.0,0.6365141682948128,1.0,5000,24
128292,0,six,,,,,,,,,,,,61,5,56,51,2,0.03278688524590164,2.0,-0.0,1.0,5000,24
47754,0,six,,,,,,,,,,,,61,28,39,34,14,0.22950819672131148,0.07459498069570106,2.3836443009503165,1.0,3800,18
27138,0,six,,,,,,,,,,,,61,23,44,37,10,0.16393442622950818,0.08645434031000086,2.0653460028472743,1.0,2200,10
181590,0,six,,,,,,,,,,,,61,1,60,59,2,0.03278688524590164,2.0,-0.0,1.0,5000,24
77214,0,six,,,,,,,,,,,,61,15,48,39,5,0.08196721311475409,0.5000000000000001,1.313834033192747,1.0,5000,24
79902,1,six,,,,,,,,,,,,61,14,49,45,8,0.13114754098360656,0.1684082657336641,1.7732605519735656,1.0,5000,24
53610,1,six,,,,,,,,,,,,61,25,43,38,11,0.18032786885245902,0.19913708351241624,2.1706691135919494,1.0,3200,15
92226,0,six,,,,,,,,,,,,61,12,51,45,6,0.09836065573770492,0.37408976942981353,1.5099389659125095,1.0,5000,24
130386,0,six,,,,,,,,,,,,61,4,57,54,3,0.04918032786885246,1.0,0.6365141682948128,1.0,5000,24
115452,0,six,,,,,,,,,,,,61,9,53,48,4,0.06557377049180328,0.7712864461218314,1.0477551054649423,1.0,5000,24
49806,0,six,,,,,,,,,,,,61,38,38,30,12,0.19672131147540983,0.07201074713440919,2.2840925902607854,1.0,4600,22
23790,0,six,,,,,,,,,,,,61,30,41,36,11,0.18032786885245902,0.10606086230340193,2.141556751898628,1.0,2000,9
102726,0,six,,,,,,,,,,,,61,8,53,46,3,0.04918032786885246,1.0,0.6365141682948128,1.0,5000,24
168366,0,six,,,,,,,,,,,,61,2,59,57,2,0.03278688524590164,2.0,-0.0,1.0,5000,24
17832,0,six,,,,,,,,,,,,61,25,41,37,12,0.19672131147540983,0.0999621507776641,2.2291127967829927,1.0,1200,5
143628,0,six,,,,,,,,,,,,61,4,57,54,3,0.04918032786885246,1.0,0.6365141682948128,1.0,5000,24
42810,0,six,,,,,,,,,,,,61,33,39,33,10,0.16393442622950818,0.21021741188528997,2.0638928319050005,1.0,3600,17
27234,0,six,,,,,,,,,,,,61,34,37,29,11,0.18032786885245902,0.053937715395130745,2.1590572049295353,1.0,2800,13
61920,0,six,,,,,,,,,,,,61,39,35,25,8,0.13114754098360656,0.3213714977683367,1.8197418784493387,1.0,5000,24
146484,0,six,,,,,,,,,,,,61,3,58,55,2,0.03278688524590164,2.0,-0.0,1.0,5000,24
14406,0,six,,,,,,,,,,,,61,34,38,33,12,0.19672131147540983,0.16468851515333294,2.2793539783590027,1.0,1200,5
108618,0,six,,,,,,,,,,,,61,5,56,52,3,0.04918032786885246,1.0,0.6365141682948128,1.0,5000,24
175134,0,six,,,,,,,,,,,,61,2,59,57,2,0.03278688524590164,2.0,-0.0,1.0,5000,24
145488,0,six,,,,,,,,,,,,61,6,55,50,3,0.04918032786885246,1.0,0.6365141682948128,1.0,5000,24
158502,0,six,,,,,,,,,,,,61,1,60,59,2,0.03278688524590164,2.0,-0.0,1.0,5000,24
121332,0,six,,,,,,,,,,,,61,9,52,46,3,0.04918032786885246,1.0,0.6365141682948128,1.0,5000,24
177132,0,six,,,,,,,,,,,,61,3,58,55,2,0.03278688524590164,2.0,-0.0,1.0,5000,24
104454,0,six,,,,,,,,,,,,61,11,51,44,4,0.06557377049180328,0.7712864461218314,1.0477551054649423,1.0,5000,24
123138,0,six,,,,,,,,,,,,61,7,54,50,4,0.06557377049180328,0.5,0.9743147528693494,1.0,5000,24
194172,0,six,,,,,,,,,,,,61,1,60,59,2,0.03278688524590164,2.0,-0.0,1.0,5000,24
189414,0,six,,,,,,,,,,,,61,1,60,59,2,0.03278688524590164,2.0,-0.0,1.0,5000,24
20316,0,six,,,,,,,,,,,,61,29,41,35,11,0.18032786885245902,0.22008020672135792,2.198631147512116,1.0,1600,7
104766,0,six,,,,,,,,,,,,61,9,52,47,6,0.09836065573770492,0.23623738417402648,1.4507146096052694,1.0,5000,24
175716,0,six,,,,,,,,,,,,61,3,58,55,2,0.03278688524590164,2.0,-0.0,1.0,5000,24
12054,0,six,,,,,,,,,,,,61,35,38,28,11,0.18032786885245902,0.16300959721058367,2.199891225836604,1.0,1000,4
86880,0,six,,,,,,,,,,,,61,13,49,40,4,0.06557377049180328,1.0,1.0397207708399179,1.0,5000,24
136200,0,six,,,,,,,,,,,,61,4,57,53,2,0.03278688524590164,2.0,-0.0,1.0,5000,24
54018,0,six,,,,,,,,,,,,61,27,42,36,10,0.16393442622950818,0.08935224355655322,2.053385013730718,1.0,4600,22
1314,0,six,,,,,,,,,,,,61,89,29,26,31,0.5081967213114754,0.15229542356463754,3.3141140781855123,1.0,200,0
33204,0,six,,,,,,,,,,,,61,32,39,35,12,0.19672131147540983,0.17309385359752844,2.274458473988289,1.0,2600,12
12546,0,six,,,,,,,,,,,,61,29,41,34,10,0.16393442622950818,0.2794673410485926,2.0646772149277193,1.0,1000,4
44184,0,six,,,,,,,,,,,,61,22,44,38,10,0.16393442622950818,0.08661958418440271,2.0589049585913863,1.0,2600,12
74418,0,six,,,,,,,,,,,,61,21,44,35,5,0.08196721311475409,0.7257081148225679,1.3498943414398354,1.0,5000,24
156600,0,six,,,,,,,,,,,,61,4,57,54,3,0.04918032786885246,1.0,0.6365141682948128,1.0,5000,24
193398,0,six,,,,,,,,,,,,61,1,60,59,2,0.03278688524590164,2.0,-0.0,1.0,5000,24
72012,0,six,,,,,,,,,,,,61,20,46,40,6,0.09836065573770492,0.5256893096129955,1.526642392954712,1.0,5000,24
107712,0,six,,,,,,,,,,,,61,8,54,49,3,0.04918032786885246,1.5,0.6931471805599453,1.0,5000,24
137796,0,six,,,,,,,,,,,,61,4,57,53,2,0.03278688524590164,2.0,-0.0,1.0,5000,24
82518,0,six,,,,,,,,,,,,61,16,47,41,5,0.08196721311475409,0.3459426679966252,1.2639167128155817,1.0,5000,24
118536,0,six,,,,,,,,,,,,61,8,53,46,3,0.04918032786885246,1.0,0.6365141682948128,1.0,5000,24
124494,0,six,,,,,,,,,,,,61,5,56,52,3,0.04918032786885246,1.0,0.6365141682948128,1.0,5000,24
153192,0,six,,,,,,,,,,,,61,5,56,52,3,0.04918032786885246,1.0,0.6365141682948128,1.0,5000,24
30192,0,six,,,,,,,,,,,,61,42,37,30,11,0.18032786885245902,0.2567433729404938,2.228753440748573,1.0,2800,13
118812,0,six,,,,,,,,,,,,61,6,56,52,3,0.04918032786885246,1.5,0.6931471805599453,1.0,5000,24
145374,0,six,,,,,,,,,,,,61,5,56,52,3,0.04918032786885246,1.0,0.6365141682948128,1.0,5000,24
16422,0,six,,,,,,,,,,,,61,24,42,36,12,0.19672131147540983,0.15006082742941435,2.2746972544252597,1.0,1200,5
165372,0,six,,,,,,,,,,,,61,4,57,54,3,0.04918032786885246,1.0,0.6365141682948128,1.0,5000,24
75114,0,six,,,,,,,,,,,,61,10,52,45,3,0.04918032786885246,1.5,0.6931471805599453,1.0,5000,24
63636,0,six,,,,,,,,,,,,61,22,45,41,10,0.16393442622950818,0.1828984430754298,2.0567206874283475,1.0,4600,22
32700,0,six,,,,,,,,,,,,61,30,40,34,10,0.16393442622950818,0.19799717068312594,2.0909412665950993,1.0,2600,12
56682,0,six,,,,,,,,,,,,61,28,42,33,7,0.11475409836065574,0.5134716302774022,1.7238391508836852,1.0,5000,24
121038,0,six,,,,,,,,,,,,61,8,53,47,3,0.04918032786885246,1.0,0.6365141682948128,1.0,5000,24
91836,0,six,,,,,,,,,,,,61,16,49,42,4,0.06557377049180328,0.5,0.9743147528693494,1.0,5000,24
131388,0,six,,,,,,,,,,,,61,5,56,52,3,0.04918032786885246,1.0,0.6365141682948128,1.0,5000,24
167352,0,six,,,,,,,,,,,,61,0,61,61,1,0.01639344262295082,0.0,0.0,1.0,5000,24
79512,0,six,,,,,,,,,,,,61,18,47,40,8,0.13114754098360656,0.29289321881345254,1.8253281041191802,1.0,5000,24
5964,0,six,,,,,,,,,,,,61,21,43,36,10,0.16393442622950818,0.07825174035621656,2.0254507538731703,1.0,400,1
59454,0,six,,,,,,,,,,,,61,22,45,41,11,0.18032786885245902,0.17364516267003782,2.159698306662013,1.0,3600,17
45210,0,six,,,,,,,,,,,,61,20,46,40,11,0.18032786885245902,0.21813282728754657,2.1820656102430394,1.0,2400,11
12912,0,six,,,,,,,,,,,,61,19,48,43,10,0.16393442622950818,0.18391716442068173,2.065964248285011,1.0,800,3
134610,0,six,,,,,,,,,,,,61,5,56,53,3,0.04918032786885246,1.0,0.6365141682948128,1.0,5000,24
154710,0,six,,,,,,,,,,,,61,1,60,59,2,0.03278688524590164,2.0,-0.0,1.0,5000,24
126084,0,six,,,,,,,,,,,,61,7,54,48,3,0.04918032786885246,1.0,0.6365141682948128,1.0,5000,24
16560,0,six,,,,,,,,,,,,61,29,39,32,11,0.18032786885245902,0.2731629265637304,2.205648932314944,1.0,1200,5
95418,0,six,,,,,,,,,,,,61,8,53,48,4,0.06557377049180328,0.5,0.9743147528693494,1.0,5000,24
39684,0,six,,,,,,,,,,,,61,43,37,30,13,0.21311475409836064,0.161475668877205,2.390688037721527,1.0,4600,22
191082,0,six,,,,,,,,,,,,61,2,59,57,2,0.03278688524590164,2.0,-0.0,1.0,5000,24
58914,0,six,,,,,,,,,,,,61,34,38,34,14,0.22950819672131148,0.023833246048103305,2.4142117955874216,1.0,4600,22
81618,0,six,,,,,,,,,,,,61,15,48,41,4,0.06557377049180328,0.5,0.9743147528693494,1.0,5000,24
102414,0,six,,,,,,,,,,,,61,9,53,48,4,0.06557377049180328,0.771286446121831,1.047755105464942,1.0,5000,24
141636,0,six,,,,,,,,,,,,61,7,55,50,3,0.04918032786885246,1.5,0.6931471805599453,1.0,5000,24
62790,0,six,,,,,,,,,,,,61,32,40,33,14,0.22950819672131148,0.1761491401775942,2.4517726668981434,1.0,5000,24
112230,0,six,,,,,,,,,,,,61,12,50,46,5,0.08196721311475409,0.42264973081037427,1.261202862571566,1.0,5000,24
15462,0,six,,,,,,,,,,,,61,38,38,32,18,0.29508196721311475,0.09492698613880521,2.7145109170313813,1.0,1600,7
36600,0,six,,,,,,,,,,,,61,19,45,40,11,0.18032786885245902,0.0781426636639361,2.1232495420892605,1.0,2200,10
37470,0,six,,,,,,,,,,,,61,31,39,33,13,0.21311475409836064,0.05981787890081242,2.3526480993065144,1.0,3000,14
82038,1,six,,,,,,,,,,,,61,20,46,40,7,0.11475409836065574,0.38019614862184037,1.7082951982194963,1.0,5000,24
198774,0,six,,,,,,,,,,,,61,3,58,55,2,0.03278688524590164,2.0,-0.0,1.0,5000,24
161784,0,six,,,,,,,,,,,,61,5,56,52,3,0.04918032786885246,1.0,0.6365141682948128,1.0,5000,24
6498,0,six,,,,,,,,,,,,61,42,38,33,15,0.2459016393442623,0.12806429501579009,2.497416389763561,1.0,600,2
60126,0,six,,,,,,,,,,,,61,29,42,35,8,0.13114754098360656,0.38159849896325554,1.8759273598186925,1.0,5000,24
128448,0,six,,,,,,,,,,,,61,7,54,49,3,0.04918032786885246,1.0,0.6365141682948128,1.0,5000,24
64884,0,six,,,,,,,,,,,,61,23,43,35,10,0.16393442622950818,0.2109509579488351,2.0729225156301614,1.0,4400,21
180402,0,six,,,,,,,,,,,,61,2,59,57,2,0.03278688524590164,2.0,-0.0,1.0,5000,24
163536,0,six,,,,,,,,,,,,61,4,57,54,3,0.04918032786885246,1.0,0.6365141682948128,1.0,5000,24
173376,0,six,,,,,,,,,,,,61,2,59,57,2,0.03278688524590164,2.0,-0.0,1.0,5000,24
10176,0,six,,,,,,,,,,,,61,22,46,42,11,0.18032786885245902,0.0739772073146384,2.132289442396069,1.0,600,2
146694,0,six,,,,,,,,,,,,61,4,57,53,2,0.03278688524590164,2.0,-0.0,1.0,5000,24
11268,0,six,,,,,,,,,,,,61,36,39,34,17,0.2786885245901639,0.10920210575331638,2.62184633018476,1.0,1200,5
153252,0,six,,,,,,,,,,,,61,5,56,53,4,0.06557377049180328,1.0,1.0397207708399179,1.0,5000,24
139524,0,six,,,,,,,,,,,,61,7,54,49,3,0.04918032786885246,1.0,0.6365141682948128,1.0,5000,24
7212,1,six,,,,,,,,,,,,61,30,41,35,10,0.16393442622950818,0.12222142156078145,2.0520155115640524,1.0,600,2
126042,0,six,,,,,,,,,,,,61,4,57,53,2,0.03278688524590164,2.0,-0.0,1.0,5000,24
185418,0,six,,,,,,,,,,,,61,1,60,59,2,0.03278688524590164,2.0,-0.0,1.0,5000,24
172602,0,six,,,,,,,,,,,,61,3,58,55,2,0.03278688524590164,2.0,-0.0,1.0,5000,24
18498,0,six,,,,,,,,,,,,61,27,43,37,13,0.21311475409836064,0.1238073773920747,2.3694733392830396,1.0,1600,7
125952,0,six,,,,,,,,,,,,61,6,55,50,3,0.04918032786885246,1.0,0.6365141682948128,1.0,5000,24
123678,0,six,,,,,,,,,,,,61,9,53,48,3,0.04918032786885246,1.5,0.6931471805599453,1.0,5000,24
153660,0,six,,,,,,,,,,,,61,3,58,55,2,0.03278688524590164,2.0,-0.0,1.0,5000,24
117876,0,six,,,,,,,,,,,,61,5,56,51,2,0.03278688524590164,2.0,-0.0,1.0,5000,24
49848,0,six,,,,,,,,,,,,61,37,36,27,9,0.14754098360655737,0.35010839695995905,2.0102006589767045,1.0,5000,24
149826,0,six,,,,,,,,,,,,61,6,55,50,3,0.04918032786885246,1.0,0.6365141682948128,1.0,5000,24
22818,0,six,,,,,,,,,,,,61,43,34,26,18,0.29508196721311475,0.09239121380351051,2.680852958969578,1.0,2200,10
43698,0,six,,,,,,,,,,,,61,16,47,42,11,0.18032786885245902,0.10854730959964456,2.1427414115642276,1.0,2400,11
191682,0,six,,,,,,,,,,,,61,0,61,61,1,0.01639344262295082,0.0,0.0,1.0,5000,24
47184,0,six,,,,,,,,,,,,61,21,45,40,12,0.19672131147540983,0.11088349680822882,2.2536541005646997,1.0,2800,13
38424,0,six,,,,,,,,,,,,61,23,42,35,10,0.16393442622950818,0.20185959980526383,2.051015746754851,1.0,2600,12
68976,0,six,,,,,,,,,,,,61,23,44,38,8,0.13114754098360656,0.14865170983669815,1.821959681356625,1.0,5000,24
13590,0,six,,,,,,,,,,,,61,30,38,32,12,0.19672131147540983,0.1329508334543289,2.2741858296007536,1.0,1200,5
20652,0,six,,,,,,,,,,,,61,53,30,22,16,0.26229508196721313,0.10582767553457778,2.6045144062536676,1.0,2600,12
121956,0,six,,,,,,,,,,,,61,4,57,54,3,0.04918032786885246,1.0,0.6365141682948128,1.0,5000,24
85638,0,six,,,,,,,,,,,,61,16,47,37,4,0.06557377049180328,0.7712864461218313,1.0477551054649423,1.0,5000,24
38442,0,six,,,,,,,,,,,,61,30,41,36,11,0.18032786885245902,0.2807288806014904,2.1932205454047082,1.0,3000,14
181566,0,six,,,,,,,,,,,,61,3,58,55,2,0.03278688524590164,2.0,-0.0,1.0,5000,24
196830,0,six,,,,,,,,,,,,61,2,59,57,2,0.03278688524590164,2.0,-0.0,1.0,5000,24
184968,1,six,,,,,,,,,,,,61,3,58,56,3,0.04918032786885246,1.0,0.6365141682948128,1.0,5000,24
23670,1,six,,,,,,,,,,,,61,20,45,38,10,0.16393442622950818,0.10961179679779218,2.0286194043736123,1.0,1400,6
166986,0,six,,,,,,,,,,,,61,1,60,59,2,0.03278688524590164,2.0,-0.0,1.0,5000,24
87042,0,six,,,,,,,,,,,,61,11,51,45,5,0.08196721311475409,0.5657414540893348,1.3022435533711254,1.0,5000,24
87852,0,six,,,,,,,,,,,,61,11,51,44,5,0.08196721311475409,0.5657414540893354,1.3022435533711254,1.0,5000,24
130086,0,six,,,,,,,,,,,,61,5,56,51,2,0.03278688524590164,2.0,-0.0,1.0,5000,24
64266,0,six,,,,,,,,,,,,61,17,46,41,10,0.16393442622950818,0.18529975914456667,2.016318796503634,1.0,3600,17
151194,0,six,,,,,,,,,,,,61,4,57,53,2,0.03278688524590164,2.0,-0.0,1.0,5000,24
95550,0,six,,,,,,,,,,,,61,12,50,44,3,0.04918032786885246,1.0,0.6365141682948128,1.0,5000,24
185940,0,six,,,,,,,,,,,,61,0,61,61,1,0.01639344262295082,0.0,0.0,1.0,5000,24
71454,0,six,,,,,,,,,,,,61,19,45,37,6,0.09836065573770492,0.647920271060385,1.547015797672254,1.0,5000,24
82488,0,six,,,,,,,,,,,,61,21,46,40,7,0.11475409836065574,0.5283663859378667,1.723399594306553,1.0,5000,24
84612,0,six,,,,,,,,,,,,61,16,47,40,9,0.14754098360655737,0.16770228370241927,1.9314470934916574,1.0,5000,24
63186,0,six,,,,,,,,,,,,61,24,42,32,7,0.11475409836065574,0.1909830056250525,1.660387825290723,1.0,5000,24
179604,0,six,,,,,,,,,,,,61,3,58,56,3,0.04918032786885246,1.0,0.6365141682948128,1.0,5000,24
6198,1,six,,,,,,,,,,,,61,43,35,30,13,0.21311475409836064,0.16355741703753668,2.3629683427386388,1.0,600,2
77160,0,six,,,,,,,,,,,,61,18,45,38,7,0.11475409836065574,0.2928932188134528,1.6529143280619811,1.0,5000,24
29304,0,six,,,,,,,,,,,,61,18,46,42,10,0.16393442622950818,0.1668196063274397,2.0423092610328126,1.0,1600,7
27942,1,six,,,,,,,,,,,,61,23,44,38,10,0.16393442622950818,0.14579555176880946,2.05175131464944,1.0,1800,8
48606,0,six,,,,,,,,,,,,61,20,44,38,10,0.16393442622950818,0.07196634995638254,2.00404027060272,1.0,3000,14
37656,0,six,,,,,,,,,,,,61,47,33,26,15,0.2459016393442623,0.17924601843615018,2.515404091566336,1.0,4200,20
104814,0,six,,,,,,,,,,,,61,11,51,45,5,0.08196721311475409,0.5657414540893351,1.3022435533711252,1.0,5000,24
93198,0,six,,,,,,,,,,,,61,17,47,38,4,0.06557377049180328,0.7712864461218314,1.0477551054649423,1.0,5000,24
84498,0,six,,,,,,,,,,,,61,17,48,42,7,0.11475409836065574,0.18569168080728737,1.6379825128050238,1.0,5000,24
109680,0,six,,,,,,,,,,,,61,15,48,43,5,0.08196721311475409,0.6909830056250527,1.3244102569320975,1.0,5000,24
89112,0,six,,,,,,,,,,,,61,11,51,45,3,0.04918032786885246,1.0,0.6365141682948128,1.0,5000,24
196206,0,six,,,,,,,,,,,,61,2,59,57,2,0.03278688524590164,2.0,-0.0,1.0,5000,24
146052,0,six,,,,,,,,,,,,61,2,59,58,3,0.04918032786885246,1.0,0.6365141682948128,1.0,5000,24
176178,0,six,,,,,,,,,,,,61,4,57,53,2,0.03278688524590164,2.0,-0.0,1.0,5000,24
159192,1,six,,,,,,,,,,,,61,4,57,53,2,0.03278688524590164,2.0,-0.0,1.0,5000,24
98478,0,six,,,,,,,,,,,,61,6,55,49,2,0.03278688524590164,2.0,-0.0,1.0,5000,24
177696,0,six,,,,,,,,,,,,61,2,59,57,2,0.03278688524590164,2.0,-0.0,1.0,5000,24
198864,0,six,,,,,,,,,,,,61,2,59,58,3,0.04918032786885246,1.0,0.6365141682948128,1.0,5000,24
43158,0,six,,,,,,,,,,,,61,38,36,30,10,0.16393442622950818,0.2788936432779844,2.0971168418123707,1.0,3400,16
12360,0,six,,,,,,,,,,,,61,32,39,32,16,0.26229508196721313,0.09120165549477695,2.5742194594280434,1.0,1000,4
145206,0,six,,,,,,,,,,,,61,6,55,49,2,0.03278688524590164,2.0,-0.0,1.0,5000,24
94428,0,six,,,,,,,,,,,,61,13,50,42,3,0.04918032786885246,1.5,0.6931471805599453,1.0,5000,24
157680,0,six,,,,,,,,,,,,61,1,60,59,2,0.03278688524590164,2.0,-0.0,1.0,5000,24
194454,0,six,,,,,,,,,,,,61,0,61,61,1,0.01639344262295082,0.0,0.0,1.0,5000,24
32922,0,six,,,,,,,,,,,,61,24,43,37,10,0.16393442622950818,0.17417225383292537,2.0469941319667915,1.0,2600,12
166260,0,six,,,,,,,,,,,,61,3,58,55,2,0.03278688524590164,2.0,-0.0,1.0,5000,24
183576,0,six,,,,,,,,,,,,61,3,58,56,3,0.04918032786885246,1.0,0.6365141682948128,1.0,5000,24
44172,0,six,,,,,,,,,,,,61,23,43,38,15,0.2459016393442623,0.09058987208893987,2.4723848599338516,1.0,2600,12
129390,0,six,,,,,,,,,,,,61,5,56,52,3,0.04918032786885246,1.0,0.6365141682948128,1.0,5000,24
98508,0,six,,,,,,,,,,,,61,7,55,50,3,0.04918032786885246,1.5,0.6931471805599453,1.0,5000,24
175188,0,six,,,,,,,,,,,,61,4,57,54,3,0.04918032786885246,1.0,0.6365141682948128,1.0,5000,24
119940,0,six,,,,,,,,,,,,61,8,53,47,3,0.04918032786885246,1.0,0.6365141682948128,1.0,5000,24
167484,0,six,,,,,,,,,,,,61,3,58,55,2,0.03278688524590164,2.0,-0.0,1.0,5000,24
49512,0,six,,,,,,,,,,,,61,25,44,37,10,0.16393442622950818,0.20224610628466005,2.0870327672272566,1.0,4000,19
67836,0,six,,,,,,,,,,,,61,25,40,32,11,0.18032786885245902,0.29289321881345276,2.177161116733548,1.0,5000,24
86220,0,six,,,,,,,,,,,,61,12,50,42,4,0.06557377049180328,0.7712864461218307,1.047755105464942,1.0,5000,24
151842,0,six,,,,,,,,,,,,61,2,59,57,2,0.03278688524590164,2.0,-0.0,1.0,5000,24
103626,0,six,,,,,,,,,,,,61,9,52,44,3,0.04918032786885246,1.0,0.6365141682948128,1.0,5000,24
69720,0,six,,,,,,,,,,,,61,27,40,33,7,0.11475409836065574,0.2144990055083379,1.676231440409727,1.0,5000,24
2712,1,six,,,,,,,,,,,,61,75,29,27,31,0.5081967213114754,0.05956958690027728,3.27941358457584,1.0,400,1
109152,0,six,,,,,,,,,,,,61,14,48,40,6,0.09836065573770492,0.26259518318365765,1.480616415302653,1.0,5000,24
9852,0,six,,,,,,,,,,,,61,33,39,35,18,0.29508196721311475,0.08860577158268629,2.6802391868868867,1.0,800,3
188988,0,six,,,,,,,,,,,,61,1,60,59,2,0.03278688524590164,2.0,-0.0,1.0,5000,24
131178,0,six,,,,,,,,,,,,61,5,56,52,3,0.04918032786885246,1.0,0.6365141682948128,1.0,5000,24
79794,0,six,,,,,,,,,,,,61,16,47,41,7,0.11475409836065574,0.1531651442250783,1.610128704116274,1.0,5000,24
119346,0,six,,,,,,,,,,,,61,7,54,50,5,0.08196721311475409,0.4226497308103742,1.2612028625715659,1.0,5000,24
11574,0,six,,,,,,,,,,,,61,28,42,37,10,0.16393442622950818,0.19769602587649146,2.0563429374043447,1.0,1000,4
156894,0,six,,,,,,,,,,,,61,5,56,53,4,0.06557377049180328,0.5,0.9743147528693494,1.0,5000,24
144834,0,six,,,,,,,,,,,,61,5,56,52,3,0.04918032786885246,1.0,0.6365141682948128,1.0,5000,24
85200,1,six,,,,,,,,,,,,61,14,48,38,3,0.04918032786885246,1.0,0.6365141682948128,1.0,5000,24
98988,0,six,,,,,,,,,,,,61,7,55,52,5,0.08196721311475409,0.6909830056250527,1.3244102569320977,1.0,5000,24
91128,1,six,,,,,,,,,,,,61,12,51,45,5,0.08196721311475409,0.34594266799662515,1.2639167128155817,1.0,5000,24
36798,0,six,,,,,,,,,,,,61,30,40,35,10,0.16393442622950818,0.17403020513732503,2.0917468686007585,1.0,3000,14
80742,0,six,,,,,,,,,,,,61,19,48,42,8,0.13114754098360656,0.29178148835179757,1.8630387555778116,1.0,5000,24
99318,0,six,,,,,,,,,,,,61,11,51,44,3,0.04918032786885246,1.5,0.6931471805599453,1.0,5000,24
2814,0,six,,,,,,,,,,,,61,23,43,39,10,0.16393442622950818,0.17446599686930536,2.0409448549977425,1.0,200,0
7020,0,six,,,,,,,,,,,,61,19,46,40,10,0.16393442622950818,0.2109290675239402,2.0510057593568605,1.0,400,1
60018,0,six,,,,,,,,,,,,61,26,43,38,10,0.16393442622950818,0.08883367772128077,2.029411287259254,1.0,4800,23
52932,0,six,,,,,,,,,,,,61,10,51,49,10,0.16393442622950818,0.12314189233792136,1.9690194406787047,1.0,2600,12
129642,1,six,,,,,,,,,,,,61,4,57,53,2,0.03278688524590164,2.0,-0.0,1.0,5000,24
84342,0,six,,,,,,,,,,,,61,16,47,43,12,0.19672131147540983,0.09513851406937873,2.202012473856656,1.0,4600,22
51006,0,six,,,,,,,,,,,,61,39,37,28,11,0.18032786885245902,0.13837252097337432,2.209291007203106,1.0,4800,23
112902,0,six,,,,,,,,,,,,61,9,53,46,3,0.04918032786885246,1.5,0.6931471805599453,1.0,5000,24
11916,0,six,,,,,,,,,,,,61,29,39,32,10,0.16393442622950818,0.1881936998027687,2.0673734996835784,1.0,1000,4
83136,0,six,,,,,,,,,,,,61,19,48,39,4,0.06557377049180328,1.3333333333333335,1.0986122886681096,1.0,5000,24
169098,0,six,,,,,,,,,,,,61,5,56,51,2,0.03278688524590164,2.0,-0.0,1.0,5000,24
155172,0,six,,,,,,,,,,,,61,5,56,52,3,0.04918032786885246,1.0,0.6365141682948128,1.0,5000,24
158406,0,six,,,,,,,,,,,,61,2,59,57,2,0.03278688524590164,2.0,-0.0,1.0,5000,24
173592,0,six,,,,,,,,,,,,61,2,59,57,2,0.03278688524590164,2.0,-0.0,1.0,5000,24
110604,0,six,,,,,,,,,,,,61,10,52,48,5,0.08196721311475409,0.6909830056250527,1.3244102569320975,1.0,5000,24
197934,0,six,,,,,,,,,,,,61,3,58,55,2,0.03278688524590164,2.0,-0.0,1.0,5000,24
111582,0,six,,,,,,,,,,,,61,7,54,49,3,0.04918032786885246,1.0,0.6365141682948128,1.0,5000,24
29268,0,six,,,,,,,,,,,,61,36,38,32,12,0.19672131147540983,0.12458977800884377,2.2416543792897086,1.0,2800,13
188190,0,six,,,,,,,,,,,,61,3,58,55,2,0.03278688524590164,2.0,-0.0,1.0,5000,24
190260,0,six,,,,,,,,,,,,61,3,58,56,3,0.04918032786885246,1.0,0.6365141682948128,1.0,5000,24
62904,0,six,,,,,,,,,,,,61,34,39,34,7,0.11475409836065574,0.3350638887822672,1.6733191710652418,1.0,5000,24
166452,0,six,,,,,,,,,,,,61,2,59,57,2,0.03278688524590164,2.0,-0.0,1.0,5000,24
19194,0,six,,,,,,,,,,,,61,45,32,26,18,0.29508196721311475,0.08038338646295767,2.675174156231478,1.0,2200,10
39180,0,six,,,,,,,,,,,,61,22,45,39,11,0.18032786885245902,0.0823460596353326,2.1706454746508563,1.0,2400,11
47400,0,six,,,,,,,,,,,,61,30,40,34,10,0.16393442622950818,0.1568283849320913,2.0734869355877446,1.0,3800,18
105252,1,six,,,,,,,,,,,,61,11,50,44,4,0.06557377049180328,1.0,1.0397207708399179,1.0,5000,24
124266,0,six,,,,,,,,,,,,61,7,55,51,4,0.06557377049180328,0.7712864461218313,1.0477551054649423,1.0,5000,24
162804,0,six,,,,,,,,,,,,61,4,57,53,2,0.03278688524590164,2.0,-0.0,1.0,5000,24
154800,0,six,,,,,,,,,,,,61,6,55,51,3,0.04918032786885246,1.0,0.6365141682948128,1.0,5000,24
188004,0,six,,,,,,,,,,,,61,1,60,59,2,0.03278688524590164,2.0,-0.0,1.0,5000,24
36966,0,six,,,,,,,,,,,,61,30,39,31,10,0.16393442622950818,0.11694369007009835,2.0638136066027446,1.0,3000,14
153774,0,six,,,,,,,,,,,,61,2,59,57,2,0.03278688524590164,2.0,-0.0,1.0,5000,24
48162,0,six,,,,,,,,,,,,61,23,41,35,12,0.19672131147540983,0.0959187535436124,2.2287085688470794,1.0,3600,17
169950,0,six,,,,,,,,,,,,61,4,57,54,3,0.04918032786885246,1.0,0.6365141682948128,1.0,5000,24
90906,0,six,,,,,,,,,,,,61,13,51,45,6,0.09836065573770492,0.6096117967977924,1.5488371687775786,1.0,5000,24
3384,0,six,,,,,,,,,,,,61,48,33,28,24,0.39344262295081966,0.05584995741751965,2.985449150282506,1.0,400,1
180942,0,six,,,,,,,,,,,,61,2,59,57,2,0.03278688524590164,2.0,-0.0,1.0,5000,24
61668,0,six,,,,,,,,,,,,61,30,39,33,14,0.22950819672131148,0.15800894231894264,2.448952937053413,1.0,4800,23
6144,0,six,,,,,,,,,,,,61,33,41,36,11,0.18032786885245902,0.22457467962934652,2.2111695140597893,1.0,600,2
140478,0,six,,,,,,,,,,,,61,6,55,50,3,0.04918032786885246,1.0,0.6365141682948128,1.0,5000,24
63474,0,six,,,,,,,,,,,,61,26,42,34,7,0.11475409836065574,0.3621006407794442,1.708370931554461,1.0,5000,24
106626,0,six,,,,,,,,,,,,61,13,49,43,4,0.06557377049180328,0.4999999999999998,0.9743147528693494,1.0,5000,24
57312,0,six,,,,,,,,,,,,61,28,42,36,7,0.11475409836065574,0.5862980421956113,1.738543538212706,1.0,5000,24
152790,0,six,,,,,,,,,,,,61,3,58,55,2,0.03278688524590164,2.0,-0.0,1.0,5000,24
63582,0,six,,,,,,,,,,,,61,21,43,39,11,0.18032786885245902,0.1131764447162208,2.1169361886286113,1.0,4400,21
123198,0,six,,,,,,,,,,,,61,9,53,50,7,0.11475409836065574,0.185691680807288,1.6379825128050243,1.0,5000,24
127326,0,six,,,,,,,,,,,,61,4,57,53,2,0.03278688524590164,2.0,-0.0,1.0,5000,24
124842,0,six,,,,,,,,,,,,61,5,56,52,3,0.04918032786885246,1.0,0.6365141682948128,1.0,5000,24
169560,0,six,,,,,,,,,,,,61,3,58,55,2,0.03278688524590164,2.0,-0.0,1.0,5000,24
15930,0,six,,,,,,,,,,,,61,27,40,35,12,0.19672131147540983,0.07815816084342396,2.2523016491971712,1.0,1200,5
139782,0,six,,,,,,,,,,,,61,4,57,54,3,0.04918032786885246,1.0,0.6365141682948128,1.0,5000,24
96960,0,six,,,,,,,,,,,,61,10,51,44,4,0.06557377049180328,0.5,0.9743147528693494,1.0,5000,24
180528,0,six,,,,,,,,,,,,61,1,60,59,2,0.03278688524590164,2.0,-0.0,1.0,5000,24
11028,0,six,,,,,,,,,,,,61,36,38,32,11,0.18032786885245902,0.28840295743299926,2.2251212105508498,1.0,1000,4
136920,0,six,,,,,,,,,,,,61,4,57,53,2,0.03278688524590164,2.0,-0.0,1.0,5000,24
154716,0,six,,,,,,,,,,,,61,1,60,59,2,0.03278688524590164,2.0,-0.0,1.0,5000,24
196266,0,six,,,,,,,,,,,,61,3,58,56,3,0.04918032786885246,1.0,0.6365141682948128,1.0,5000,24
54432,0,six,,,,,,,,,,,,61,21,43,36,10,0.16393442622950818,0.06251160284427155,1.9986142112303695,1.0,3800,18
147588,0,six,,,,,,,,,,,,61,5,56,53,3,0.04918032786885246,1.0,0.6365141682948128,1.0,5000,24
117954,0,six,,,,,,,,,,,,61,5,57,54,3,0.04918032786885246,1.5,0.6931471805599453,1.0,5000,24
52530,0,six,,,,,,,,,,,,61,37,36,31,17,0.2786885245901639,0.0522086723202686,2.6038053389143956,1.0,4800,23
196686,0,six,,,,,,,,,,,,61,1,60,59,2,0.03278688524590164,2.0,-0.0,1.0,5000,24
178020,0,six,,,,,,,,,,,,61,3,58,55,2,0.03278688524590164,2.0,-0.0,1.0,5000,24
4896,0,six,,,,,,,,,,,,61,45,32,25,13,0.21311475409836064,0.044650913483092476,2.315555429531343,1.0,600,2
183858,0,six,,,,,,,,,,,,61,2,59,58,3,0.04918032786885246,1.0,0.6365141682948128,1.0,5000,24
145056,0,six,,,,,,,,,,,,61,4,57,54,3,0.04918032786885246,1.0,0.6365141682948128,1.0,5000,24
91248,0,six,,,,,,,,,,,,61,17,48,43,6,0.09836065573770492,0.19604355854258465,1.452082113310018,1.0,5000,24
161520,0,six,,,,,,,,,,,,61,4,57,54,3,0.04918032786885246,1.0,0.6365141682948128,1.0,5000,24
186030,0,six,,,,,,,,,,,,61,2,59,57,2,0.03278688524590164,2.0,-0.0,1.0,5000,24
89154,0,six,,,,,,,,,,,,61,13,49,43,5,0.08196721311475409,0.5657414540893354,1.3022435533711254,1.0,5000,24
134226,0,six,,,,,,,,,,,,61,5,56,52,3,0.04918032786885246,1.0,0.6365141682948128,1.0,5000,24
193812,1,six,,,,,,,,,,,,61,1,60,59,2,0.03278688524590164,2.0,-0.0,1.0,5000,24
116700,0,six,,,,,,,,,,,,61,8,54,50,4,0.06557377049180328,0.7712864461218314,1.0477551054649423,1.0,5000,24
90402,1,six,,,,,,,,,,,,61,12,50,41,3,0.04918032786885246,1.0,0.6365141682948128,1.0,5000,24
163866,0,six,,,,,,,,,,,,61,4,57,54,3,0.04918032786885246,1.0,0.6365141682948128,1.0,5000,24
126198,0,six,,,,,,,,,,,,61,4,57,54,3,0.04918032786885246,1.0,0.6365141682948128,1.0,5000,24
38844,0,six,,,,,,,,,,,,61,41,34,28,12,0.19672131147540983,0.12131622717026741,2.283418093635075,1.0,4000,19
59472,1,six,,,,,,,,,,,,61,28,41,37,14,0.22950819672131148,0.14217363313407494,2.411591506292571,1.0,4600,22
73536,0,six,,,,,,,,,,,,61,19,46,42,10,0.16393442622950818,0.22504664603659014,2.0401114158460008,1.0,4400,21
18714,0,six,,,,,,,,,,,,61,19,45,40,12,0.19672131147540983,0.11175062309290104,2.236518055258579,1.0,1400,6
48858,1,six,,,,,,,,,,,,61,38,37,32,11,0.18032786885245902,0.2284148067249728,2.1995602023936547,1.0,4600,22
152682,0,six,,,,,,,,,,,,61,4,57,53,2,0.03278688524590164,2.0,-0.0,1.0,5000,24
49728,0,six,,,,,,,,,,,,61,27,42,38,14,0.22950819672131148,0.10087528398057982,2.421896763459849,1.0,4000,19
146202,0,six,,,,,,,,,,,,61,5,56,52,3,0.04918032786885246,1.0,0.6365141682948128,1.0,5000,24
25740,0,six,,,,,,,,,,,,61,37,39,33,13,0.21311475409836064,0.16017180724710883,2.3923804431327507,1.0,2400,11
79314,0,six,,,,,,,,,,,,61,26,42,34,8,0.13114754098360656,0.3722186162627945,1.8600730445502438,1.0,5000,24
85080,0,six,,,,,,,,,,,,61,15,49,44,9,0.14754098360655737,0.15622893199425109,1.9287547401334304,1.0,5000,24
966,0,six,,,,,,,,,,,,61,124,23,20,37,0.6065573770491803,0.11177322508857883,3.4976119764711777,1.0,200,0
38124,0,six,,,,,,,,,,,,61,40,34,28,14,0.22950819672131148,0.10697361599781534,2.4359409204109426,1.0,4400,21
133050,0,six,,,,,,,,,,,,61,4,57,54,3,0.04918032786885246,1.0,0.6365141682948128,1.0,5000,24
103080,0,six,,,,,,,,,,,,61,10,53,49,4,0.06557377049180328,0.7712864461218307,1.047755105464942,1.0,5000,24
98424,0,six,,,,,,,,,,,,61,8,54,51,6,0.09836065573770492,0.5657414540893351,1.4996315345593625,1.0,5000,24
109392,0,six,,,,,,,,,,,,61,9,53,47,4,0.06557377049180328,0.7712864461218307,1.047755105464942,1.0,5000,24
122622,0,six,,,,,,,,,,,,61,7,54,49,4,0.06557377049180328,0.5,0.9743147528693494,1.0,5000,24
136848,0,six,,,,,,,,,,,,61,3,58,55,2,0.03278688524590164,2.0,-0.0,1.0,5000,24
124374,0,six,,,,,,,,,,,,61,8,53,45,2,0.03278688524590164,2.0,-0.0,1.0,5000,24
154536,0,six,,,,,,,,,,,,61,2,59,57,2,0.03278688524590164,2.0,-0.0,1.0,5000,24
8940,0,six,,,,,,,,,,,,61,43,35,30,19,0.3114754098360656,0.0837907675721356,2.7398166109543096,1.0,1000,4
48114,0,six,,,,,,,,,,,,61,18,47,43,11,0.18032786885245902,0.24835460675338444,2.1754479623929726,1.0,3200,15
172812,0,six,,,,,,,,,,,,61,3,58,55,2,0.03278688524590164,2.0,-0.0,1.0,5000,24
173628,0,six,,,,,,,,,,,,61,2,59,57,2,0.03278688524590164,2.0,-0.0,1.0,5000,24
124584,0,six,,,,,,,,,,,,61,9,53,49,4,0.06557377049180328,1.0,1.0397207708399179,1.0,5000,24
93186,0,six,,,,,,,,,,,,61,15,49,41,4,0.06557377049180328,1.3333333333333335,1.0986122886681096,1.0,5000,24
100830,0,six,,,,,,,,,,,,61,11,52,45,3,0.04918032786885246,1.5,0.6931471805599453,1.0,5000,24
39612,0,six,,,,,,,,,,,,61,19,45,39,11,0.18032786885245902,0.12986890567381715,2.163747700500198,1.0,2800,13
114522,0,six,,,,,,,,,,,,61,13,50,45,6,0.09836065573770492,0.48677175000722606,1.5198881970588443,1.0,5000,24
24432,0,six,,,,,,,,,,,,61,30,40,31,12,0.19672131147540983,0.2267575377217479,2.297240662116582,1.0,2400,11
197274,0,six,,,,,,,,,,,,61,1,60,59,2,0.03278688524590164,2.0,-0.0,1.0,5000,24
51108,0,six,,,,,,,,,,,,61,31,39,36,16,0.26229508196721313,0.03864656218993084,2.524776528531741,1.0,4000,19
55938,0,six,,,,,,,,,,,,61,19,46,41,12,0.19672131147540983,0.10142361152864807,2.2110934727081495,1.0,3400,16
77940,0,six,,,,,,,,,,,,61,21,45,38,8,0.13114754098360656,0.14835914137156342,1.7805295797972285,1.0,5000,24
105936,0,six,,,,,,,,,,,,61,9,53,46,3,0.04918032786885246,1.5,0.6931471805599453,1.0,5000,24
83478,0,six,,,,,,,,,,,,61,20,47,38,5,0.08196721311475409,0.725708114822568,1.3498943414398357,1.0,5000,24
100866,0,six,,,,,,,,,,,,61,3,58,55,2,0.03278688524590164,2.0,-0.0,1.0,5000,24
141462,0,six,,,,,,,,,,,,61,7,55,51,4,0.06557377049180328,0.7712864461218314,1.0477551054649423,1.0,5000,24
19056,0,six,,,,,,,,,,,,61,49,37,31,13,0.21311475409836064,0.17485401428426192,2.3913923530357946,1.0,2200,10
31812,0,six,,,,,,,,,,,,61,30,41,35,13,0.21311475409836064,0.09554640840181215,2.3551135586693395,1.0,2600,12
56094,0,six,,,,,,,,,,,,61,26,40,32,6,0.09836065573770492,0.6479202710603851,1.547015797672254,1.0,5000,24
92244,0,six,,,,,,,,,,,,61,9,53,49,4,0.06557377049180328,1.0,1.0397207708399179,1.0,5000,24
18060,1,six,,,,,,,,,,,,61,39,36,30,14,0.22950819672131148,0.05918514483903721,2.407835985660081,1.0,1800,8
55314,0,six,,,,,,,,,,,,61,22,45,38,10,0.16393442622950818,0.19038680704683453,2.0975845276390364,1.0,3800,18
8250,0,six,,,,,,,,,,,,61,33,39,35,12,0.19672131147540983,0.060624410521665555,2.2423941072411595,1.0,800,3
14586,0,six,,,,,,,,,,,,61,32,40,32,13,0.21311475409836064,0.10407975633922026,2.347231542253659,1.0,1200,5
57120,0,six,,,,,,,,,,,,61,26,41,36,12,0.19672131147540983,0.15916761084562028,2.2642387149063636,1.0,4400,21
149148,0,six,,,,,,,,,,,,61,5,56,51,2,0.03278688524590164,2.0,-0.0,1.0,5000,24
167382,0,six,,,,,,,,,,,,61,3,58,55,2,0.03278688524590164,2.0,-0.0,1.0,5000,24
165996,0,six,,,,,,,,,,,,61,5,56,51,2,0.03278688524590164,2.0,-0.0,1.0,5000,24
10206,0,six,,,,,,,,,,,,61,47,32,27,17,0.2786885245901639,0.0484127936040916,2.6252988120960223,1.0,1000,4
68610,0,six,,,,,,,,,,,,61,22,43,39,12,0.19672131147540983,0.059437259566586464,2.229863167267457,1.0,4600,22
61230,0,six,,,,,,,,,,,,61,21,45,40,10,0.16393442622950818,0.06446656775132364,2.0272594293910777,1.0,3800,18
57246,0,six,,,,,,,,,,,,61,32,38,34,17,0.2786885245901639,0.051097604480412194,2.5810838834152223,1.0,4800,23
193950,0,six,,,,,,,,,,,,61,4,57,54,3,0.04918032786885246,1.0,0.6365141682948128,1.0,5000,24
41700,0,six,,,,,,,,,,,,61,30,41,33,10,0.16393442622950818,0.1864518978897742,2.0546406239217454,1.0,3400,16
140670,0,six,,,,,,,,,,,,61,3,58,55,2,0.03278688524590164,2.0,-0.0,1.0,5000,24
29952,0,six,,,,,,,,,,,,61,44,33,27,12,0.19672131147540983,0.13064258974691342,2.256748733081155,1.0,2800,13
61836,0,six,,,,,,,,,,,,61,23,43,37,12,0.19672131147540983,0.27495985446241994,2.2670722539102686,1.0,4200,20
9330,0,six,,,,,,,,,,,,61,30,40,36,13,0.21311475409836064,0.08495041104478451,2.309241147245996,1.0,800,3
28770,0,six,,,,,,,,,,,,61,23,44,37,10,0.16393442622950818,0.13766239241249514,2.0632939246745123,1.0,2000,9
139842,0,six,,,,,,,,,,,,61,6,55,51,3,0.04918032786885246,1.0,0.6365141682948128,1.0,5000,24
52476,0,six,,,,,,,,,,,,61,40,36,30,15,0.2459016393442623,0.18112492544870346,2.5387074617032765,1.0,4800,23
142404,0,six,,,,,,,,,,,,61,5,56,51,2,0.03278688524590164,2.0,-0.0,1.0,5000,24
135018,1,six,,,,,,,,,,,,61,5,56,53,4,0.06557377049180328,0.5,0.9743147528693494,1.0,5000,24
83820,0,six,,,,,,,,,,,,61,26,40,34,9,0.14754098360655737,0.16598198747594298,1.900034306532765,1.0,5000,24
116328,0,six,,,,,,,,,,,,61,9,53,48,4,0.06557377049180328,0.7712864461218307,1.047755105464942,1.0,5000,24
77514,0,six,,,,,,,,,,,,61,21,46,42,9,0.14754098360655737,0.2880030253268761,1.9685748958135727,1.0,5000,24
130878,0,six,,,,,,,,,,,,61,8,54,50,5,0.08196721311475409,0.5657414540893354,1.3022435533711254,1.0,5000,24
160068,0,six,,,,,,,,,,,,61,2,59,57,2,0.03278688524590164,2.0,-0.0,1.0,5000,24
28326,0,six,,,,,,,,,,,,61,35,38,32,10,0.16393442622950818,0.23982512230594122,2.061197854496628,1.0,2600,12
130890,0,six,,,,,,,,,,,,61,5,56,53,3,0.04918032786885246,1.0,0.6365141682948128,1.0,5000,24
64410,0,six,,,,,,,,,,,,61,23,42,35,9,0.14754098360655737,0.16132951224471243,1.940525659385086,1.0,5000,24
99324,0,six,,,,,,,,,,,,61,12,51,45,5,0.08196721311475409,0.5000000000000006,1.3138340331927472,1.0,5000,24
186318,0,six,,,,,,,,,,,,61,4,57,53,2,0.03278688524590164,2.0,-0.0,1.0,5000,24
67194,0,six,,,,,,,,,,,,61,21,47,42,10,0.16393442622950818,0.21559479342009644,2.087381058372439,1.0,4000,19
52416,0,six,,,,,,,,,,,,61,21,45,39,11,0.18032786885245902,0.14095249169268062,2.1502696874855247,1.0,3200,15
151764,0,six,,,,,,,,,,,,61,6,55,49,2,0.03278688524590164,2.0,-0.0,1.0,5000,24
10188,0,six,,,,,,,,,,,,61,31,42,36,13,0.21311475409836064,0.24405919397139733,2.3880330167705726,1.0,800,3
175236,0,six,,,,,,,,,,,,61,1,60,59,2,0.03278688524590164,2.0,-0.0,1.0,5000,24
58206,0,six,,,,,,,,,,,,61,30,38,27,6,0.09836065573770492,0.2928932188134524,1.4720659977752126,1.0,5000,24
101244,0,six,,,,,,,,,,,,61,12,50,45,5,0.08196721311475409,0.5657414540893348,1.3022435533711252,1.0,5000,24
54126,0,six,,,,,,,,,,,,61,22,46,39,10,0.16393442622950818,0.3605831528892049,2.0965103540180596,1.0,4600,22
61260,0,six,,,,,,,,,,,,61,26,43,36,11,0.18032786885245902,0.15792369391163055,2.1832327492646275,1.0,4800,23
99942,0,six,,,,,,,,,,,,61,10,52,46,5,0.08196721311475409,0.5657414540893348,1.3022435533711254,1.0,5000,24
101046,0,six,,,,,,,,,,,,61,10,52,45,3,0.04918032786885246,1.0,0.6365141682948128,1.0,5000,24
114474,0,six,,,,,,,,,,,,61,9,53,48,3,0.04918032786885246,1.0,0.6365141682948128,1.0,5000,24
1410,0,six,,,,,,,,,,,,61,58,27,25,33,0.5409836065573771,0.03977974690386676,3.307165916193693,1.0,200,0
145428,0,six,,,,,,,,,,,,61,3,58,56,3,0.04918032786885246,1.0,0.6365141682948128,1.0,5000,24
158232,1,six,,,,,,,,,,,,61,5,56,52,3,0.04918032786885246,1.0,0.6365141682948128,1.0,5000,24
80082,0,six,,,,,,,,,,,,61,17,47,41,9,0.14754098360655737,0.12222450578100716,1.9379154346294478,1.0,5000,24
148644,0,six,,,,,,,,,,,,61,8,53,51,5,0.08196721311475409,0.42264973081037427,1.261202862571566,1.0,5000,24
40164,0,six,,,,,,,,,,,,61,27,40,35,15,0.2459016393442623,0.08579373420788344,2.4404048465936814,1.0,3000,14
43368,0,six,,,,,,,,,,,,61,40,40,36,15,0.2459016393442623,0.052036717472026345,2.541933648353156,1.0,4000,19
67302,0,six,,,,,,,,,,,,61,17,48,41,7,0.11475409836065574,0.25000000000000033,1.678702219908145,1.0,5000,24
182934,0,six,,,,,,,,,,,,61,1,60,59,2,0.03278688524590164,2.0,-0.0,1.0,5000,24
197832,0,six,,,,,,,,,,,,61,1,60,59,2,0.03278688524590164,2.0,-0.0,1.0,5000,24
73152,0,six,,,,,,,,,,,,61,15,48,41,4,0.06557377049180328,0.7712864461218307,1.047755105464942,1.0,5000,24
30006,0,six,,,,,,,,,,,,61,20,43,37,11,0.18032786885245902,0.16276665213120928,2.177924496617774,1.0,2200,10
43398,1,six,,,,,,,,,,,,61,28,41,35,11,0.18032786885245902,0.11347038130804016,2.1658386953510793,1.0,3400,16
42900,1,six,,,,,,,,,,,,61,39,37,26,12,0.19672131147540983,0.18013783032956326,2.3129230900999738,1.0,4000,19
162618,0,six,,,,,,,,,,,,61,2,59,57,2,0.03278688524590164,2.0,-0.0,1.0,5000,24
60312,0,six,,,,,,,,,,,,61,24,42,34,5,0.08196721311475409,0.7257081148225679,1.3498943414398354,1.0,5000,24
18378,0,six,,,,,,,,,,,,61,29,41,36,14,0.22950819672131148,0.06430458913942484,2.4169187471526947,1.0,1600,7
177138,0,six,,,,,,,,,,,,61,3,58,55,2,0.03278688524590164,2.0,-0.0,1.0,5000,24
48120,1,six,,,,,,,,,,,,61,17,48,45,10,0.16393442622950818,0.2511156005611211,2.068673675657142,1.0,3200,15
159438,0,six,,,,,,,,,,,,61,2,59,57,2,0.03278688524590164,2.0,-0.0,1.0,5000,24
102000,1,six,,,,,,,,,,,,61,11,51,45,4,0.06557377049180328,0.4999999999999998,0.9743147528693494,1.0,5000,24
112818,0,six,,,,,,,,,,,,61,10,52,46,3,0.04918032786885246,1.5,0.6931471805599453,1.0,5000,24
52554,0,six,,,,,,,,,,,,61,45,33,30,23,0.3770491803278688,0.027682723402488542,2.8947361162507317,1.0,4800,23
89052,0,six,,,,,,,,,,,,61,17,47,40,5,0.08196721311475409,0.6909830056250527,1.3244102569320977,1.0,5000,24
69846,0,six,,,,,,,,,,,,61,23,42,34,7,0.11475409836065574,0.25113026499665464,1.6608554890550558,1.0,5000,24
39012,0,six,,,,,,,,,,,,61,39,37,30,13,0.21311475409836064,0.034496134051055276,2.3421345768614357,1.0,4000,19
168360,0,six,,,,,,,,,,,,61,2,59,57,2,0.03278688524590164,2.0,-0.0,1.0,5000,24
58428,0,six,,,,,,,,,,,,61,19,45,40,10,0.16393442622950818,0.10820251509773447,2.0016225249102457,1.0,4200,20
110010,0,six,,,,,,,,,,,,61,7,54,47,2,0.03278688524590164,2.0,-0.0,1.0,5000,24
96426,0,six,,,,,,,,,,,,61,11,52,47,5,0.08196721311475409,0.5000000000000006,1.3138340331927472,1.0,5000,24
47592,0,six,,,,,,,,,,,,61,32,39,32,12,0.19672131147540983,0.08158336660390585,2.2552033810613197,1.0,3800,18
123996,0,six,,,,,,,,,,,,61,8,53,47,4,0.06557377049180328,0.4999999999999998,0.9743147528693494,1.0,5000,24
156270,0,six,,,,,,,,,,,,61,5,56,53,4,0.06557377049180328,0.5,0.9743147528693494,1.0,5000,24
104064,0,six,,,,,,,,,,,,61,9,52,47,5,0.08196721311475409,0.4226497308103742,1.2612028625715659,1.0,5000,24
84462,0,six,,,,,,,,,,,,61,17,48,42,8,0.13114754098360656,0.24439466136696716,1.8173199964980835,1.0,5000,24
147396,0,six,,,,,,,,,,,,61,3,58,55,2,0.03278688524590164,2.0,-0.0,1.0,5000,24
154068,0,six,,,,,,,,,,,,61,1,60,59,2,0.03278688524590164,2.0,-0.0,1.0,5000,24
122310,0,six,,,,,,,,,,,,61,6,55,50,3,0.04918032786885246,1.0,0.6365141682948128,1.0,5000,24
2574,0,six,,,,,,,,,,,,61,35,38,35,22,0.36065573770491804,0.017751938330213466,2.853681960960222,1.0,200,0
115200,0,six,,,,,,,,,,,,61,9,53,47,3,0.04918032786885246,1.0,0.6365141682948128,1.0,5000,24
170886,0,six,,,,,,,,,,,,61,3,58,55,2,0.03278688524590164,2.0,-0.0,1.0,5000,24
177816,0,six,,,,,,,,,,,,61,0,61,61,1,0.01639344262295082,0.0,0.0,1.0,5000,24
165060,0,six,,,,,,,,,,,,61,2,59,57,2,0.03278688524590164,2.0,-0.0,1.0,5000,24
191376,0,six,,,,,,,,,,,,61,2,59,57,2,0.03278688524590164,2.0,-0.0,1.0,5000,24
41856,0,six,,,,,,,,,,,,61,27,43,35,11,0.18032786885245902,0.1535883915192462,2.195472239899785,1.0,3400,16
187074,0,six,,,,,,,,,,,,61,1,60,59,2,0.03278688524590164,2.0,-0.0,1.0,5000,24
187116,0,six,,,,,,,,,,,,61,2,59,57,2,0.03278688524590164,2.0,-0.0,1.0,5000,24
87072,0,six,,,,,,,,,,,,61,19,45,39,9,0.14754098360655737,0.1280969680361194,1.8689756297865603,1.0,5000,24
18618,0,six,,,,,,,,,,,,61,33,40,31,10,0.16393442622950818,0.1298174786734155,2.0731030522898943,1.0,1800,8
138246,0,six,,,,,,,,,,,,61,5,56,51,2,0.03278688524590164,2.0,-0.0,1.0,5000,24
69186,0,six,,,,,,,,,,,,61,21,45,39,6,0.09836065573770492,0.4264852943382419,1.54306966993517,1.0,5000,24
199962,0,six,,,,,,,,,,,,61,1,60,59,2,0.03278688524590164,2.0,-0.0,1.0,5000,24
75096,0,six,,,,,,,,,,,,61,18,47,39,5,0.08196721311475409,0.725708114822568,1.3498943414398354,1.0,5000,24
86550,0,six,,,,,,,,,,,,61,19,45,37,6,0.09836065573770492,0.4999999999999997,1.5317539240948435,1.0,5000,24
30798,0,six,,,,,,,,,,,,61,37,37,32,16,0.26229508196721313,0.055619643197596075,2.5577405329708003,1.0,2400,11
82560,1,six,,,,,,,,,,,,61,18,47,39,4,0.06557377049180328,0.7712864461218307,1.047755105464942,1.0,5000,24
70284,0,six,,,,,,,,,,,,61,20,46,41,8,0.13114754098360656,0.12807393173866818,1.8174928572001352,1.0,5000,24
52422,0,six,,,,,,,,,,,,61,18,46,41,10,0.16393442622950818,0.167445032616251,2.022287721221882,1.0,2800,13
69468,0,six,,,,,,,,,,,,61,21,44,36,9,0.14754098360655737,0.2928932188134523,1.9429859610323081,1.0,5000,24
2346,0,six,,,,,,,,,,,,61,83,23,17,14,0.22950819672131148,0.15187833895406527,2.490474297340355,1.0,400,1
40614,0,six,,,,,,,,,,,,61,47,32,27,15,0.2459016393442623,0.12875866909838646,2.5085944446847765,1.0,3800,18
51234,0,six,,,,,,,,,,,,61,29,39,32,12,0.19672131147540983,0.058647741070237715,2.252405340883827,1.0,4000,19
6168,0,six,,,,,,,,,,,,61,37,37,33,21,0.3442622950819672,0.08688394281746313,2.8282573770209747,1.0,600,2
23592,0,six,,,,,,,,,,,,61,22,44,39,14,0.22950819672131148,0.07941653932199517,2.3938184413027335,1.0,1400,6
103314,0,six,,,,,,,,,,,,61,12,50,44,5,0.08196721311475409,0.29289321881345254,1.2215183802660192,1.0,5000,24
48498,0,six,,,,,,,,,,,,61,18,47,42,10,0.16393442622950818,0.13018436332234112,2.068482934820225,1.0,3000,14
117924,0,six,,,,,,,,,,,,61,6,56,53,3,0.04918032786885246,1.0,0.6365141682948128,1.0,5000,24
5616,0,six,,,,,,,,,,,,61,57,31,27,28,0.45901639344262296,0.06870030146309378,3.1662822262669383,1.0,600,2
189858,0,six,,,,,,,,,,,,61,3,58,55,2,0.03278688524590164,2.0,-0.0,1.0,5000,24
88890,0,six,,,,,,,,,,,,61,13,51,45,4,0.06557377049180328,1.3333333333333335,1.0986122886681096,1.0,5000,24
133602,0,six,,,,,,,,,,,,61,8,54,51,6,0.09836065573770492,0.33999413327683886,1.485220049270411,1.0,5000,24
37140,0,six,,,,,,,,,,,,61,22,44,40,15,0.2459016393442623,0.15346978928775246,2.4744452963914703,1.0,2200,10
10368,0,six,,,,,,,,,,,,61,30,38,32,17,0.2786885245901639,0.06450962040451622,2.5929009858725176,1.0,800,3
5646,0,six,,,,,,,,,,,,61,46,33,29,25,0.4098360655737705,0.03727114189889082,3.018324744362939,1.0,600,2
162498,0,six,,,,,,,,,,,,61,4,57,53,2,0.03278688524590164,2.0,-0.0,1.0,5000,24
39750,0,six,,,,,,,,,,,,61,24,42,36,11,0.18032786885245902,0.16538009809264476,2.1875512319015753,1.0,2400,11
122070,0,six,,,,,,,,,,,,61,8,54,49,4,0.06557377049180328,0.7712864461218314,1.0477551054649423,1.0,5000,24
174954,0,six,,,,,,,,,,,,61,4,57,54,3,0.04918032786885246,1.0,0.6365141682948128,1.0,5000,24
28026,0,six,,,,,,,,,,,,61,33,40,35,15,0.2459016393442623,0.1573878571806186,2.5016550537822324,1.0,2600,12
29400,1,six,,,,,,,,,,,,61,27,40,32,11,0.18032786885245902,0.2417254830715349,2.171313229687828,1.0,2400,11
151350,0,six,,,,,,,,,,,,61,4,57,53,2,0.03278688524590164,2.0,-0.0,1.0,5000,24
61854,0,six,,,,,,,,,,,,61,18,47,43,10,0.16393442622950818,0.14562690711703863,2.0743253120824594,1.0,3400,16
177924,0,six,,,,,,,,,,,,61,4,57,53,2,0.03278688524590164,2.0,-0.0,1.0,5000,24
129474,0,six,,,,,,,,,,,,61,5,56,53,3,0.04918032786885246,1.0,0.6365141682948128,1.0,5000,24
185154,0,six,,,,,,,,,,,,61,3,58,56,3,0.04918032786885246,1.0,0.6365141682948128,1.0,5000,24
57030,0,six,,,,,,,,,,,,61,33,38,29,11,0.18032786885245902,0.2314700187382303,2.20907482268199,1.0,4400,21
148080,0,six,,,,,,,,,,,,61,3,58,55,2,0.03278688524590164,2.0,-0.0,1.0,5000,24
98238,0,six,,,,,,,,,,,,61,10,52,44,3,0.04918032786885246,1.5,0.6931471805599453,1.0,5000,24
162054,0,six,,,,,,,,,,,,61,2,59,57,2,0.03278688524590164,2.0,-0.0,1.0,5000,24
57198,0,six,,,,,,,,,,,,61,32,41,38,10,0.16393442622950818,0.1846747830580375,2.060835844781991,1.0,4800,23
170604,0,six,,,,,,,,,,,,61,1,60,59,2,0.03278688524590164,2.0,-0.0,1.0,5000,24
140958,0,six,,,,,,,,,,,,61,4,57,53,2,0.03278688524590164,2.0,-0.0,1.0,5000,24
89082,0,six,,,,,,,,,,,,61,16,49,43,7,0.11475409836065574,0.16229410133133576,1.6537316316191335,1.0,5000,24
153942,0,six,,,,,,,,,,,,61,6,55,50,3,0.04918032786885246,1.0,0.6365141682948128,1.0,5000,24
5958,0,six,,,,,,,,,,,,61,26,42,34,10,0.16393442622950818,0.07171626127505701,2.049648443164231,1.0,400,1
182070,0,six,,,,,,,,,,,,61,1,60,59,2,0.03278688524590164,2.0,-0.0,1.0,5000,24
135720,1,six,,,,,,,,,,,,61,4,58,57,4,0.06557377049180328,0.7712864461218314,1.0477551054649423,1.0,5000,24
47106,0,six,,,,,,,,,,,,61,36,40,36,17,0.2786885245901639,0.03266878313173959,2.594209722417858,1.0,4800,23
188466,0,six,,,,,,,,,,,,61,1,60,59,2,0.03278688524590164,2.0,-0.0,1.0,5000,24
145200,0,six,,,,,,,,,,,,61,6,55,50,3,0.04918032786885246,1.0,0.6365141682948128,1.0,5000,24
47616,0,six,,,,,,,,,,,,61,18,46,42,11,0.18032786885245902,0.17256750331442333,2.131400926245566,1.0,3600,17
107976,0,six,,,,,,,,,,,,61,10,51,42,3,0.04918032786885246,1.0,0.6365141682948128,1.0,5000,24
30366,0,six,,,,,,,,,,,,61,18,46,41,11,0.18032786885245902,0.12289159031219388,2.105775769954848,1.0,1800,8
80130,0,six,,,,,,,,,,,,61,18,47,41,10,0.16393442622950818,0.25514661554321183,2.091670404105873,1.0,4800,23
10860,1,six,,,,,,,,,,,,61,33,40,35,17,0.2786885245901639,0.17556064769159202,2.6509030154283684,1.0,1000,4
41418,0,six,,,,,,,,,,,,61,21,45,38,10,0.16393442622950818,0.2551466155432128,2.091670404105873,1.0,2600,12
158784,0,six,,,,,,,,,,,,61,2,59,57,2,0.03278688524590164,2.0,-0.0,1.0,5000,24
127692,0,six,,,,,,,,,,,,61,6,55,51,3,0.04918032786885246,1.0,0.6365141682948128,1.0,5000,24
194946,0,six,,,,,,,,,,,,61,2,59,57,2,0.03278688524590164,2.0,-0.0,1.0,5000,24
72186,0,six,,,,,,,,,,,,61,20,45,38,10,0.16393442622950818,0.16865435597794828,2.054944275131085,1.0,5000,24
94860,0,six,,,,,,,,,,,,61,12,51,45,4,0.06557377049180328,0.7712864461218313,1.0477551054649423,1.0,5000,24
105954,0,six,,,,,,,,,,,,61,12,51,45,3,0.04918032786885246,1.0,0.6365141682948128,1.0,5000,24
168642,0,six,,,,,,,,,,,,61,1,60,59,2,0.03278688524590164,2.0,-0.0,1.0,5000,24
10182,0,six,,,,,,,,,,,,61,30,41,37,16,0.26229508196721313,0.07756061032516415,2.555969733634738,1.0,800,3
58434,0,six,,,,,,,,,,,,61,27,41,37,14,0.22950819672131148,0.13272036336516652,2.416009520663048,1.0,3600,17
48354,0,six,,,,,,,,,,,,61,34,37,28,9,0.14754098360655737,0.12034631515854702,1.9671122196432678,1.0,5000,24
67686,0,six,,,,,,,,,,,,61,28,42,35,7,0.11475409836065574,0.3625480466717189,1.692445917585999,1.0,5000,24
150504,0,six,,,,,,,,,,,,61,3,58,56,3,0.04918032786885246,1.0,0.6365141682948128,1.0,5000,24
92340,0,six,,,,,,,,,,,,61,15,48,40,4,0.06557377049180328,0.7712864461218313,1.0477551054649423,1.0,5000,24
43356,0,six,,,,,,,,,,,,61,29,42,35,11,0.18032786885245902,0.15849436610590137,2.196158729204668,1.0,3400,16
74544,0,six,,,,,,,,,,,,61,16,47,40,8,0.13114754098360656,0.16953017933562042,1.757057368837715,1.0,5000,24
160866,0,six,,,,,,,,,,,,61,3,58,55,2,0.03278688524590164,2.0,-0.0,1.0,5000,24
5556,0,six,,,,,,,,,,,,61,66,27,20,26,0.4262295081967213,0.1141193212176665,3.0912788367456923,1.0,800,3
74406,0,six,,,,,,,,,,,,61,18,46,39,6,0.09836065573770492,0.2046663545568726,1.480765797970844,1.0,5000,24
176220,0,six,,,,,,,,,,,,61,2,59,57,2,0.03278688524590164,2.0,-0.0,1.0,5000,24
165984,0,six,,,,,,,,,,,,61,4,57,54,3,0.04918032786885246,1.0,0.6365141682948128,1.0,5000,24
198066,0,six,,,,,,,,,,,,61,0,61,61,1,0.01639344262295082,0.0,0.0,1.0,5000,24
130746,0,six,,,,,,,,,,,,61,5,56,52,3,0.04918032786885246,1.0,0.6365141682948128,1.0,5000,24
153804,0,six,,,,,,,,,,,,61,5,56,52,3,0.04918032786885246,1.0,0.6365141682948128,1.0,5000,24
165732,0,six,,,,,,,,,,,,61,2,59,57,2,0.03278688524590164,2.0,-0.0,1.0,5000,24
107754,0,six,,,,,,,,,,,,61,12,50,43,5,0.08196721311475409,0.6909830056250527,1.3244102569320977,1.0,5000,24
160980,0,six,,,,,,,,,,,,61,3,58,55,2,0.03278688524590164,2.0,-0.0,1.0,5000,24
21714,0,six,,,,,,,,,,,,61,42,36,32,22,0.36065573770491804,0.11654396668055383,2.9065110856451226,1.0,2000,9
73170,0,six,,,,,,,,,,,,61,22,43,39,11,0.18032786885245902,0.08602309087290352,2.1577356062893895,1.0,4600,22
38670,1,six,,,,,,,,,,,,61,32,40,35,10,0.16393442622950818,0.2911932208047538,2.101665334428578,1.0,3000,14
144594,0,six,,,,,,,,,,,,61,8,54,48,3,0.04918032786885246,1.5,0.6931471805599453,1.0,5000,24
174726,0,six,,,,,,,,,,,,61,5,56,51,2,0.03278688524590164,2.0,-0.0,1.0,5000,24
5088,0,six,,,,,,,,,,,,61,26,41,37,16,0.26229508196721313,0.09552515881742817,2.522041346307294,1.0,400,1
121446,0,six,,,,,,,,,,,,61,9,53,48,4,0.06557377049180328,0.7712864461218314,1.0477551054649423,1.0,5000,24
19716,0,six,,,,,,,,,,,,61,28,41,37,11,0.18032786885245902,0.17287791140826994,2.144827857484741,1.0,1600,7
181998,0,six,,,,,,,,,,,,61,2,59,58,3,0.04918032786885246,1.0,0.6365141682948128,1.0,5000,24
41388,1,six,,,,,,,,,,,,61,25,41,36,12,0.19672131147540983,0.07425978314362497,2.236591673716683,1.0,2800,13
176274,0,six,,,,,,,,,,,,61,3,58,56,3,0.04918032786885246,1.0,0.6365141682948128,1.0,5000,24
171336,0,six,,,,,,,,,,,,61,3,58,55,2,0.03278688524590164,2.0,-0.0,1.0,5000,24
52206,0,six,,,,,,,,,,,,61,27,41,33,11,0.18032786885245902,0.12084713039410416,2.1392757486907987,1.0,4200,20
16974,0,six,,,,,,,,,,,,61,40,37,29,14,0.22950819672131148,0.03365719544335846,2.444185339730302,1.0,1600,7
34134,0,six,,,,,,,,,,,,61,18,48,45,10,0.16393442622950818,0.1752293380836538,2.064691069600079,1.0,1800,8
65556,0,six,,,,,,,,,,,,61,14,49,45,10,0.16393442622950818,0.18529975914456664,2.0163187965036347,1.0,3600,17
61332,1,six,,,,,,,,,,,,61,30,39,32,9,0.14754098360655737,0.24202383338334,1.9576531333614462,1.0,5000,24
173052,0,six,,,,,,,,,,,,61,1,60,59,2,0.03278688524590164,2.0,-0.0,1.0,5000,24
172884,0,six,,,,,,,,,,,,61,4,57,53,2,0.03278688524590164,2.0,-0.0,1.0,5000,24
11298,0,six,,,,,,,,,,,,61,42,34,31,26,0.4262295081967213,0.076167947606135,3.0622598659545264,1.0,1200,5
125646,0,six,,,,,,,,,,,,61,3,58,55,2,0.03278688524590164,2.0,-0.0,1.0,5000,24
162510,0,six,,,,,,,,,,,,61,5,56,52,3,0.04918032786885246,1.0,0.6365141682948128,1.0,5000,24
128994,0,six,,,,,,,,,,,,61,7,54,48,3,0.04918032786885246,1.0,0.6365141682948128,1.0,5000,24
135582,0,six,,,,,,,,,,,,61,5,56,51,2,0.03278688524590164,2.0,-0.0,1.0,5000,24
163020,1,six,,,,,,,,,,,,61,3,58,55,2,0.03278688524590164,2.0,-0.0,1.0,5000,24
192618,0,six,,,,,,,,,,,,61,1,60,59,2,0.03278688524590164,2.0,-0.0,1.0,5000,24
104340,0,six,,,,,,,,,,,,61,6,55,49,2,0.03278688524590164,2.0,-0.0,1.0,5000,24
127578,0,six,,,,,,,,,,,,61,6,55,49,2,0.03278688524590164,2.0,-0.0,1.0,5000,24
167232,0,six,,,,,,,,,,,,61,1,60,59,2,0.03278688524590164,2.0,-0.0,1.0,5000,24
31872,0,six,,,,,,,,,,,,61,20,47,43,11,0.18032786885245902,0.1542101557754187,2.165382781048592,1.0,1800,8
98268,0,six,,,,,,,,,,,,61,7,54,47,2,0.03278688524590164,2.0,-0.0,1.0,5000,24
192786,0,six,,,,,,,,,,,,61,2,59,57,2,0.03278688524590164,2.0,-0.0,1.0,5000,24
190020,0,six,,,,,,,,,,,,61,2,59,58,3,0.04918032786885246,1.0,0.6365141682948128,1.0,5000,24
35508,1,six,,,,,,,,,,,,61,23,44,40,14,0.22950819672131148,0.054167101614655044,2.411733207280344,1.0,2400,11
133608,0,six,,,,,,,,,,,,61,4,57,53,2,0.03278688524590164,2.0,-0.0,1.0,5000,24
106224,0,six,,,,,,,,,,,,61,6,55,50,3,0.04918032786885246,1.0,0.6365141682948128,1.0,5000,24
126408,0,six,,,,,,,,,,,,61,8,53,47,3,0.04918032786885246,1.0,0.6365141682948128,1.0,5000,24
190284,0,six,,,,,,,,,,,,61,2,59,57,2,0.03278688524590164,2.0,-0.0,1.0,5000,24
136758,0,six,,,,,,,,,,,,61,6,55,50,3,0.04918032786885246,1.0,0.6365141682948128,1.0,5000,24
122352,0,six,,,,,,,,,,,,61,10,52,45,4,0.06557377049180328,0.7712864461218313,1.0477551054649423,1.0,5000,24
139350,0,six,,,,,,,,,,,,61,5,56,51,2,0.03278688524590164,2.0,-0.0,1.0,5000,24
72078,0,six,,,,,,,,,,,,61,21,46,43,10,0.16393442622950818,0.13294704831943824,2.0712436158156664,1.0,5000,24
133704,0,six,,,,,,,,,,,,61,5,56,51,2,0.03278688524590164,2.0,-0.0,1.0,5000,24
29856,0,six,,,,,,,,,,,,61,51,33,29,23,0.3770491803278688,0.06094429764824176,2.9471638698671905,1.0,3800,18
40710,0,six,,,,,,,,,,,,61,26,41,38,18,0.29508196721311475,0.0253027896645467,2.6651177526930585,1.0,3200,15
180666,0,six,,,,,,,,,,,,61,2,59,57,2,0.03278688524590164,2.0,-0.0,1.0,5000,24
171036,0,six,,,,,,,,,,,,61,4,57,54,3,0.04918032786885246,1.0,0.6365141682948128,1.0,5000,24
181212,1,six,,,,,,,,,,,,61,2,59,57,2,0.03278688524590164,2.0,-0.0,1.0,5000,24
80736,0,six,,,,,,,,,,,,61,15,49,44,5,0.08196721311475409,0.5000000000000002,1.3138340331927472,1.0,5000,24
168444,0,six,,,,,,,,,,,,61,4,57,53,2,0.03278688524590164,2.0,-0.0,1.0,5000,24
88296,0,six,,,,,,,,,,,,61,17,47,41,5,0.08196721311475409,0.29289321881345254,1.2215183802660192,1.0,5000,24
95820,0,six,,,,,,,,,,,,61,11,52,47,4,0.06557377049180328,0.7712864461218313,1.0477551054649423,1.0,5000,24
139392,0,six,,,,,,,,,,,,61,5,56,51,2,0.03278688524590164,2.0,-0.0,1.0,5000,24
181128,0,six,,,,,,,,,,,,61,2,59,57,2,0.03278688524590164,2.0,-0.0,1.0,5000,24
171852,0,six,,,,,,,,,,,,61,5,56,53,3,0.04918032786885246,1.0,0.6365141682948128,1.0,5000,24
160500,0,six,,,,,,,,,,,,61,2,59,57,2,0.03278688524590164,2.0,-0.0,1.0,5000,24
38724,0,six,,,,,,,,,,,,61,31,40,34,12,0.19672131147540983,0.1273908977318997,2.262034693657249,1.0,3600,17
10146,0,six,,,,,,,,,,,,61,23,42,36,11,0.18032786885245902,0.16710981257388452,2.1480067377782515,1.0,800,3
139200,1,six,,,,,,,,,,,,61,5,57,54,3,0.04918032786885246,1.5,0.6931471805599453,1.0,5000,24
172644,0,six,,,,,,,,,,,,61,3,58,55,2,0.03278688524590164,2.0,-0.0,1.0,5000,24
9354,0,six,,,,,,,,,,,,61,26,41,36,15,0.2459016393442623,0.05850055779480228,2.47373522156409,1.0,600,2
95988,1,six,,,,,,,,,,,,61,9,52,45,4,0.06557377049180328,0.5,0.9743147528693494,1.0,5000,24
15336,0,six,,,,,,,,,,,,61,40,35,30,21,0.3442622950819672,0.031752834426866015,2.846994863183076,1.0,1400,6
56808,1,six,,,,,,,,,,,,61,31,38,33,16,0.26229508196721313,0.06624939601668478,2.5384003845867347,1.0,4400,21
147276,0,six,,,,,,,,,,,,61,4,57,53,2,0.03278688524590164,2.0,-0.0,1.0,5000,24
576,0,six,,,,,,,,,,,,61,220,16,15,46,0.7540983606557377,0.18577825972263334,3.7511942991799923,1.0,200,0
77274,0,six,,,,,,,,,,,,61,22,43,34,7,0.11475409836065574,0.18569168080728765,1.6379825128050243,1.0,5000,24
10698,0,six,,,,,,,,,,,,61,46,35,31,12,0.19672131147540983,0.23216398342064518,2.3226706260060466,1.0,1000,4
114864,0,six,,,,,,,,,,,,61,9,53,47,4,0.06557377049180328,0.7712864461218314,1.0477551054649423,1.0,5000,24
156354,0,six,,,,,,,,,,,,61,2,59,57,2,0.03278688524590164,2.0,-0.0,1.0,5000,24
197604,0,six,,,,,,,,,,,,61,3,58,55,2,0.03278688524590164,2.0,-0.0,1.0,5000,24
71382,0,six,,,,,,,,,,,,61,12,50,42,3,0.04918032786885246,1.0,0.6365141682948128,1.0,5000,24
79464,0,six,,,,,,,,,,,,61,18,46,39,7,0.11475409836065574,0.29289321881345237,1.673415817292412,1.0,5000,24
130830,0,six,,,,,,,,,,,,61,6,55,50,3,0.04918032786885246,1.0,0.6365141682948128,1.0,5000,24
125400,0,six,,,,,,,,,,,,61,5,56,51,2,0.03278688524590164,2.0,-0.0,1.0,5000,24
134724,0,six,,,,,,,,,,,,61,5,56,51,2,0.03278688524590164,2.0,-0.0,1.0,5000,24
166560,0,six,,,,,,,,,,,,61,5,56,52,3,0.04918032786885246,1.0,0.6365141682948128,1.0,5000,24
96786,0,six,,,,,,,,,,,,61,7,54,48,3,0.04918032786885246,1.0,0.6365141682948128,1.0,5000,24
76542,1,six,,,,,,,,,,,,61,20,46,40,9,0.14754098360655737,0.17812214673681181,1.944025947347571,1.0,5000,24
184110,0,six,,,,,,,,,,,,61,5,56,52,3,0.04918032786885246,1.0,0.6365141682948128,1.0,5000,24
1440,0,six,,,,,,,,,,,,61,52,31,27,26,0.4262295081967213,0.016911678503886505,3.0501644723702177,1.0,200,0
92202,0,six,,,,,,,,,,,,61,14,50,45,5,0.08196721311475409,0.5000000000000006,1.3138340331927472,1.0,5000,24
90456,0,six,,,,,,,,,,,,61,12,50,42,4,0.06557377049180328,0.4999999999999998,0.9743147528693494,1.0,5000,24
91650,0,six,,,,,,,,,,,,61,15,48,40,4,0.06557377049180328,0.7712864461218314,1.0477551054649423,1.0,5000,24
174852,0,six,,,,,,,,,,,,61,4,57,54,3,0.04918032786885246,1.0,0.6365141682948128,1.0,5000,24
69924,0,six,,,,,,,,,,,,61,18,46,39,5,0.08196721311475409,0.5000000000000006,1.3138340331927472,1.0,5000,24
16638,0,six,,,,,,,,,,,,61,25,41,33,10,0.16393442622950818,0.09738418381097222,2.0413441612327716,1.0,1200,5
183948,0,six,,,,,,,,,,,,61,2,59,57,2,0.03278688524590164,2.0,-0.0,1.0,5000,24
55050,1,six,,,,,,,,,,,,61,31,38,34,14,0.22950819672131148,0.10760195660861446,2.407417287299712,1.0,4400,21
53928,0,six,,,,,,,,,,,,61,29,40,33,12,0.19672131147540983,0.13014604678846603,2.259628579314459,1.0,4200,20
183864,0,six,,,,,,,,,,,,61,3,58,56,3,0.04918032786885246,1.0,0.6365141682948128,1.0,5000,24
139164,0,six,,,,,,,,,,,,61,5,56,52,3,0.04918032786885246,1.0,0.6365141682948128,1.0,5000,24
89862,0,six,,,,,,,,,,,,61,14,49,44,6,0.09836065573770492,0.2625951831836584,1.480616415302653,1.0,5000,24
127188,0,six,,,,,,,,,,,,61,5,56,51,2,0.03278688524590164,2.0,-0.0,1.0,5000,24
12150,0,six,,,,,,,,,,,,61,26,40,36,11,0.18032786885245902,0.1883269159783009,2.208123748804341,1.0,800,3
39246,0,six,,,,,,,,,,,,61,20,44,40,15,0.2459016393442623,0.0867165448799895,2.4743441622642157,1.0,2200,10
62862,0,six,,,,,,,,,,,,61,26,43,34,6,0.09836065573770492,0.6240393134633431,1.5602243727604543,1.0,5000,24
53262,0,six,,,,,,,,,,,,61,32,38,31,11,0.18032786885245902,0.07315588735753781,2.170560328930892,1.0,5000,24
48726,0,six,,,,,,,,,,,,61,28,43,38,10,0.16393442622950818,0.15053768418518243,2.0464017028857877,1.0,4200,20
47802,0,six,,,,,,,,,,,,61,17,47,42,11,0.18032786885245902,0.051725177213703705,2.1304008180885807,1.0,3000,14
129654,0,six,,,,,,,,,,,,61,6,55,51,4,0.06557377049180328,0.5,0.9743147528693494,1.0,5000,24
171408,0,six,,,,,,,,,,,,61,4,57,55,4,0.06557377049180328,0.5,0.9743147528693494,1.0,5000,24
131112,1,six,,,,,,,,,,,,61,6,55,51,3,0.04918032786885246,1.0,0.6365141682948128,1.0,5000,24
137766,0,six,,,,,,,,,,,,61,8,53,47,3,0.04918032786885246,1.0,0.6365141682948128,1.0,5000,24
83406,0,six,,,,,,,,,,,,61,21,43,36,8,0.13114754098360656,0.1339745962155614,1.7378249831141712,1.0,5000,24
152142,0,six,,,,,,,,,,,,61,1,60,59,2,0.03278688524590164,2.0,-0.0,1.0,5000,24
34320,0,six,,,,,,,,,,,,61,25,42,36,11,0.18032786885245902,0.07878839206898705,2.120339991692916,1.0,2800,13
168216,0,six,,,,,,,,,,,,61,2,59,57,2,0.03278688524590164,2.0,-0.0,1.0,5000,24
78234,0,six,,,,,,,,,,,,61,18,47,42,5,0.08196721311475409,0.68464503091704,1.342282197437913,1.0,5000,24
175326,0,six,,,,,,,,,,,,61,3,58,55,2,0.03278688524590164,2.0,-0.0,1.0,5000,24
82002,0,six,,,,,,,,,,,,61,18,47,38,5,0.08196721311475409,0.7257081148225679,1.3498943414398354,1.0,5000,24
46476,0,six,,,,,,,,,,,,61,31,39,32,7,0.11475409836065574,0.162294101331336,1.653731631619134,1.0,5000,24
63288,0,six,,,,,,,,,,,,61,28,40,33,8,0.13114754098360656,0.25964861446886633,1.8089760889120854,1.0,5000,24
146808,0,six,,,,,,,,,,,,61,6,55,50,3,0.04918032786885246,1.0,0.6365141682948128,1.0,5000,24
44412,0,six,,,,,,,,,,,,61,47,34,25,9,0.14754098360655737,0.10978587159688914,1.9631310636751773,1.0,5000,24
49398,0,six,,,,,,,,,,,,61,23,42,37,16,0.26229508196721313,0.03676461618564276,2.5093373372642085,1.0,3800,18
56586,0,six,,,,,,,,,,,,61,28,41,36,11,0.18032786885245902,0.21790545651124604,2.1993723828119425,1.0,4400,21
134460,0,six,,,,,,,,,,,,61,5,56,51,2,0.03278688524590164,2.0,-0.0,1.0,5000,24
87966,0,six,,,,,,,,,,,,61,14,48,41,6,0.09836065573770492,0.23623738417402645,1.450714609605269,1.0,5000,24
199554,0,six,,,,,,,,,,,,61,1,60,59,2,0.03278688524590164,2.0,-0.0,1.0,5000,24
188496,0,six,,,,,,,,,,,,61,4,57,53,2,0.03278688524590164,2.0,-0.0,1.0,5000,24
12078,0,six,,,,,,,,,,,,61,32,41,35,11,0.18032786885245902,0.2683386857766303,2.1839633047808293,1.0,1000,4
104862,0,six,,,,,,,,,,,,61,10,52,46,5,0.08196721311475409,0.6909830056250527,1.3244102569320977,1.0,5000,24
109878,0,six,,,,,,,,,,,,61,11,51,44,4,0.06557377049180328,0.7712864461218313,1.0477551054649423,1.0,5000,24
192060,0,six,,,,,,,,,,,,61,4,57,53,2,0.03278688524590164,2.0,-0.0,1.0,5000,24
131292,0,six,,,,,,,,,,,,61,6,55,50,3,0.04918032786885246,1.0,0.6365141682948128,1.0,5000,24
648,0,six,,,,,,,,,,,,61,129,21,18,36,0.5901639344262295,0.07078754316440422,3.468196987456368,1.0,200,0
129516,0,six,,,,,,,,,,,,61,4,57,53,2,0.03278688524590164,2.0,-0.0,1.0,5000,24
199458,0,six,,,,,,,,,,,,61,4,57,55,4,0.06557377049180328,0.4999999999999998,0.9743147528693494,1.0,5000,24
10782,0,six,,,,,,,,,,,,61,47,33,27,15,0.2459016393442623,0.10913336200246823,2.5160400229357722,1.0,1200,5
144324,0,six,,,,,,,,,,,,61,6,55,51,3,0.04918032786885246,1.0,0.6365141682948128,1.0,5000,24
96042,0,six,,,,,,,,,,,,61,16,46,37,6,0.09836065573770492,0.29289321881345237,1.4720659977752126,1.0,5000,24
9228,0,six,,,,,,,,,,,,61,41,36,30,16,0.26229508196721313,0.04039063964526314,2.5972468658642898,1.0,1000,4
25272,0,six,,,,,,,,,,,,61,41,37,33,16,0.26229508196721313,0.15394969867153038,2.593439502000937,1.0,2400,11
68196,0,six,,,,,,,,,,,,61,23,43,35,5,0.08196721311475409,0.5000000000000001,1.313834033192747,1.0,5000,24
86538,0,six,,,,,,,,,,,,61,13,49,41,4,0.06557377049180328,1.0,1.0397207708399179,1.0,5000,24
142830,0,six,,,,,,,,,,,,61,6,55,50,3,0.04918032786885246,1.0,0.6365141682948128,1.0,5000,24
115482,0,six,,,,,,,,,,,,61,7,54,47,2,0.03278688524590164,2.0,-0.0,1.0,5000,24
176946,0,six,,,,,,,,,,,,61,2,59,57,2,0.03278688524590164,2.0,-0.0,1.0,5000,24
182520,0,six,,,,,,,,,,,,61,4,57,53,2,0.03278688524590164,2.0,-0.0,1.0,5000,24
13110,0,six,,,,,,,,,,,,61,34,39,32,11,0.18032786885245902,0.14226249998406812,2.1557598329118783,1.0,1200,5
14946,0,six,,,,,,,,,,,,61,31,40,33,12,0.19672131147540983,0.21139064684893083,2.2894992857155967,1.0,1200,5
28218,0,six,,,,,,,,,,,,61,26,40,33,10,0.16393442622950818,0.1021437187991292,2.041361026398369,1.0,2200,10
36768,0,six,,,,,,,,,,,,61,33,43,38,13,0.21311475409836064,0.09737269767509428,2.3642759914573843,1.0,3400,16
126654,0,six,,,,,,,,,,,,61,5,56,53,3,0.04918032786885246,1.0,0.6365141682948128,1.0,5000,24
86520,0,six,,,,,,,,,,,,61,15,48,43,9,0.14754098360655737,0.19248109241726444,1.9294952076996577,1.0,5000,24
167916,0,six,,,,,,,,,,,,61,4,57,55,3,0.04918032786885246,1.0,0.6365141682948128,1.0,5000,24
128136,0,six,,,,,,,,,,,,61,4,57,53,2,0.03278688524590164,2.0,-0.0,1.0,5000,24
6738,0,six,,,,,,,,,,,,61,53,34,31,23,0.3770491803278688,0.1370420907769144,2.973104078427252,1.0,800,3
42972,0,six,,,,,,,,,,,,61,28,40,36,12,0.19672131147540983,0.0531625077004488,2.2264791132645616,1.0,3400,16
79524,0,six,,,,,,,,,,,,61,17,48,42,7,0.11475409836065574,0.6096117967977923,1.713263288781104,1.0,5000,24
119220,0,six,,,,,,,,,,,,61,9,53,47,3,0.04918032786885246,1.5,0.6931471805599453,1.0,5000,24
54378,0,six,,,,,,,,,,,,61,22,44,39,10,0.16393442622950818,0.16865435597794826,2.054944275131085,1.0,3400,16
53052,0,six,,,,,,,,,,,,61,23,46,41,11,0.18032786885245902,0.27595207865056687,2.190595596688495,1.0,4200,20
165840,0,six,,,,,,,,,,,,61,3,58,56,3,0.04918032786885246,1.0,0.6365141682948128,1.0,5000,24
76656,0,six,,,,,,,,,,,,61,21,45,41,12,0.19672131147540983,0.12909708507165088,2.204598783505353,1.0,4600,22
184830,1,six,,,,,,,,,,,,61,2,59,57,2,0.03278688524590164,2.0,-0.0,1.0,5000,24
130194,0,six,,,,,,,,,,,,61,6,55,50,3,0.04918032786885246,1.0,0.6365141682948128,1.0,5000,24
65178,0,six,,,,,,,,,,,,61,22,45,39,10,0.16393442622950818,0.09815182496138351,2.0357832788123367,1.0,4000,19
165288,0,six,,,,,,,,,,,,61,4,57,53,2,0.03278688524590164,2.0,-0.0,1.0,5000,24
145962,0,six,,,,,,,,,,,,61,5,56,51,2,0.03278688524590164,2.0,-0.0,1.0,5000,24
52350,0,six,,,,,,,,,,,,61,27,44,38,10,0.16393442622950818,0.3478589451657983,2.130146713481859,1.0,4200,20
88956,0,six,,,,,,,,,,,,61,10,52,46,5,0.08196721311475409,0.34594266799662515,1.2639167128155817,1.0,5000,24
169038,0,six,,,,,,,,,,,,61,2,59,57,2,0.03278688524590164,2.0,-0.0,1.0,5000,24
195120,0,six,,,,,,,,,,,,61,3,58,55,2,0.03278688524590164,2.0,-0.0,1.0,5000,24
98688,0,six,,,,,,,,,,,,61,13,50,47,10,0.16393442622950818,0.1501539894464073,2.034271656790477,1.0,4800,23
169494,0,six,,,,,,,,,,,,61,2,59,58,3,0.04918032786885246,1.0,0.6365141682948128,1.0,5000,24
33594,0,six,,,,,,,,,,,,61,22,46,41,11,0.18032786885245902,0.16473908851609842,2.1490345625040237,1.0,2600,12
97572,0,six,,,,,,,,,,,,61,11,52,47,5,0.08196721311475409,0.34594266799662515,1.2639167128155817,1.0,5000,24
163188,0,six,,,,,,,,,,,,61,2,59,57,2,0.03278688524590164,2.0,-0.0,1.0,5000,24
72756,0,six,,,,,,,,,,,,61,20,46,39,7,0.11475409836065574,0.45929866804789565,1.7264510800196196,1.0,5000,24
4350,0,six,,,,,,,,,,,,61,35,37,32,10,0.16393442622950818,0.07935786978856756,2.0144119431069205,1.0,400,1
133974,0,six,,,,,,,,,,,,61,7,54,52,7,0.11475409836065574,0.13397459621556104,1.582672711800297,1.0,5000,24
108642,0,six,,,,,,,,,,,,61,9,52,44,3,0.04918032786885246,1.0,0.6365141682948128,1.0,5000,24
191142,1,six,,,,,,,,,,,,61,1,60,59,2,0.03278688524590164,2.0,-0.0,1.0,5000,24
5232,1,six,,,,,,,,,,,,61,41,35,26,16,0.26229508196721313,0.13986643581697758,2.58546002739212,1.0,600,2
123606,0,six,,,,,,,,,,,,61,9,52,46,4,0.06557377049180328,0.4999999999999998,0.9743147528693494,1.0,5000,24
168798,0,six,,,,,,,,,,,,61,2,59,57,2,0.03278688524590164,2.0,-0.0,1.0,5000,24
101646,0,six,,,,,,,,,,,,61,10,52,46,3,0.04918032786885246,1.5,0.6931471805599453,1.0,5000,24
190692,0,six,,,,,,,,,,,,61,2,59,57,2,0.03278688524590164,2.0,-0.0,1.0,5000,24
43284,0,six,,,,,,,,,,,,61,34,37,31,19,0.3114754098360656,0.06437205003554924,2.7328921951174583,1.0,4000,19
101022,0,six,,,,,,,,,,,,61,13,48,42,5,0.08196721311475409,0.42264973081037427,1.261202862571566,1.0,5000,24
133176,0,six,,,,,,,,,,,,61,3,58,55,2,0.03278688524590164,2.0,-0.0,1.0,5000,24
85260,0,six,,,,,,,,,,,,61,13,51,45,3,0.04918032786885246,1.5,0.6931471805599453,1.0,5000,24
3396,0,six,,,,,,,,,,,,61,48,33,29,26,0.4262295081967213,0.0905270157950166,3.0765718915420925,1.0,400,1
4086,0,six,,,,,,,,,,,,61,76,25,23,36,0.5901639344262295,0.03398800901096817,3.420338771487769,1.0,600,2
53364,0,six,,,,,,,,,,,,61,22,43,38,10,0.16393442622950818,0.12680102309053187,2.03497760961657,1.0,4000,19
63180,0,six,,,,,,,,,,,,61,31,39,29,9,0.14754098360655737,0.13227966387780968,1.9522111419238328,1.0,5000,24
73188,0,six,,,,,,,,,,,,61,15,49,44,7,0.11475409836065574,0.21449900550833817,1.6168129707680907,1.0,5000,24
121602,0,six,,,,,,,,,,,,61,4,57,54,3,0.04918032786885246,1.0,0.6365141682948128,1.0,5000,24
158820,0,six,,,,,,,,,,,,61,4,57,53,2,0.03278688524590164,2.0,-0.0,1.0,5000,24
36594,0,six,,,,,,,,,,,,61,49,33,29,20,0.32786885245901637,0.11560596925521019,2.8181926991759454,1.0,3400,16
178662,0,six,,,,,,,,,,,,61,2,59,57,2,0.03278688524590164,2.0,-0.0,1.0,5000,24
33768,1,six,,,,,,,,,,,,61,37,35,28,14,0.22950819672131148,0.07131944786277025,2.415902999800569,1.0,3200,15
141558,0,six,,,,,,,,,,,,61,3,58,55,2,0.03278688524590164,2.0,-0.0,1.0,5000,24
150132,0,six,,,,,,,,,,,,61,4,57,53,2,0.03278688524590164,2.0,-0.0,1.0,5000,24
43668,0,six,,,,,,,,,,,,61,27,42,35,13,0.21311475409836064,0.13235293443727852,2.3403774688374845,1.0,3400,16
165888,0,six,,,,,,,,,,,,61,3,58,55,2,0.03278688524590164,2.0,-0.0,1.0,5000,24
30240,0,six,,,,,,,,,,,,61,35,35,30,12,0.19672131147540983,0.09276968426910556,2.2346805879163534,1.0,2400,11
43170,0,six,,,,,,,,,,,,61,25,42,36,10,0.16393442622950818,0.14035837704458787,2.065219200633479,1.0,2600,12
66486,0,six,,,,,,,,,,,,61,21,43,36,9,0.14754098360655737,0.16564418309351736,1.9236709135123333,1.0,5000,24
14616,0,six,,,,,,,,,,,,61,26,42,36,14,0.22950819672131148,0.1499726909477785,2.429626541986112,1.0,1000,4
64794,0,six,,,,,,,,,,,,61,21,42,35,10,0.16393442622950818,0.07985927444574302,1.9966011338609198,1.0,3600,17
123954,0,six,,,,,,,,,,,,61,8,54,50,4,0.06557377049180328,0.7712864461218314,1.0477551054649423,1.0,5000,24
22908,0,six,,,,,,,,,,,,61,37,36,30,20,0.32786885245901637,0.026490923323950206,2.780808866880888,1.0,1800,8
78366,0,six,,,,,,,,,,,,61,24,42,33,6,0.09836065573770492,0.2928932188134521,1.4720659977752124,1.0,5000,24
98286,0,six,,,,,,,,,,,,61,10,52,46,3,0.04918032786885246,1.5,0.6931471805599453,1.0,5000,24
83592,0,six,,,,,,,,,,,,61,21,44,39,10,0.16393442622950818,0.11603506502470673,1.9855137498313558,1.0,5000,24
43884,0,six,,,,,,,,,,,,61,20,46,41,12,0.19672131147540983,0.1522794326677066,2.2761843799691928,1.0,3000,14
157842,0,six,,,,,,,,,,,,61,1,60,59,2,0.03278688524590164,2.0,-0.0,1.0,5000,24
145818,0,six,,,,,,,,,,,,61,4,57,53,2,0.03278688524590164,2.0,-0.0,1.0,5000,24
149598,0,six,,,,,,,,,,,,61,2,59,57,2,0.03278688524590164,2.0,-0.0,1.0,5000,24
112038,0,six,,,,,,,,,,,,61,10,52,46,5,0.08196721311475409,0.6909830056250527,1.3244102569320975,1.0,5000,24
28956,0,six,,,,,,,,,,,,61,26,40,35,16,0.26229508196721313,0.10798503790852922,2.5371986386752403,1.0,1800,8
10266,0,six,,,,,,,,,,,,61,38,38,26,11,0.18032786885245902,0.19342827068639137,2.215383861228062,1.0,1000,4
125406,0,six,,,,,,,,,,,,61,5,56,51,2,0.03278688524590164,2.0,-0.0,1.0,5000,24
179664,0,six,,,,,,,,,,,,61,4,57,55,4,0.06557377049180328,1.0,1.0397207708399179,1.0,5000,24
39948,0,six,,,,,,,,,,,,61,34,40,33,11,0.18032786885245902,0.284735040405223,2.2180828146121327,1.0,3200,15
121254,0,six,,,,,,,,,,,,61,7,54,50,4,0.06557377049180328,1.0,1.0397207708399179,1.0,5000,24
1182,0,six,,,,,,,,,,,,61,81,27,22,26,0.4262295081967213,0.14019664327954223,3.131685912581757,1.0,200,0
78474,0,six,,,,,,,,,,,,61,18,47,39,5,0.08196721311475409,0.5000000000000002,1.3138340331927472,1.0,5000,24
109368,0,six,,,,,,,,,,,,61,9,53,50,5,0.08196721311475409,0.6909830056250527,1.3244102569320977,1.0,5000,24
147840,0,six,,,,,,,,,,,,61,4,57,54,3,0.04918032786885246,1.0,0.6365141682948128,1.0,5000,24
12234,0,six,,,,,,,,,,,,61,35,37,32,18,0.29508196721311475,0.0426982524338087,2.668147544580846,1.0,1000,4
105588,0,six,,,,,,,,,,,,61,15,48,41,7,0.11475409836065574,0.16989360365297718,1.6271078452257772,1.0,5000,24
142902,0,six,,,,,,,,,,,,61,6,55,49,2,0.03278688524590164,2.0,-0.0,1.0,5000,24
3000,1,six,,,,,,,,,,,,61,54,33,28,22,0.36065573770491804,0.13004300852258957,2.934422485969468,1.0,400,1
174906,0,six,,,,,,,,,,,,61,4,57,53,2,0.03278688524590164,2.0,-0.0,1.0,5000,24
166434,0,six,,,,,,,,,,,,61,3,58,55,2,0.03278688524590164,2.0,-0.0,1.0,5000,24
190974,0,six,,,,,,,,,,,,61,1,60,59,2,0.03278688524590164,2.0,-0.0,1.0,5000,24
5208,0,six,,,,,,,,,,,,61,44,34,30,22,0.36065573770491804,0.032684111483549924,2.8988780487944443,1.0,600,2
45792,0,six,,,,,,,,,,,,61,32,36,26,11,0.18032786885245902,0.07930006719059189,2.104630621884383,1.0,4000,19
28350,1,six,,,,,,,,,,,,61,25,41,32,10,0.16393442622950818,0.2542470349567132,2.077956135475226,1.0,2000,9
37758,0,six,,,,,,,,,,,,61,27,42,36,10,0.16393442622950818,0.2928932188134526,2.078690527720714,1.0,3200,15
156372,0,six,,,,,,,,,,,,61,5,56,51,2,0.03278688524590164,2.0,-0.0,1.0,5000,24
111492,1,six,,,,,,,,,,,,61,6,55,50,3,0.04918032786885246,1.0,0.6365141682948128,1.0,5000,24
40806,0,six,,,,,,,,,,,,61,43,36,30,10,0.16393442622950818,0.2748197636109711,2.097240998444062,1.0,4200,20
147846,0,six,,,,,,,,,,,,61,3,58,56,3,0.04918032786885246,1.0,0.6365141682948128,1.0,5000,24
171762,1,six,,,,,,,,,,,,61,4,57,54,3,0.04918032786885246,1.0,0.6365141682948128,1.0,5000,24
37044,0,six,,,,,,,,,,,,61,20,43,36,11,0.18032786885245902,0.0707537927594538,2.101411437700486,1.0,2600,12
136278,0,six,,,,,,,,,,,,61,7,54,50,4,0.06557377049180328,0.5,0.9743147528693494,1.0,5000,24
27606,0,six,,,,,,,,,,,,61,36,38,32,14,0.22950819672131148,0.12609786995265218,2.4478392506386144,1.0,2600,12
129870,0,six,,,,,,,,,,,,61,5,56,51,2,0.03278688524590164,2.0,-0.0,1.0,5000,24
1920,0,six,,,,,,,,,,,,61,41,37,33,18,0.29508196721311475,0.07290539813973068,2.693458956952459,1.0,200,0
132906,0,six,,,,,,,,,,,,61,7,54,48,3,0.04918032786885246,1.0,0.6365141682948128,1.0,5000,24
8190,0,six,,,,,,,,,,,,61,27,41,36,10,0.16393442622950818,0.24686755172108613,2.0886744179419545,1.0,600,2
77844,0,six,,,,,,,,,,,,61,17,46,38,7,0.11475409836065574,0.341592698822993,1.669822378454871,1.0,5000,24
161508,0,six,,,,,,,,,,,,61,2,59,58,3,0.04918032786885246,1.0,0.6365141682948128,1.0,5000,24
36438,0,six,,,,,,,,,,,,61,33,37,32,12,0.19672131147540983,0.29156985230285615,2.269667685584931,1.0,3000,14
124638,0,six,,,,,,,,,,,,61,5,56,51,2,0.03278688524590164,2.0,-0.0,1.0,5000,24
105312,0,six,,,,,,,,,,,,61,8,54,48,3,0.04918032786885246,1.5,0.6931471805599453,1.0,5000,24
131226,0,six,,,,,,,,,,,,61,6,55,51,3,0.04918032786885246,1.0,0.6365141682948128,1.0,5000,24
118410,1,six,,,,,,,,,,,,61,7,54,49,3,0.04918032786885246,1.0,0.6365141682948128,1.0,5000,24
3570,0,six,,,,,,,,,,,,61,55,32,30,29,0.47540983606557374,0.05167697777631683,3.2036624915911074,1.0,400,1
191412,0,six,,,,,,,,,,,,61,4,57,54,3,0.04918032786885246,1.0,0.6365141682948128,1.0,5000,24
72240,0,six,,,,,,,,,,,,61,24,42,37,9,0.14754098360655737,0.11538197349257157,1.9247118451142624,1.0,5000,24
19788,0,six,,,,,,,,,,,,61,35,37,30,11,0.18032786885245902,0.11103192762289586,2.1765657629360406,1.0,1800,8
152220,0,six,,,,,,,,,,,,61,5,56,51,2,0.03278688524590164,2.0,-0.0,1.0,5000,24
113916,0,six,,,,,,,,,,,,61,9,53,47,3,0.04918032786885246,1.0,0.6365141682948128,1.0,5000,24
71988,0,six,,,,,,,,,,,,61,19,46,39,5,0.08196721311475409,0.5657414540893351,1.3022435533711252,1.0,5000,24
34632,0,six,,,,,,,,,,,,61,35,37,29,13,0.21311475409836064,0.052185927765329716,2.3660176749248003,1.0,3200,15
34884,0,six,,,,,,,,,,,,61,27,40,34,12,0.19672131147540983,0.10170622145782703,2.2172726366490494,1.0,2800,13
94392,0,six,,,,,,,,,,,,61,11,52,49,6,0.09836065573770492,0.49999999999999994,1.5317539240948435,1.0,5000,24
106710,0,six,,,,,,,,,,,,61,11,50,41,3,0.04918032786885246,1.0,0.6365141682948128,1.0,5000,24
155280,0,six,,,,,,,,,,,,61,4,57,53,2,0.03278688524590164,2.0,-0.0,1.0,5000,24
4794,0,six,,,,,,,,,,,,61,28,42,36,12,0.19672131147540983,0.12764904363126983,2.247322233043511,1.0,400,1
152250,0,six,,,,,,,,,,,,61,5,56,53,3,0.04918032786885246,1.0,0.6365141682948128,1.0,5000,24
197904,0,six,,,,,,,,,,,,61,2,59,57,2,0.03278688524590164,2.0,-0.0,1.0,5000,24
152778,0,six,,,,,,,,,,,,61,2,59,57,2,0.03278688524590164,2.0,-0.0,1.0,5000,24
111894,0,six,,,,,,,,,,,,61,9,53,47,3,0.04918032786885246,1.0,0.6365141682948128,1.0,5000,24
29520,0,six,,,,,,,,,,,,61,42,36,28,15,0.2459016393442623,0.07364450199681669,2.4988337443292883,1.0,2800,13
21120,0,six,,,,,,,,,,,,61,26,41,34,11,0.18032786885245902,0.14136554305291488,2.1653277643355735,1.0,1600,7
37602,0,six,,,,,,,,,,,,61,37,36,31,21,0.3442622950819672,0.07041985953073011,2.8292991930763183,1.0,3600,17
45714,0,six,,,,,,,,,,,,61,35,37,31,14,0.22950819672131148,0.0816106371823315,2.380783117402162,1.0,4600,22
33642,0,six,,,,,,,,,,,,61,16,48,46,10,0.16393442622950818,0.19018740907365453,2.0363170828343,1.0,2000,9
92256,0,six,,,,,,,,,,,,61,14,51,47,4,0.06557377049180328,1.166666666666667,1.0933903064791184,1.0,5000,24
59904,0,six,,,,,,,,,,,,61,30,41,36,10,0.16393442622950818,0.30893663952427897,2.127427410179708,1.0,4800,23
1218,0,six,,,,,,,,,,,,61,86,26,24,35,0.5737704918032787,0.08765586078956877,3.4074316914423064,1.0,200,0
97764,0,six,,,,,,,,,,,,61,13,48,40,4,0.06557377049180328,0.5,0.9743147528693494,1.0,5000,24
78498,0,six,,,,,,,,,,,,61,25,43,38,9,0.14754098360655737,0.25687382042811907,1.9848238627897865,1.0,5000,24
73290,0,six,,,,,,,,,,,,61,18,44,37,10,0.16393442622950818,0.10344402893328385,2.0009958636748415,1.0,5000,24
126078,0,six,,,,,,,,,,,,61,8,53,46,3,0.04918032786885246,1.0,0.6365141682948128,1.0,5000,24
29610,0,six,,,,,,,,,,,,61,22,45,39,12,0.19672131147540983,0.17721289087478845,2.2836762401167183,1.0,2000,9
93852,0,six,,,,,,,,,,,,61,12,50,42,3,0.04918032786885246,1.5,0.6931471805599453,1.0,5000,24
8670,0,six,,,,,,,,,,,,61,17,47,42,10,0.16393442622950818,0.1456165439017157,2.0290316749870563,1.0,400,1
150990,1,six,,,,,,,,,,,,61,7,54,48,3,0.04918032786885246,1.0,0.6365141682948128,1.0,5000,24
141018,0,six,,,,,,,,,,,,61,6,55,50,3,0.04918032786885246,1.0,0.6365141682948128,1.0,5000,24
31368,0,six,,,,,,,,,,,,61,30,40,36,18,0.29508196721311475,0.14936749265845395,2.6754146295650285,1.0,2600,12
183156,0,six,,,,,,,,,,,,61,2,59,57,2,0.03278688524590164,2.0,-0.0,1.0,5000,24
77832,0,six,,,,,,,,,,,,61,24,44,37,12,0.19672131147540983,0.1888418385453745,2.2734585459792367,1.0,4600,22
103848,0,six,,,,,,,,,,,,61,12,51,47,5,0.08196721311475409,0.5657414540893354,1.3022435533711254,1.0,5000,24
185580,0,six,,,,,,,,,,,,61,2,59,57,2,0.03278688524590164,2.0,-0.0,1.0,5000,24
81942,0,six,,,,,,,,,,,,61,18,45,35,4,0.06557377049180328,1.0,1.0397207708399179,1.0,5000,24
166632,0,six,,,,,,,,,,,,61,2,59,57,2,0.03278688524590164,2.0,-0.0,1.0,5000,24
49038,0,six,,,,,,,,,,,,61,27,41,37,11,0.18032786885245902,0.15960584750908924,2.1695276611599117,1.0,3400,16
79722,0,six,,,,,,,,,,,,61,24,43,35,9,0.14754098360655737,0.13227966387780982,1.9522111419238326,1.0,5000,24
167268,1,six,,,,,,,,,,,,61,2,59,57,2,0.03278688524590164,2.0,-0.0,1.0,5000,24
175020,0,six,,,,,,,,,,,,61,2,59,58,3,0.04918032786885246,1.0,0.6365141682948128,1.0,5000,24
122766,0,six,,,,,,,,,,,,61,3,58,55,2,0.03278688524590164,2.0,-0.0,1.0,5000,24
182970,0,six,,,,,,,,,,,,61,1,60,59,2,0.03278688524590164,2.0,-0.0,1.0,5000,24
96642,0,six,,,,,,,,,,,,61,10,52,45,3,0.04918032786885246,1.0,0.6365141682948128,1.0,5000,24
159870,1,six,,,,,,,,,,,,61,5,56,52,3,0.04918032786885246,1.0,0.6365141682948128,1.0,5000,24
144540,1,six,,,,,,,,,,,,61,5,56,52,3,0.04918032786885246,1.0,0.6365141682948128,1.0,5000,24
100410,0,six,,,,,,,,,,,,61,10,51,43,3,0.04918032786885246,1.0,0.6365141682948128,1.0,5000,24
155124,0,six,,,,,,,,,,,,61,4,57,54,3,0.04918032786885246,1.0,0.6365141682948128,1.0,5000,24
164772,0,six,,,,,,,,,,,,61,3,58,56,3,0.04918032786885246,1.0,0.6365141682948128,1.0,5000,24
36222,0,six,,,,,,,,,,,,61,30,40,35,13,0.21311475409836064,0.11880195037298331,2.3320478092717245,1.0,2600,12
4614,0,six,,,,,,,,,,,,61,30,39,32,14,0.22950819672131148,0.11944524431680661,2.4215318529341143,1.0,400,1
130974,0,six,,,,,,,,,,,,61,5,56,51,2,0.03278688524590164,2.0,-0.0,1.0,5000,24
45750,0,six,,,,,,,,,,,,61,20,44,38,10,0.16393442622950818,0.12172125475981913,2.066752770696263,1.0,3200,15
99702,0,six,,,,,,,,,,,,61,14,50,43,4,0.06557377049180328,0.7712864461218313,1.0477551054649423,1.0,5000,24
107454,0,six,,,,,,,,,,,,61,11,52,46,4,0.06557377049180328,0.7712864461218313,1.0477551054649423,1.0,5000,24
54228,0,six,,,,,,,,,,,,61,32,38,29,9,0.14754098360655737,0.319749699205022,1.9660755861783923,1.0,5000,24
199170,0,six,,,,,,,,,,,,61,0,61,61,1,0.01639344262295082,0.0,0.0,1.0,5000,24
169368,0,six,,,,,,,,,,,,61,3,58,55,2,0.03278688524590164,2.0,-0.0,1.0,5000,24
179022,0,six,,,,,,,,,,,,61,3,58,56,3,0.04918032786885246,1.0,0.6365141682948128,1.0,5000,24
103302,0,six,,,,,,,,,,,,61,12,50,43,3,0.04918032786885246,1.5,0.6931471805599453,1.0,5000,24
34782,0,six,,,,,,,,,,,,61,34,39,36,18,0.29508196721311475,0.036241990982832234,2.6619600629568176,1.0,3200,15
152856,0,six,,,,,,,,,,,,61,4,57,54,3,0.04918032786885246,1.0,0.6365141682948128,1.0,5000,24
102144,0,six,,,,,,,,,,,,61,10,52,47,4,0.06557377049180328,0.4999999999999998,0.9743147528693494,1.0,5000,24
101514,0,six,,,,,,,,,,,,61,9,52,44,3,0.04918032786885246,1.0,0.6365141682948128,1.0,5000,24
160716,0,six,,,,,,,,,,,,61,5,56,53,3,0.04918032786885246,1.0,0.6365141682948128,1.0,5000,24
8238,0,six,,,,,,,,,,,,61,25,43,40,13,0.21311475409836064,0.13286260139306852,2.3184319110693727,1.0,600,2
126900,0,six,,,,,,,,,,,,61,5,56,52,3,0.04918032786885246,1.0,0.6365141682948128,1.0,5000,24
113958,0,six,,,,,,,,,,,,61,10,52,47,5,0.08196721311475409,0.6909830056250527,1.3244102569320977,1.0,5000,24
63108,0,six,,,,,,,,,,,,61,31,40,32,7,0.11475409836065574,0.30685394838284535,1.6995661780171298,1.0,5000,24
132144,0,six,,,,,,,,,,,,61,6,55,51,3,0.04918032786885246,1.0,0.6365141682948128,1.0,5000,24
66942,0,six,,,,,,,,,,,,61,19,46,40,10,0.16393442622950818,0.1223187460177683,2.0137923644936735,1.0,4200,20
94758,0,six,,,,,,,,,,,,61,13,50,44,5,0.08196721311475409,0.6909830056250527,1.3244102569320975,1.0,5000,24
63054,0,six,,,,,,,,,,,,61,26,41,35,9,0.14754098360655737,0.1537427706120593,1.9118791918979783,1.0,5000,24
143922,0,six,,,,,,,,,,,,61,5,56,51,2,0.03278688524590164,2.0,-0.0,1.0,5000,24
46638,0,six,,,,,,,,,,,,61,22,44,38,10,0.16393442622950818,0.11056866475510797,2.0465383299184765,1.0,2800,13
141978,0,six,,,,,,,,,,,,61,4,57,53,2,0.03278688524590164,2.0,-0.0,1.0,5000,24
75246,0,six,,,,,,,,,,,,61,18,47,41,10,0.16393442622950818,0.24765678140791844,2.0831047780925704,1.0,4600,22
98340,0,six,,,,,,,,,,,,61,9,53,48,3,0.04918032786885246,1.5,0.6931471805599453,1.0,5000,24
162090,0,six,,,,,,,,,,,,61,4,57,53,2,0.03278688524590164,2.0,-0.0,1.0,5000,24
23388,0,six,,,,,,,,,,,,61,26,42,37,10,0.16393442622950818,0.1829344263049559,2.0459373309311872,1.0,1800,8
174744,0,six,,,,,,,,,,,,61,3,58,56,3,0.04918032786885246,1.0,0.6365141682948128,1.0,5000,24
141774,0,six,,,,,,,,,,,,61,4,57,54,3,0.04918032786885246,1.0,0.6365141682948128,1.0,5000,24
30090,1,six,,,,,,,,,,,,61,22,43,37,12,0.19672131147540983,0.07847375554397887,2.2001901809160924,1.0,2600,12
11202,0,six,,,,,,,,,,,,61,33,38,32,17,0.2786885245901639,0.05307131775519805,2.6034687484239116,1.0,1000,4
195960,0,six,,,,,,,,,,,,61,2,59,57,2,0.03278688524590164,2.0,-0.0,1.0,5000,24
191112,0,six,,,,,,,,,,,,61,2,59,57,2,0.03278688524590164,2.0,-0.0,1.0,5000,24
33882,0,six,,,,,,,,,,,,61,29,40,33,10,0.16393442622950818,0.261993174325917,2.1040765496041445,1.0,3000,14
63444,0,six,,,,,,,,,,,,61,31,39,34,11,0.18032786885245902,0.14136885135861343,2.1642306551035198,1.0,5000,24
119802,0,six,,,,,,,,,,,,61,7,55,51,3,0.04918032786885246,1.5,0.6931471805599453,1.0,5000,24
76164,0,six,,,,,,,,,,,,61,17,47,39,6,0.09836065573770492,0.3015573941809235,1.504302188285601,1.0,5000,24
117438,0,six,,,,,,,,,,,,61,4,57,54,3,0.04918032786885246,1.0,0.6365141682948128,1.0,5000,24
87330,0,six,,,,,,,,,,,,61,14,50,43,3,0.04918032786885246,1.5,0.6931471805599453,1.0,5000,24
119478,0,six,,,,,,,,,,,,61,6,55,49,2,0.03278688524590164,2.0,-0.0,1.0,5000,24
50184,0,six,,,,,,,,,,,,61,36,37,31,13,0.21311475409836064,0.1774741446787837,2.3906752193800767,1.0,4600,22
173634,0,six,,,,,,,,,,,,61,2,59,57,2,0.03278688524590164,2.0,-0.0,1.0,5000,24
61770,0,six,,,,,,,,,,,,61,27,39,30,11,0.18032786885245902,0.07758623392582545,2.130462301796063,1.0,4200,20
33558,0,six,,,,,,,,,,,,61,29,39,32,12,0.19672131147540983,0.13782040221574085,2.2606127091653434,1.0,2600,12
141456,0,six,,,,,,,,,,,,61,4,57,54,3,0.04918032786885246,1.0,0.6365141682948128,1.0,5000,24
29766,0,six,,,,,,,,,,,,61,23,43,37,12,0.19672131147540983,0.0832873198238327,2.2181948591656013,1.0,2400,11
8868,0,six,,,,,,,,,,,,61,33,38,34,15,0.2459016393442623,0.11925347593434145,2.4933107400442736,1.0,800,3
70962,0,six,,,,,,,,,,,,61,23,44,39,8,0.13114754098360656,0.3722186162627945,1.8600730445502438,1.0,5000,24
50892,1,six,,,,,,,,,,,,61,27,41,34,13,0.21311475409836064,0.07045502454855351,2.321227251017381,1.0,4000,19
21000,0,six,,,,,,,,,,,,61,23,43,34,10,0.16393442622950818,0.17874098461054128,2.070938934568197,1.0,1600,7
35610,0,six,,,,,,,,,,,,61,33,39,31,13,0.21311475409836064,0.1952875252474619,2.3574053344184276,1.0,2800,13
135360,0,six,,,,,,,,,,,,61,7,54,48,3,0.04918032786885246,1.0,0.6365141682948128,1.0,5000,24
127530,0,six,,,,,,,,,,,,61,8,53,46,3,0.04918032786885246,1.0,0.6365141682948128,1.0,5000,24
32856,0,six,,,,,,,,,,,,61,37,38,33,17,0.2786885245901639,0.0484127512792997,2.62562728691363,1.0,3000,14
7350,1,six,,,,,,,,,,,,61,41,33,26,10,0.16393442622950818,0.5000000000000002,2.1338983950680595,1.0,800,3
31536,0,six,,,,,,,,,,,,61,34,37,28,10,0.16393442622950818,0.10689308609508102,2.076822082810537,1.0,2600,12
116760,0,six,,,,,,,,,,,,61,7,54,49,3,0.04918032786885246,1.0,0.6365141682948128,1.0,5000,24
150852,0,six,,,,,,,,,,,,61,3,58,55,2,0.03278688524590164,2.0,-0.0,1.0,5000,24
52500,0,six,,,,,,,,,,,,61,37,37,31,11,0.18032786885245902,0.2542903312431832,2.2177175086556136,1.0,4800,23
173796,0,six,,,,,,,,,,,,61,2,59,57,2,0.03278688524590164,2.0,-0.0,1.0,5000,24
121236,0,six,,,,,,,,,,,,61,6,55,51,3,0.04918032786885246,1.0,0.6365141682948128,1.0,5000,24
182202,0,six,,,,,,,,,,,,61,4,57,54,3,0.04918032786885246,1.0,0.6365141682948128,1.0,5000,24
168300,0,six,,,,,,,,,,,,61,2,59,57,2,0.03278688524590164,2.0,-0.0,1.0,5000,24
100812,0,six,,,,,,,,,,,,61,9,53,47,3,0.04918032786885246,1.5,0.6931471805599453,1.0,5000,24
186966,0,six,,,,,,,,,,,,61,0,61,61,1,0.01639344262295082,0.0,0.0,1.0,5000,24
62400,0,six,,,,,,,,,,,,61,29,40,27,6,0.09836065573770492,0.69857865188438,1.578916705536291,1.0,5000,24
51144,0,six,,,,,,,,,,,,61,17,46,42,10,0.16393442622950818,0.16745862006794002,1.9993713839330667,1.0,3200,15
34476,0,six,,,,,,,,,,,,61,29,40,34,11,0.18032786885245902,0.05874723584775427,2.1421802159246695,1.0,2800,13
158334,0,six,,,,,,,,,,,,61,3,58,55,2,0.03278688524590164,2.0,-0.0,1.0,5000,24
152046,0,six,,,,,,,,,,,,61,4,57,53,2,0.03278688524590164,2.0,-0.0,1.0,5000,24
135192,0,six,,,,,,,,,,,,61,7,54,47,2,0.03278688524590164,2.0,-0.0,1.0,5000,24
159864,0,six,,,,,,,,,,,,61,3,58,55,2,0.03278688524590164,2.0,-0.0,1.0,5000,24
152742,0,six,,,,,,,,,,,,61,3,58,55,2,0.03278688524590164,2.0,-0.0,1.0,5000,24
22044,0,six,,,,,,,,,,,,61,38,36,29,17,0.2786885245901639,0.03257676514173449,2.6351914938747703,1.0,2200,10
1002,0,six,,,,,,,,,,,,61,78,23,21,37,0.6065573770491803,0.051460912728666604,3.4474935082667915,1.0,200,0
99288,0,six,,,,,,,,,,,,61,13,49,40,3,0.04918032786885246,1.0,0.6365141682948128,1.0,5000,24
110802,0,six,,,,,,,,,,,,61,9,53,47,4,0.06557377049180328,0.7712864461218314,1.0477551054649423,1.0,5000,24
99426,0,six,,,,,,,,,,,,61,10,52,47,4,0.06557377049180328,0.7712864461218307,1.047755105464942,1.0,5000,24
