twin_center,control_center,twin_gap,control_gap,twin_entropy,control_entropy,twin_edges,control_edges
522,558,0.25354427204912333,0.1713013424669423,3.7754294877093684,3.7303090088909467,232,233
570,558,0.24350761395229414,0.1713013424669423,3.7331181289765802,3.7303090088909467,229,233
600,594,0.20348324924745614,0.163948085379104,3.7207447710198824,3.7161662421593595,183,182
618,750,0.14637820254058082,0.22946822341376677,3.605702145160342,3.541085603119015,148,148
642,666,0.12486492680808231,0.12703413407538613,3.588990872737118,3.6693765799509546,156,154
660,684,0.12575929570580563,0.174084461229057,3.642711796287704,3.648970221570738,149,149
810,726,0.07438810163128642,0.11236558994316755,3.6648139826601955,3.621131233203163,140,140
822,864,0.10976427386922803,0.10905603561259034,3.5144813180503176,3.478713134593466,112,111
828,900,0.08796810995550652,0.018273222448352403,3.5478044983392714,3.6072934477016414,124,124
858,852,0.10795933305224972,0.09098603464001756,3.4524836198890743,3.4737435257454243,106,105
882,648,0.14370017992175282,0.07078754316440422,3.4510317404201003,3.468196987456368,129,129
1020,1044,0.15508364682000608,0.030278298243408303,3.241797683294743,3.4584973687594323,87,87
1032,1110,0.03435455330582177,0.04753082929652386,3.2673218846675076,3.161126220859724,72,72
1050,1038,0.02584406381364801,0.03593581563819383,3.4591335075425307,3.4002327668182315,84,84
1062,1044,0.05735406994931754,0.030278298243408303,3.413817951239217,3.4584973687594323,87,87
1092,1170,0.06813452882098424,0.09188330991911728,3.49789740949026,3.4642736746237377,96,96
1152,1104,0.05184194663372401,0.017092620524393094,3.4216314766291993,3.453775663148532,77,77
1230,1056,0.07974561456329265,0.0791504905434236,3.248249921332015,3.147323694600596,76,75
1278,1068,0.10568339744562558,0.06260181634139562,3.1561595940719727,3.277094976421445,71,70
1290,1248,0.10952156718914431,0.058380682274894166,3.3195389751949325,3.5136195949111153,89,89
1302,1080,0.15755996270098127,0.08214111000655812,3.244594065931922,3.4027593099131566,83,83
1320,1068,0.06474928748739375,0.06260181634139562,3.300896794740261,3.277094976421445,70,70
1428,1476,0.014947013349255002,0.027518574413301723,3.0858359776656314,3.0413497689493907,47,46
1452,1440,0.04245156234008514,0.016911678503886505,2.8816726809396056,3.0501644723702177,52,52
1482,1758,0.07483320316114427,0.02996606732682895,2.853897164352657,3.091354848901071,50,50
1488,1506,0.032017989733322004,0.053213964890121083,3.009744666134196,3.0778628990061194,54,54
1608,1422,0.05277828060924822,0.021404294705980622,3.1905410497721927,2.8460581208754476,55,55
1620,1518,0.007860612253344581,0.11691636772201408,3.274395617792818,2.973832519355507,56,56
1668,1686,0.060506971439471105,0.1276702264276995,2.993176820087538,2.924923997859727,45,45
1698,1674,0.07225492302239601,0.05821641567042041,2.940771620128617,2.8000391211185556,42,42
1722,1758,0.039162030984056205,0.02996606732682895,3.062670360376535,3.091354848901071,50,50
1788,1728,0.06827688333722312,0.04442314639622531,2.7432210699499184,3.014078923218003,46,46
1872,2040,0.22913458948293466,0.04424100276670062,2.5145480061986833,2.649255734669265,36,36
1878,1704,0.07016346720173597,0.07062807755762136,2.8426670382532064,2.8909998264738266,40,40
1932,1968,0.06129199494191384,0.21179618589040666,2.345578779749581,2.5100958135655715,39,39
1950,1680,0.04094552914724491,0.20405790554532383,3.1323340469089977,2.7902271392303417,49,49
1998,1830,0.17365600956439692,0.039793761537792384,2.8238298563024107,2.54786811489461,44,44
2028,1848,0.06367157477766303,0.022467831688936638,2.506914124982596,2.7887957218057844,37,37
2082,1860,0.32789237655645476,0.1459356758753602,2.0130001698200912,2.691457639488096,42,42
2088,1956,0.032052939812082216,0.026795455423718598,2.416739324894763,2.941003008386262,35,35
2112,1956,0.13240345060226755,0.026795455423718598,2.1835141995776457,2.941003008386262,35,35
2130,1896,0.05447035212371616,0.10945970060810675,2.578974335250304,2.8342100468630487,46,45
2142,1860,0.2407135000212742,0.1459356758753602,2.2460404313650955,2.691457639488096,42,42
2238,1938,0.07619454477033104,0.06280735023751637,2.5905698578932093,2.345570644557846,37,37
2268,2244,0.26297792277782217,0.057087264182190886,1.9661804221777466,2.4178062952743637,26,26
2310,2124,0.13114419755324172,0.3158473766287467,2.0750570186678505,2.0173125763462476,32,32
2340,2124,0.317163199288824,0.3158473766287467,2.0924938080820317,2.0173125763462476,32,32
2382,2400,0.6096117967977925,0.07040505600328309,1.5488371687775784,2.2454598544457016,24,24
2550,2520,0.12588047359835414,0.10297840635781347,1.8161983847569532,1.9664489267970693,26,26
2592,2448,0.05405638787256496,0.033256995945622515,2.7480898383495163,2.60430085859577,29,29
2658,2622,0.725708114822568,0.2928932188134524,1.3498943414398354,1.4720659977752126,18,18
2688,2520,0.1960435585425839,0.10297840635781347,1.4520821133100175,1.9664489267970693,26,26
2712,2538,0.4264852943382419,0.2840476724302531,1.54306966993517,1.6762376184370327,24,24
2730,3030,0.09460603052717713,0.06664474561250003,2.3530253717036027,2.130470276253156,30,30
2790,2718,0.2500000000000003,0.5000000000000002,1.944553340867074,1.3138340331927472,19,19
2802,2700,0.019327083275115398,0.4579164059829835,2.5684895666129908,1.8809866052473088,27,27
2970,2676,0.2738985186275067,0.09827605343195728,1.8217776998619157,1.9197649285177985,24,24
3000,2886,0.15376157219871833,0.48677175000722606,1.8032638464630708,1.5198881970588443,18,18
3120,2916,0.13823870743547845,0.37408976942981353,2.0207321530070947,1.5099389659125095,21,21
3168,2880,0.27268555464920236,0.17298690306825537,1.6399942253093207,1.9287621472751417,19,19
3252,2976,0.16229410133133598,0.2726855546492023,1.6537316316191335,1.6399942253093207,15,15
3258,3096,0.426485294338242,0.1960435585425839,1.5430696699351698,1.4520821133100177,16,16
3300,3006,0.37408976942981315,0.34594266799662515,1.5099389659125095,1.2639167128155817,17,17
3330,3042,0.11538197349257188,0.5000000000000002,1.9247118451142624,1.3138340331927472,19,19
3360,3066,0.1331018956707305,0.5000000000000006,1.9202401645426888,1.3138340331927472,19,19
3372,3138,0.7257081148225679,0.1856839326471237,1.3498943414398354,1.94930172423902,18,18
3390,3192,0.7257081148225679,0.565741454089335,1.3498943414398354,1.3022435533711254,15,15
3462,3234,0.4999999999999998,0.7257081148225683,0.9743147528693494,1.3498943414398357,14,14
3468,3174,0.3068539483828445,0.5657414540893344,1.6995661780171298,1.499631534559362,19,19
3528,3234,0.42264973081037427,0.7257081148225683,1.261202862571566,1.3498943414398357,14,14
3540,3246,0.16971212821298912,0.33506388878226684,1.651164364765287,1.6733191710652415,16,16
3558,3444,0.16971212821298973,0.6909830056250533,1.651164364765287,1.3244102569320977,15,15
3582,3444,0.19604355854258393,0.6909830056250533,1.4520821133100175,1.3244102569320977,15,15
3672,3516,0.7712864461218314,0.19537406380344452,1.0477551054649423,1.7920418651888324,12,12
3768,3474,0.14955792360686015,0.37408976942981265,1.638176862353683,1.5099389659125095,14,14
3822,3534,0.3459426679966248,0.7712864461218313,1.2639167128155815,1.0477551054649423,10,10
3852,4086,1.0,1.0,0.6365141682948128,0.6365141682948128,7,7
3918,3618,0.23623738417402665,0.771286446121831,1.450714609605269,1.047755105464942,12,12
3930,3714,0.7712864461218313,1.3333333333333335,1.0477551054649423,1.0986122886681096,15,15
4002,3702,0.22630876790637863,0.2046663545568726,1.648613730341102,1.480765797970844,14,14
4020,3720,0.5657414540893354,1.0,1.3022435533711254,0.6365141682948128,12,12
4050,3912,0.5000000000000001,0.2928932188134524,1.313834033192747,1.2215183802660192,13,13
4092,3816,1.5,0.3459426679966248,0.6931471805599453,1.2639167128155815,6,6
4128,4134,1.0,1.5,0.6365141682948128,0.6931471805599453,6,6
4158,3924,0.2625951831836577,0.2362373841740266,1.480616415302653,1.450714609605269,15,14
4218,4134,2.0,1.5,-0.0,0.6931471805599453,5,6
4230,4134,1.0,1.5,0.6365141682948128,0.6931471805599453,6,6
4242,3990,0.4999999999999998,1.0,0.9743147528693494,0.6365141682948128,8,8
4260,4098,1.0,1.5,1.0397207708399179,0.6931471805599453,9,9
4272,3984,0.2928932188134523,0.2928932188134523,1.4720659977752126,1.4720659977752124,10,10
4338,4086,1.0,1.0,0.6365141682948128,0.6365141682948128,7,7
4422,4188,1.5,0.5,0.6931471805599453,0.9743147528693494,12,12
4482,4206,1.0,1.0,0.6365141682948128,0.6365141682948128,10,10
4518,4644,1.0,2.0,0.6365141682948128,-0.0,5,5
4548,4254,1.5,1.0,0.6931471805599453,0.6365141682948128,8,8
4638,4764,1.0,2.0,0.6365141682948128,-0.0,4,4
4650,4440,2.0,1.5,-0.0,0.6931471805599453,7,7
4722,4434,0.5,1.5,0.9743147528693494,0.6931471805599453,6,6
4788,4560,0.5,1.5,0.9743147528693494,0.6931471805599453,8,8
4800,4506,1.0,0.19604355854258393,0.6365141682948128,1.4520821133100175,10,10
4932,4656,2.0,1.0,-0.0,0.6365141682948128,6,6
4968,4680,1.0,0.5657414540893354,0.6365141682948128,1.3022435533711254,9,9
5010,4908,1.0,1.0,0.6365141682948128,0.6365141682948128,8,8
5022,4764,1.0,2.0,0.6365141682948128,-0.0,4,4
5100,4848,1.0,1.0,0.6365141682948128,0.6365141682948128,6,6
5232,4956,2.0,0.2928932188134524,-0.0,1.2215183802660192,6,6
5280,4998,2.0,2.0,-0.0,-0.0,5,5
5418,5118,1.0,2.0,0.6365141682948128,-0.0,4,4
5442,5238,2.0,1.0,-0.0,0.6365141682948128,5,5
5478,5184,1.0,2.0,0.6365141682948128,-0.0,6,6
5502,5244,2.0,1.0,-0.0,0.6365141682948128,4,4
5520,5226,2.0,2.0,-0.0,-0.0,6,6
5640,5352,2.0,1.0,-0.0,0.6365141682948128,5,5
5652,5370,2.0,1.0,-0.0,0.6365141682948128,4,4
5658,5358,1.0,1.0,0.6365141682948128,0.6365141682948128,5,5
5742,5538,1.5,1.5,0.6931471805599453,0.6931471805599453,7,7
5850,5622,1.0,2.0,0.6365141682948128,-0.0,3,3
5868,5622,2.0,2.0,-0.0,-0.0,3,3
5880,5622,2.0,2.0,-0.0,-0.0,3,3
6090,5802,0.5,0.4999999999999998,0.9743147528693494,0.9743147528693494,6,6
6132,5904,1.0,2.0,0.6365141682948128,-0.0,7,7
6198,5928,2.0,2.0,-0.0,-0.0,3,3
6270,5976,2.0,2.0,-0.0,-0.0,3,3
6300,6036,1.0,0.5,0.6365141682948128,0.9743147528693494,5,5
6360,6108,0.0,2.0,0.0,-0.0,0,1
6450,6156,2.0,2.0,-0.0,-0.0,2,2
6552,6264,1.0,2.0,0.6365141682948128,-0.0,3,3
6570,6276,2.0,2.0,-0.0,-0.0,3,3
6660,6396,2.0,2.0,-0.0,-0.0,2,2
6690,6390,1.0,1.0,0.6365141682948128,0.6365141682948128,5,5
6702,6456,2.0,2.0,-0.0,-0.0,3,3
6762,6474,2.0,2.0,-0.0,-0.0,2,2
6780,6516,2.0,1.0,-0.0,0.6365141682948128,4,4
6792,6492,1.0,1.0,0.6365141682948128,0.6365141682948128,5,5
6828,6618,2.0,2.0,-0.0,-0.0,1,1
6870,6618,2.0,2.0,-0.0,-0.0,1,1
6948,6684,2.0,1.0,-0.0,0.6365141682948128,4,4
6960,6678,1.0,1.0,0.6365141682948128,0.6365141682948128,3,3
7128,6834,2.0,2.0,-0.0,-0.0,3,3
7212,7002,2.0,2.0,-0.0,-0.0,1,1
7308,7020,1.0,2.0,0.6365141682948128,-0.0,3,3
7332,7044,2.0,2.0,-0.0,-0.0,1,1
7350,7068,1.0,0.5,0.6365141682948128,0.9743147528693494,4,4
7458,7182,2.0,2.0,-0.0,-0.0,1,1
7488,7230,2.0,2.0,-0.0,-0.0,2,2
7548,7278,2.0,1.0,-0.0,0.6365141682948128,3,3
7560,7260,2.0,2.0,-0.0,-0.0,2,2
7590,7290,2.0,2.0,-0.0,-0.0,2,2
7758,7542,1.0,2.0,0.6365141682948128,-0.0,3,3
7878,7584,2.0,2.0,-0.0,-0.0,2,2
7950,7650,2.0,2.0,-0.0,-0.0,1,1
8010,7728,1.0,1.0,0.6365141682948128,0.6365141682948128,3,3
8088,7788,2.0,2.0,-0.0,-0.0,1,1
8220,7944,0.0,0.0,0.0,0.0,0,0
8232,8040,2.0,2.0,-0.0,-0.0,1,1
8292,8148,2.0,2.0,-0.0,-0.0,3,3
8388,8100,2.0,2.0,-0.0,-0.0,2,2
8430,8136,1.0,2.0,0.6365141682948128,-0.0,2,2
8538,8250,2.0,2.0,-0.0,-0.0,1,1
8598,8376,0.0,0.0,0.0,0.0,0,0
8628,8328,2.0,2.0,-0.0,-0.0,1,1
8820,8544,2.0,2.0,-0.0,-0.0,1,1
8838,8544,2.0,2.0,-0.0,-0.0,1,1
8862,8568,0.0,0.0,0.0,0.0,0,0
8970,8682,0.0,0.0,0.0,0.0,0,0
9000,8706,2.0,2.0,-0.0,-0.0,1,1
9012,8730,0.0,0.0,0.0,0.0,0,0
9042,8772,2.0,2.0,-0.0,-0.0,2,2
9240,8940,2.0,2.0,-0.0,-0.0,1,1
9282,8982,2.0,2.0,-0.0,-0.0,1,1
9342,9060,0.0,0.0,0.0,0.0,0,0
9420,9120,0.0,0.0,0.0,0.0,0,0
9432,9138,2.0,2.0,-0.0,-0.0,2,2
9438,9150,2.0,2.0,-0.0,-0.0,1,1
9462,9174,2.0,2.0,-0.0,-0.0,1,1
9630,9348,0.0,0.0,0.0,0.0,0,0
9678,9384,2.0,2.0,-0.0,-0.0,1,1
9720,9480,2.0,2.0,-0.0,-0.0,1,1
9768,9468,0.0,0.0,0.0,0.0,0,0
9858,9558,0.0,0.0,0.0,0.0,0,0
9930,9636,0.0,0.0,0.0,0.0,0,0
10008,9708,0.0,0.0,0.0,0.0,0,0
10038,9762,2.0,2.0,-0.0,-0.0,1,1
10068,9786,0.0,0.0,0.0,0.0,0,0
10092,9816,2.0,2.0,-0.0,-0.0,1,1
10140,9840,0.0,0.0,0.0,0.0,0,0
10272,9972,0.0,0.0,0.0,0.0,0,0
10302,10014,0.0,0.0,0.0,0.0,0,0
10332,10032,0.0,0.0,0.0,0.0,0,0
10428,10128,0.0,0.0,0.0,0.0,0,0
10458,10158,0.0,0.0,0.0,0.0,0,0
10500,10212,0.0,0.0,0.0,0.0,0,0
10530,10236,2.0,2.0,-0.0,-0.0,1,1
10710,10410,0.0,0.0,0.0,0.0,0,0
10860,10560,0.0,0.0,0.0,0.0,0,0
10890,10596,0.0,0.0,0.0,0.0,0,0
10938,10638,0.0,0.0,0.0,0.0,0,0
11058,10758,0.0,0.0,0.0,0.0,0,0
11070,10770,0.0,0.0,0.0,0.0,0,0
11118,10818,0.0,0.0,0.0,0.0,0,0
11160,10866,0.0,0.0,0.0,0.0,0,0
11172,10872,0.0,0.0,0.0,0.0,0,0
11352,11052,0.0,0.0,0.0,0.0,0,0
11490,11190,0.0,0.0,0.0,0.0,0,0
11550,11250,0.0,0.0,0.0,0.0,0,0
11700,11400,0.0,0.0,0.0,0.0,0,0
11718,11418,0.0,0.0,0.0,0.0,0,0
11778,11478,0.0,0.0,0.0,0.0,0,0
11832,11532,0.0,0.0,0.0,0.0,0,0
11940,11640,0.0,0.0,0.0,0.0,0,0
11970,11670,0.0,0.0,0.0,0.0,0,0
12042,11742,0.0,0.0,0.0,0.0,0,0
12072,11772,0.0,0.0,0.0,0.0,0,0
12108,11808,0.0,0.0,0.0,0.0,0,0
12162,11862,0.0,0.0,0.0,0.0,0,0
12240,11946,0.0,0.0,0.0,0.0,0,0
12252,11952,0.0,0.0,0.0,0.0,0,0
12378,12078,0.0,0.0,0.0,0.0,0,0
12540,12246,0.0,0.0,0.0,0.0,0,0
12612,12312,0.0,0.0,0.0,0.0,0,0
12822,12522,0.0,0.0,0.0,0.0,0,0
12918,12618,0.0,0.0,0.0,0.0,0,0
13002,12702,0.0,0.0,0.0,0.0,0,0
13008,12708,0.0,0.0,0.0,0.0,0,0
13218,12924,0.0,0.0,0.0,0.0,0,0
13338,13038,0.0,0.0,0.0,0.0,0,0
13398,13098,0.0,0.0,0.0,0.0,0,0
13680,13380,0.0,0.0,0.0,0.0,0,0
13692,13392,0.0,0.0,0.0,0.0,0,0
13710,13410,0.0,0.0,0.0,0.0,0,0
13722,13422,0.0,0.0,0.0,0.0,0,0
13758,13458,0.0,0.0,0.0,0.0,0,0
13830,13530,0.0,0.0,0.0,0.0,0,0
13878,13578,0.0,0.0,0.0,0.0,0,0
13902,13602,0.0,0.0,0.0,0.0,0,0
13932,13632,0.0,0.0,0.0,0.0,0,0
13998,13698,0.0,0.0,0.0,0.0,0,0
14010,13716,0.0,0.0,0.0,0.0,0,0
14082,13782,0.0,0.0,0.0,0.0,0,0
14250,13950,0.0,0.0,0.0,0.0,0,0
14322,14022,0.0,0.0,0.0,0.0,0,0
14388,14088,0.0,0.0,0.0,0.0,0,0
14448,14148,0.0,0.0,0.0,0.0,0,0
14550,14256,0.0,0.0,0.0,0.0,0,0
14562,14262,0.0,0.0,0.0,0.0,0,0
14592,14292,0.0,0.0,0.0,0.0,0,0
14628,14328,0.0,0.0,0.0,0.0,0,0
14868,14568,0.0,0.0,0.0,0.0,0,0
15138,14838,0.0,0.0,0.0,0.0,0,0
15270,14970,0.0,0.0,0.0,0.0,0,0
15288,14988,0.0,0.0,0.0,0.0,0,0
15330,15030,0.0,0.0,0.0,0.0,0,0
15360,15060,0.0,0.0,0.0,0.0,0,0
15582,15282,0.0,0.0,0.0,0.0,0,0
15642,15342,0.0,0.0,0.0,0.0,0,0
15648,15348,0.0,0.0,0.0,0.0,0,0
15732,15432,0.0,0.0,0.0,0.0,0,0
15738,15438,0.0,0.0,0.0,0.0,0,0
15888,15588,0.0,0.0,0.0,0.0,0,0
15972,15672,0.0,0.0,0.0,0.0,0,0
16062,15762,0.0,0.0,0.0,0.0,0,0
16068,15768,0.0,0.0,0.0,0.0,0,0
16140,15840,0.0,0.0,0.0,0.0,0,0
16188,15894,0.0,0.0,0.0,0.0,0,0
16230,15930,0.0,0.0,0.0,0.0,0,0
16362,16074,0.0,0.0,0.0,0.0,0,0
16452,16152,0.0,0.0,0.0,0.0,0,0
16632,16332,0.0,0.0,0.0,0.0,0,0
16650,16350,0.0,0.0,0.0,0.0,0,0
16692,16392,0.0,0.0,0.0,0.0,0,0
16830,16530,0.0,0.0,0.0,0.0,0,0
16902,16602,0.0,0.0,0.0,0.0,0,0
16980,16680,0.0,0.0,0.0,0.0,0,0
17028,16728,0.0,0.0,0.0,0.0,0,0
17190,16890,0.0,0.0,0.0,0.0,0,0
17208,16908,0.0,0.0,0.0,0.0,0,0
17292,16992,0.0,0.0,0.0,0.0,0,0
17388,17088,0.0,0.0,0.0,0.0,0,0
17418,17118,0.0,0.0,0.0,0.0,0,0
17490,17196,0.0,0.0,0.0,0.0,0,0
17580,17280,0.0,0.0,0.0,0.0,0,0
17598,17298,0.0,0.0,0.0,0.0,0,0
17658,17358,0.0,0.0,0.0,0.0,0,0
17682,17382,0.0,0.0,0.0,0.0,0,0
17748,17448,0.0,0.0,0.0,0.0,0,0
17790,17496,0.0,0.0,0.0,0.0,0,0
17838,17538,0.0,0.0,0.0,0.0,0,0
17910,17610,0.0,0.0,0.0,0.0,0,0
17922,17622,0.0,0.0,0.0,0.0,0,0
17958,17664,0.0,0.0,0.0,0.0,0,0
17988,17688,0.0,0.0,0.0,0.0,0,0
18042,17742,0.0,0.0,0.0,0.0,0,0
18048,17754,0.0,0.0,0.0,0.0,0,0
18060,17760,0.0,0.0,0.0,0.0,0,0
18120,17820,0.0,0.0,0.0,0.0,0,0
18132,17832,0.0,0.0,0.0,0.0,0,0
18252,17952,0.0,0.0,0.0,0.0,0,0
18288,17994,0.0,0.0,0.0,0.0,0,0
18312,18012,0.0,0.0,0.0,0.0,0,0
18522,18222,0.0,0.0,0.0,0.0,0,0
18540,18240,0.0,0.0,0.0,0.0,0,0
18912,18612,0.0,0.0,0.0,0.0,0,0
18918,18618,0.0,0.0,0.0,0.0,0,0
19080,18780,0.0,0.0,0.0,0.0,0,0
19140,18840,0.0,0.0,0.0,0.0,0,0
19182,18882,0.0,0.0,0.0,0.0,0,0
19212,18924,0.0,0.0,0.0,0.0,0,0
19380,19086,0.0,0.0,0.0,0.0,0,0
19422,19122,0.0,0.0,0.0,0.0,0,0
19428,19128,0.0,0.0,0.0,0.0,0,0
19470,19170,0.0,0.0,0.0,0.0,0,0
19542,19242,0.0,0.0,0.0,0.0,0,0
19698,19398,0.0,0.0,0.0,0.0,0,0
19752,19452,0.0,0.0,0.0,0.0,0,0
19842,19548,0.0,0.0,0.0,0.0,0,0
19890,19590,0.0,0.0,0.0,0.0,0,0
19962,19662,0.0,0.0,0.0,0.0,0,0
19992,19692,0.0,0.0,0.0,0.0,0,0
20022,19722,0.0,0.0,0.0,0.0,0,0
20148,19848,0.0,0.0,0.0,0.0,0,0
20232,19932,0.0,0.0,0.0,0.0,0,0
20358,20058,0.0,0.0,0.0,0.0,0,0
20442,20142,0.0,0.0,0.0,0.0,0,0
20478,20178,0.0,0.0,0.0,0.0,0,0
20508,20208,0.0,0.0,0.0,0.0,0,0
20550,20250,0.0,0.0,0.0,0.0,0,0
20640,20340,0.0,0.0,0.0,0.0,0,0
20718,20418,0.0,0.0,0.0,0.0,0,0
20748,20448,0.0,0.0,0.0,0.0,0,0
20772,20472,0.0,0.0,0.0,0.0,0,0
20808,20514,0.0,0.0,0.0,0.0,0,0
20898,20598,0.0,0.0,0.0,0.0,0,0
20982,20682,0.0,0.0,0.0,0.0,0,0
21012,20712,0.0,0.0,0.0,0.0,0,0
21018,20724,0.0,0.0,0.0,0.0,0,0
21060,20760,0.0,0.0,0.0,0.0,0,0
21192,20892,0.0,0.0,0.0,0.0,0,0
21318,21024,0.0,0.0,0.0,0.0,0,0
21378,21078,0.0,0.0,0.0,0.0,0,0
21492,21198,0.0,0.0,0.0,0.0,0,0
21522,21222,0.0,0.0,0.0,0.0,0,0
21558,21258,0.0,0.0,0.0,0.0,0,0
21588,21288,0.0,0.0,0.0,0.0,0,0
21600,21300,0.0,0.0,0.0,0.0,0,0
21612,21312,0.0,0.0,0.0,0.0,0,0
21648,21348,0.0,0.0,0.0,0.0,0,0
21738,21438,0.0,0.0,0.0,0.0,0,0
21840,21540,0.0,0.0,0.0,0.0,0,0
22038,21744,0.0,0.0,0.0,0.0,0,0
22092,21792,0.0,0.0,0.0,0.0,0,0
22110,21810,0.0,0.0,0.0,0.0,0,0
22158,21858,0.0,0.0,0.0,0.0,0,0
22272,21972,0.0,0.0,0.0,0.0,0,0
22278,21978,0.0,0.0,0.0,0.0,0,0
22368,22068,0.0,0.0,0.0,0.0,0,0
22482,22182,0.0,0.0,0.0,0.0,0,0
22542,22242,0.0,0.0,0.0,0.0,0,0
22572,22284,0.0,0.0,0.0,0.0,0,0
22620,22320,0.0,0.0,0.0,0.0,0,0
22638,22338,0.0,0.0,0.0,0.0,0,0
22698,22398,0.0,0.0,0.0,0.0,0,0
22740,22440,0.0,0.0,0.0,0.0,0,0
22860,22560,0.0,0.0,0.0,0.0,0,0
22962,22662,0.0,0.0,0.0,0.0,0,0
23028,22728,0.0,0.0,0.0,0.0,0,0
23040,22746,0.0,0.0,0.0,0.0,0,0
23058,22758,0.0,0.0,0.0,0.0,0,0
23202,22902,0.0,0.0,0.0,0.0,0,0
23292,22992,0.0,0.0,0.0,0.0,0,0
23370,23070,0.0,0.0,0.0,0.0,0,0
23538,23238,0.0,0.0,0.0,0.0,0,0
23562,23262,0.0,0.0,0.0,0.0,0,0
23628,23328,0.0,0.0,0.0,0.0,0,0
23670,23376,0.0,0.0,0.0,0.0,0,0
23688,23388,0.0,0.0,0.0,0.0,0,0
23742,23442,0.0,0.0,0.0,0.0,0,0
23832,23532,0.0,0.0,0.0,0.0,0,0
23910,23610,0.0,0.0,0.0,0.0,0,0
24108,23808,0.0,0.0,0.0,0.0,0,0
24180,23880,0.0,0.0,0.0,0.0,0,0
24372,24072,0.0,0.0,0.0,0.0,0,0
24420,24120,0.0,0.0,0.0,0.0,0,0
24918,24618,0.0,0.0,0.0,0.0,0,0
24978,24678,0.0,0.0,0.0,0.0,0,0
25032,24732,0.0,0.0,0.0,0.0,0,0
25170,24870,0.0,0.0,0.0,0.0,0,0
25302,25002,0.0,0.0,0.0,0.0,0,0
25308,25008,0.0,0.0,0.0,0.0,0,0
25410,25110,0.0,0.0,0.0,0.0,0,0
25470,25176,0.0,0.0,0.0,0.0,0,0
25578,25278,0.0,0.0,0.0,0.0,0,0
25602,25314,0.0,0.0,0.0,0.0,0,0
25800,25500,0.0,0.0,0.0,0.0,0,0
25848,25548,0.0,0.0,0.0,0.0,0,0
25932,25632,0.0,0.0,0.0,0.0,0,0
25998,25698,0.0,0.0,0.0,0.0,0,0
26112,25812,0.0,0.0,0.0,0.0,0,0
26250,25950,0.0,0.0,0.0,0.0,0,0
26262,25962,0.0,0.0,0.0,0.0,0,0
26682,26382,0.0,0.0,0.0,0.0,0,0
26700,26400,0.0,0.0,0.0,0.0,0,0
26712,26412,0.0,0.0,0.0,0.0,0,0
26730,26430,0.0,0.0,0.0,0.0,0,0
26862,26562,0.0,0.0,0.0,0.0,0,0
26880,26580,0.0,0.0,0.0,0.0,0,0
26892,26592,0.0,0.0,0.0,0.0,0,0
26952,26652,0.0,0.0,0.0,0.0,0,0
27060,26760,0.0,0.0,0.0,0.0,0,0
27108,26808,0.0,0.0,0.0,0.0,0,0
27240,26940,0.0,0.0,0.0,0.0,0,0
27282,26982,0.0,0.0,0.0,0.0,0,0
27408,27114,0.0,0.0,0.0,0.0,0,0
27480,27180,0.0,0.0,0.0,0.0,0,0
27528,27228,0.0,0.0,0.0,0.0,0,0
27540,27246,0.0,0.0,0.0,0.0,0,0
27582,27288,0.0,0.0,0.0,0.0,0,0
27690,27390,0.0,0.0,0.0,0.0,0,0
27738,27438,0.0,0.0,0.0,0.0,0,0
27750,27450,0.0,0.0,0.0,0.0,0,0
27792,27492,0.0,0.0,0.0,0.0,0,0
27918,27618,0.0,0.0,0.0,0.0,0,0
27942,27642,0.0,0.0,0.0,0.0,0,0
28098,27798,0.0,0.0,0.0,0.0,0,0
28110,27810,0.0,0.0,0.0,0.0,0,0
28182,27882,0.0,0.0,0.0,0.0,0,0
28278,27978,0.0,0.0,0.0,0.0,0,0
28308,28008,0.0,0.0,0.0,0.0,0,0
28350,28050,0.0,0.0,0.0,0.0,0,0
28410,28116,0.0,0.0,0.0,0.0,0,0
28548,28248,0.0,0.0,0.0,0.0,0,0
28572,28272,0.0,0.0,0.0,0.0,0,0
28620,28320,0.0,0.0,0.0,0.0,0,0
28662,28362,0.0,0.0,0.0,0.0,0,0
28752,28452,0.0,0.0,0.0,0.0,0,0
29022,28722,0.0,0.0,0.0,0.0,0,0
29130,28830,0.0,0.0,0.0,0.0,0,0
29208,28908,0.0,0.0,0.0,0.0,0,0
29388,29088,0.0,0.0,0.0,0.0,0,0
29400,29100,0.0,0.0,0.0,0.0,0,0
29568,29268,0.0,0.0,0.0,0.0,0,0
29670,29370,0.0,0.0,0.0,0.0,0,0
29760,29460,0.0,0.0,0.0,0.0,0,0
29880,29580,0.0,0.0,0.0,0.0,0,0
30012,29712,0.0,0.0,0.0,0.0,0,0
30090,29790,0.0,0.0,0.0,0.0,0,0
30138,29838,0.0,0.0,0.0,0.0,0,0
30270,29970,0.0,0.0,0.0,0.0,0,0
30390,30096,0.0,0.0,0.0,0.0,0,0
30468,30168,0.0,0.0,0.0,0.0,0,0
30492,30192,0.0,0.0,0.0,0.0,0,0
30558,30258,0.0,0.0,0.0,0.0,0,0
30840,30540,0.0,0.0,0.0,0.0,0,0
30852,30552,0.0,0.0,0.0,0.0,0,0
30870,30570,0.0,0.0,0.0,0.0,0,0
31080,30780,0.0,0.0,0.0,0.0,0,0
31122,30822,0.0,0.0,0.0,0.0,0,0
31152,30858,0.0,0.0,0.0,0.0,0,0
31182,30882,0.0,0.0,0.0,0.0,0,0
31248,30948,0.0,0.0,0.0,0.0,0,0
31320,31020,0.0,0.0,0.0,0.0,0,0
31392,31092,0.0,0.0,0.0,0.0,0,0
31512,31212,0.0,0.0,0.0,0.0,0,0
31542,31242,0.0,0.0,0.0,0.0,0,0
31722,31422,0.0,0.0,0.0,0.0,0,0
31728,31428,0.0,0.0,0.0,0.0,0,0
31770,31470,0.0,0.0,0.0,0.0,0,0
31848,31548,0.0,0.0,0.0,0.0,0,0
32028,31734,0.0,0.0,0.0,0.0,0,0
32058,31758,0.0,0.0,0.0,0.0,0,0
32118,31818,0.0,0.0,0.0,0.0,0,0
32142,31842,0.0,0.0,0.0,0.0,0,0
32190,31890,0.0,0.0,0.0,0.0,0,0
32298,31998,0.0,0.0,0.0,0.0,0,0
32322,32022,0.0,0.0,0.0,0.0,0,0
32370,32070,0.0,0.0,0.0,0.0,0,0
32412,32112,0.0,0.0,0.0,0.0,0,0
32442,32148,0.0,0.0,0.0,0.0,0,0
32532,32232,0.0,0.0,0.0,0.0,0,0
32562,32262,0.0,0.0,0.0,0.0,0,0
32610,32310,0.0,0.0,0.0,0.0,0,0
32718,32418,0.0,0.0,0.0,0.0,0,0
32802,32502,0.0,0.0,0.0,0.0,0,0
32832,32538,0.0,0.0,0.0,0.0,0,0
32910,32616,0.0,0.0,0.0,0.0,0,0
32940,32640,0.0,0.0,0.0,0.0,0,0
32970,32670,0.0,0.0,0.0,0.0,0,0
33072,32772,0.0,0.0,0.0,0.0,0,0
33150,32850,0.0,0.0,0.0,0.0,0,0
33180,32880,0.0,0.0,0.0,0.0,0,0
33288,32988,0.0,0.0,0.0,0.0,0,0
33330,33030,0.0,0.0,0.0,0.0,0,0
33348,33048,0.0,0.0,0.0,0.0,0,0
33588,33294,0.0,0.0,0.0,0.0,0,0
33600,33300,0.0,0.0,0.0,0.0,0,0
33618,33318,0.0,0.0,0.0,0.0,0,0
33750,33450,0.0,0.0,0.0,0.0,0,0
33768,33468,0.0,0.0,0.0,0.0,0,0
33810,33510,0.0,0.0,0.0,0.0,0,0
33828,33528,0.0,0.0,0.0,0.0,0,0
34032,33732,0.0,0.0,0.0,0.0,0,0
34128,33834,0.0,0.0,0.0,0.0,0,0
34158,33858,0.0,0.0,0.0,0.0,0,0
34212,33912,0.0,0.0,0.0,0.0,0,0
34260,33960,0.0,0.0,0.0,0.0,0,0
34302,34002,0.0,0.0,0.0,0.0,0,0
34368,34068,0.0,0.0,0.0,0.0,0,0
34470,34170,0.0,0.0,0.0,0.0,0,0
34500,34200,0.0,0.0,0.0,0.0,0,0
34512,34218,0.0,0.0,0.0,0.0,0,0
34590,34290,0.0,0.0,0.0,0.0,0,0
34650,34350,0.0,0.0,0.0,0.0,0,0
34758,34458,0.0,0.0,0.0,0.0,0,0
34842,34542,0.0,0.0,0.0,0.0,0,0
34848,34548,0.0,0.0,0.0,0.0,0,0
34962,34662,0.0,0.0,0.0,0.0,0,0
35052,34752,0.0,0.0,0.0,0.0,0,0
35082,34782,0.0,0.0,0.0,0.0,0,0
35280,34980,0.0,0.0,0.0,0.0,0,0
35448,35148,0.0,0.0,0.0,0.0,0,0
35508,35208,0.0,0.0,0.0,0.0,0,0
35532,35232,0.0,0.0,0.0,0.0,0,0
35592,35292,0.0,0.0,0.0,0.0,0,0
35730,35430,0.0,0.0,0.0,0.0,0,0
35802,35502,0.0,0.0,0.0,0.0,0,0
35838,35538,0.0,0.0,0.0,0.0,0,0
35898,35598,0.0,0.0,0.0,0.0,0,0
36012,35712,0.0,0.0,0.0,0.0,0,0
36108,35808,0.0,0.0,0.0,0.0,0,0
36342,36042,0.0,0.0,0.0,0.0,0,0
36468,36168,0.0,0.0,0.0,0.0,0,0
36528,36228,0.0,0.0,0.0,0.0,0,0
36780,36480,0.0,0.0,0.0,0.0,0,0
36792,36492,0.0,0.0,0.0,0.0,0,0
36900,36600,0.0,0.0,0.0,0.0,0,0
36930,36630,0.0,0.0,0.0,0.0,0,0
37020,36720,0.0,0.0,0.0,0.0,0,0
37200,36906,0.0,0.0,0.0,0.0,0,0
37308,37008,0.0,0.0,0.0,0.0,0,0
37338,37038,0.0,0.0,0.0,0.0,0,0
37362,37062,0.0,0.0,0.0,0.0,0,0
37548,37248,0.0,0.0,0.0,0.0,0,0
37572,37272,0.0,0.0,0.0,0.0,0,0
37590,37290,0.0,0.0,0.0,0.0,0,0
37692,37392,0.0,0.0,0.0,0.0,0,0
37782,37482,0.0,0.0,0.0,0.0,0,0
37812,37512,0.0,0.0,0.0,0.0,0,0
37992,37698,0.0,0.0,0.0,0.0,0,0
38238,37938,0.0,0.0,0.0,0.0,0,0
38328,38028,0.0,0.0,0.0,0.0,0,0
38448,38148,0.0,0.0,0.0,0.0,0,0
38460,38160,0.0,0.0,0.0,0.0,0,0
38568,38268,0.0,0.0,0.0,0.0,0,0
38610,38310,0.0,0.0,0.0,0.0,0,0
38652,38352,0.0,0.0,0.0,0.0,0,0
38670,38370,0.0,0.0,0.0,0.0,0,0
38712,38412,0.0,0.0,0.0,0.0,0,0
38748,38454,0.0,0.0,0.0,0.0,0,0
38922,38622,0.0,0.0,0.0,0.0,0,0
39042,38742,0.0,0.0,0.0,0.0,0,0
39162,38862,0.0,0.0,0.0,0.0,0,0
39228,38928,0.0,0.0,0.0,0.0,0,0
39240,38940,0.0,0.0,0.0,0.0,0,0
39342,39048,0.0,0.0,0.0,0.0,0,0
39372,39072,0.0,0.0,0.0,0.0,0,0
39510,39210,0.0,0.0,0.0,0.0,0,0
39828,39528,0.0,0.0,0.0,0.0,0,0
39840,39540,0.0,0.0,0.0,0.0,0,0
40038,39738,0.0,0.0,0.0,0.0,0,0
40128,39834,0.0,0.0,0.0,0.0,0,0
40152,39852,0.0,0.0,0.0,0.0,0,0
40428,40134,0.0,0.0,0.0,0.0,0,0
40530,40230,0.0,0.0,0.0,0.0,0,0
40638,40338,0.0,0.0,0.0,0.0,0,0
40698,40398,0.0,0.0,0.0,0.0,0,0
40848,40548,0.0,0.0,0.0,0.0,0,0
41142,40842,0.0,0.0,0.0,0.0,0,0
41178,40878,0.0,0.0,0.0,0.0,0,0
41202,40902,0.0,0.0,0.0,0.0,0,0
41232,40932,0.0,0.0,0.0,0.0,0,0
41388,41088,0.0,0.0,0.0,0.0,0,0
41412,41112,0.0,0.0,0.0,0.0,0,0
41520,41220,0.0,0.0,0.0,0.0,0,0
41610,41310,0.0,0.0,0.0,0.0,0,0
41760,41460,0.0,0.0,0.0,0.0,0,0
41850,41550,0.0,0.0,0.0,0.0,0,0
41958,41658,0.0,0.0,0.0,0.0,0,0
41982,41682,0.0,0.0,0.0,0.0,0,0
42018,41718,0.0,0.0,0.0,0.0,0,0
42072,41772,0.0,0.0,0.0,0.0,0,0
42180,41880,0.0,0.0,0.0,0.0,0,0
42222,41922,0.0,0.0,0.0,0.0,0,0
42282,41988,0.0,0.0,0.0,0.0,0,0
42408,42108,0.0,0.0,0.0,0.0,0,0
42462,42162,0.0,0.0,0.0,0.0,0,0
42570,42270,0.0,0.0,0.0,0.0,0,0
42642,42342,0.0,0.0,0.0,0.0,0,0
42702,42402,0.0,0.0,0.0,0.0,0,0
42840,42540,0.0,0.0,0.0,0.0,0,0
42900,42600,0.0,0.0,0.0,0.0,0,0
43050,42750,0.0,0.0,0.0,0.0,0,0
43320,43020,0.0,0.0,0.0,0.0,0,0
43398,43098,0.0,0.0,0.0,0.0,0,0
43542,43242,0.0,0.0,0.0,0.0,0,0
43578,43278,0.0,0.0,0.0,0.0,0,0
43608,43308,0.0,0.0,0.0,0.0,0,0
43650,43350,0.0,0.0,0.0,0.0,0,0
43782,43482,0.0,0.0,0.0,0.0,0,0
43788,43488,0.0,0.0,0.0,0.0,0,0
43890,43590,0.0,0.0,0.0,0.0,0,0
43962,43662,0.0,0.0,0.0,0.0,0,0
44028,43728,0.0,0.0,0.0,0.0,0,0
44088,43794,0.0,0.0,0.0,0.0,0,0
44130,43830,0.0,0.0,0.0,0.0,0,0
44202,43902,0.0,0.0,0.0,0.0,0,0
44268,43968,0.0,0.0,0.0,0.0,0,0
44280,43980,0.0,0.0,0.0,0.0,0,0
44382,44082,0.0,0.0,0.0,0.0,0,0
44532,44232,0.0,0.0,0.0,0.0,0,0
44622,44322,0.0,0.0,0.0,0.0,0,0
44700,44400,0.0,0.0,0.0,0.0,0,0
44772,44472,0.0,0.0,0.0,0.0,0,0
45120,44820,0.0,0.0,0.0,0.0,0,0
45138,44838,0.0,0.0,0.0,0.0,0,0
45180,44880,0.0,0.0,0.0,0.0,0,0
45318,45018,0.0,0.0,0.0,0.0,0,0
45342,45042,0.0,0.0,0.0,0.0,0,0
45588,45288,0.0,0.0,0.0,0.0,0,0
45822,45522,0.0,0.0,0.0,0.0,0,0
46050,45750,0.0,0.0,0.0,0.0,0,0
46092,45792,0.0,0.0,0.0,0.0,0,0
46182,45882,0.0,0.0,0.0,0.0,0,0
46272,45972,0.0,0.0,0.0,0.0,0,0
46308,46008,0.0,0.0,0.0,0.0,0,0
46350,46056,0.0,0.0,0.0,0.0,0,0
46440,46140,0.0,0.0,0.0,0.0,0,0
46590,46290,0.0,0.0,0.0,0.0,0,0
46680,46380,0.0,0.0,0.0,0.0,0,0
46770,46470,0.0,0.0,0.0,0.0,0,0
46818,46518,0.0,0.0,0.0,0.0,0,0
46830,46530,0.0,0.0,0.0,0.0,0,0
47058,46758,0.0,0.0,0.0,0.0,0,0
47148,46848,0.0,0.0,0.0,0.0,0,0
47352,47052,0.0,0.0,0.0,0.0,0,0
47388,47088,0.0,0.0,0.0,0.0,0,0
47418,47118,0.0,0.0,0.0,0.0,0,0
47658,47358,0.0,0.0,0.0,0.0,0,0
47700,47400,0.0,0.0,0.0,0.0,0,0
47712,47412,0.0,0.0,0.0,0.0,0,0
47742,47442,0.0,0.0,0.0,0.0,0,0
47778,47478,0.0,0.0,0.0,0.0,0,0
47808,47508,0.0,0.0,0.0,0.0,0,0
48120,47820,0.0,0.0,0.0,0.0,0,0
48312,48012,0.0,0.0,0.0,0.0,0,0
48408,48108,0.0,0.0,0.0,0.0,0,0
48480,48180,0.0,0.0,0.0,0.0,0,0
48540,48240,0.0,0.0,0.0,0.0,0,0
48648,48348,0.0,0.0,0.0,0.0,0,0
48678,48378,0.0,0.0,0.0,0.0,0,0
48732,48432,0.0,0.0,0.0,0.0,0,0
48780,48486,0.0,0.0,0.0,0.0,0,0
48822,48522,0.0,0.0,0.0,0.0,0,0
48858,48558,0.0,0.0,0.0,0.0,0,0
48870,48570,0.0,0.0,0.0,0.0,0,0
48990,48690,0.0,0.0,0.0,0.0,0,0
49032,48738,0.0,0.0,0.0,0.0,0,0
49122,48828,0.0,0.0,0.0,0.0,0,0
49170,48876,0.0,0.0,0.0,0.0,0,0
49200,48900,0.0,0.0,0.0,0.0,0,0
49278,48978,0.0,0.0,0.0,0.0,0,0
49332,49038,0.0,0.0,0.0,0.0,0,0
49368,49068,0.0,0.0,0.0,0.0,0,0
49392,49092,0.0,0.0,0.0,0.0,0,0
49410,49110,0.0,0.0,0.0,0.0,0,0
49530,49230,0.0,0.0,0.0,0.0,0,0
49548,49248,0.0,0.0,0.0,0.0,0,0
49668,49374,0.0,0.0,0.0,0.0,0,0
49740,49440,0.0,0.0,0.0,0.0,0,0
49788,49488,0.0,0.0,0.0,0.0,0,0
49920,49620,0.0,0.0,0.0,0.0,0,0
49938,49638,0.0,0.0,0.0,0.0,0,0
49992,49692,0.0,0.0,0.0,0.0,0,0
50022,49722,0.0,0.0,0.0,0.0,0,0
50052,49752,0.0,0.0,0.0,0.0,0,0
50130,49830,0.0,0.0,0.0,0.0,0,0
50262,49962,0.0,0.0,0.0,0.0,0,0
50460,50160,0.0,0.0,0.0,0.0,0,0
50550,50250,0.0,0.0,0.0,0.0,0,0
50592,50292,0.0,0.0,0.0,0.0,0,0
50892,50598,0.0,0.0,0.0,0.0,0,0
50970,50670,0.0,0.0,0.0,0.0,0,0
51060,50760,0.0,0.0,0.0,0.0,0,0
51132,50832,0.0,0.0,0.0,0.0,0,0
51198,50898,0.0,0.0,0.0,0.0,0,0
51240,50940,0.0,0.0,0.0,0.0,0,0
51342,51042,0.0,0.0,0.0,0.0,0,0
51348,51048,0.0,0.0,0.0,0.0,0,0
51420,51120,0.0,0.0,0.0,0.0,0,0
51438,51138,0.0,0.0,0.0,0.0,0,0
51480,51180,0.0,0.0,0.0,0.0,0,0
51720,51426,0.0,0.0,0.0,0.0,0,0
51768,51468,0.0,0.0,0.0,0.0,0,0
51828,51528,0.0,0.0,0.0,0.0,0,0
51870,51570,0.0,0.0,0.0,0.0,0,0
51972,51672,0.0,0.0,0.0,0.0,0,0
52068,51774,0.0,0.0,0.0,0.0,0,0
52182,51882,0.0,0.0,0.0,0.0,0,0
52290,51990,0.0,0.0,0.0,0.0,0,0
52362,52062,0.0,0.0,0.0,0.0,0,0
52542,52242,0.0,0.0,0.0,0.0,0,0
52710,52410,0.0,0.0,0.0,0.0,0,0
52860,52560,0.0,0.0,0.0,0.0,0,0
52902,52602,0.0,0.0,0.0,0.0,0,0
53088,52788,0.0,0.0,0.0,0.0,0,0
53148,52848,0.0,0.0,0.0,0.0,0,0
53172,52872,0.0,0.0,0.0,0.0,0,0
53232,52932,0.0,0.0,0.0,0.0,0,0
53268,52968,0.0,0.0,0.0,0.0,0,0
53280,52980,0.0,0.0,0.0,0.0,0,0
53550,53250,0.0,0.0,0.0,0.0,0,0
53592,53292,0.0,0.0,0.0,0.0,0,0
53610,53310,0.0,0.0,0.0,0.0,0,0
53718,53418,0.0,0.0,0.0,0.0,0,0
53898,53598,0.0,0.0,0.0,0.0,0,0
54012,53712,0.0,0.0,0.0,0.0,0,0
54402,54102,0.0,0.0,0.0,0.0,0,0
54420,54120,0.0,0.0,0.0,0.0,0,0
54498,54198,0.0,0.0,0.0,0.0,0,0
54540,54240,0.0,0.0,0.0,0.0,0,0
54582,54282,0.0,0.0,0.0,0.0,0,0
54630,54330,0.0,0.0,0.0,0.0,0,0
54918,54618,0.0,0.0,0.0,0.0,0,0
55050,54750,0.0,0.0,0.0,0.0,0,0
55218,54924,0.0,0.0,0.0,0.0,0,0
55332,55032,0.0,0.0,0.0,0.0,0,0
55338,55038,0.0,0.0,0.0,0.0,0,0
55440,55140,0.0,0.0,0.0,0.0,0,0
55620,55320,0.0,0.0,0.0,0.0,0,0
55632,55344,0.0,0.0,0.0,0.0,0,0
55662,55362,0.0,0.0,0.0,0.0,0,0
55818,55518,0.0,0.0,0.0,0.0,0,0
55902,55602,0.0,0.0,0.0,0.0,0,0
55932,55638,0.0,0.0,0.0,0.0,0,0
56040,55740,0.0,0.0,0.0,0.0,0,0
56100,55800,0.0,0.0,0.0,0.0,0,0
56208,55908,0.0,0.0,0.0,0.0,0,0
56238,55938,0.0,0.0,0.0,0.0,0,0
56268,55968,0.0,0.0,0.0,0.0,0,0
56478,56178,0.0,0.0,0.0,0.0,0,0
56502,56202,0.0,0.0,0.0,0.0,0,0
56532,56232,0.0,0.0,0.0,0.0,0,0
56598,56298,0.0,0.0,0.0,0.0,0,0
56712,56412,0.0,0.0,0.0,0.0,0,0
56808,56508,0.0,0.0,0.0,0.0,0,0
56892,56592,0.0,0.0,0.0,0.0,0,0
56910,56610,0.0,0.0,0.0,0.0,0,0
56922,56622,0.0,0.0,0.0,0.0,0,0
57192,56898,0.0,0.0,0.0,0.0,0,0
57222,56928,0.0,0.0,0.0,0.0,0,0
57270,56970,0.0,0.0,0.0,0.0,0,0
57330,57030,0.0,0.0,0.0,0.0,0,0
57348,57048,0.0,0.0,0.0,0.0,0,0
57528,57228,0.0,0.0,0.0,0.0,0,0
57558,57258,0.0,0.0,0.0,0.0,0,0
57792,57492,0.0,0.0,0.0,0.0,0,0
57900,57600,0.0,0.0,0.0,0.0,0,0
58110,57810,0.0,0.0,0.0,0.0,0,0
58152,57852,0.0,0.0,0.0,0.0,0,0
58170,57870,0.0,0.0,0.0,0.0,0,0
58230,57930,0.0,0.0,0.0,0.0,0,0
58368,58068,0.0,0.0,0.0,0.0,0,0
58392,58092,0.0,0.0,0.0,0.0,0,0
58440,58140,0.0,0.0,0.0,0.0,0,0
58452,58158,0.0,0.0,0.0,0.0,0,0
58602,58302,0.0,0.0,0.0,0.0,0,0
58788,58488,0.0,0.0,0.0,0.0,0,0
58908,58608,0.0,0.0,0.0,0.0,0,0
59010,58710,0.0,0.0,0.0,0.0,0,0
59022,58722,0.0,0.0,0.0,0.0,0,0
59052,58752,0.0,0.0,0.0,0.0,0,0
59208,58914,0.0,0.0,0.0,0.0,0,0
59220,58920,0.0,0.0,0.0,0.0,0,0
59358,59058,0.0,0.0,0.0,0.0,0,0
59418,59118,0.0,0.0,0.0,0.0,0,0
59442,59142,0.0,0.0,0.0,0.0,0,0
59472,59172,0.0,0.0,0.0,0.0,0,0
59628,59328,0.0,0.0,0.0,0.0,0,0
59670,59370,0.0,0.0,0.0,0.0,0,0
60090,59790,0.0,0.0,0.0,0.0,0,0
60102,59802,0.0,0.0,0.0,0.0,0,0
60168,59868,0.0,0.0,0.0,0.0,0,0
60258,59958,0.0,0.0,0.0,0.0,0,0
60648,60348,0.0,0.0,0.0,0.0,0,0
60660,60360,0.0,0.0,0.0,0.0,0,0
60762,60462,0.0,0.0,0.0,0.0,0,0
60888,60588,0.0,0.0,0.0,0.0,0,0
60900,60600,0.0,0.0,0.0,0.0,0,0
60918,60618,0.0,0.0,0.0,0.0,0,0
61152,60852,0.0,0.0,0.0,0.0,0,0
61332,61032,0.0,0.0,0.0,0.0,0,0
61380,61080,0.0,0.0,0.0,0.0,0,0
61470,61170,0.0,0.0,0.0,0.0,0,0
61560,61260,0.0,0.0,0.0,0.0,0,0
61980,61680,0.0,0.0,0.0,0.0,0,0
62130,61830,0.0,0.0,0.0,0.0,0,0
62142,61842,0.0,0.0,0.0,0.0,0,0
62190,61890,0.0,0.0,0.0,0.0,0,0
62298,61998,0.0,0.0,0.0,0.0,0,0
62928,62628,0.0,0.0,0.0,0.0,0,0
62970,62670,0.0,0.0,0.0,0.0,0,0
62982,62682,0.0,0.0,0.0,0.0,0,0
62988,62688,0.0,0.0,0.0,0.0,0,0
63030,62730,0.0,0.0,0.0,0.0,0,0
63198,62898,0.0,0.0,0.0,0.0,0,0
63312,63012,0.0,0.0,0.0,0.0,0,0
63390,63090,0.0,0.0,0.0,0.0,0,0
63420,63120,0.0,0.0,0.0,0.0,0,0
63588,63288,0.0,0.0,0.0,0.0,0,0
63600,63300,0.0,0.0,0.0,0.0,0,0
63648,63348,0.0,0.0,0.0,0.0,0,0
63690,63396,0.0,0.0,0.0,0.0,0,0
63840,63540,0.0,0.0,0.0,0.0,0,0
64152,63852,0.0,0.0,0.0,0.0,0,0
64188,63888,0.0,0.0,0.0,0.0,0,0
64302,64002,0.0,0.0,0.0,0.0,0,0
64452,64158,0.0,0.0,0.0,0.0,0,0
64578,64278,0.0,0.0,0.0,0.0,0,0
64662,64362,0.0,0.0,0.0,0.0,0,0
64782,64482,0.0,0.0,0.0,0.0,0,0
64878,64584,0.0,0.0,0.0,0.0,0,0
64920,64620,0.0,0.0,0.0,0.0,0,0
65028,64728,0.0,0.0,0.0,0.0,0,0
65100,64800,0.0,0.0,0.0,0.0,0,0
65172,64872,0.0,0.0,0.0,0.0,0,0
65268,64968,0.0,0.0,0.0,0.0,0,0
65448,65148,0.0,0.0,0.0,0.0,0,0
65520,65220,0.0,0.0,0.0,0.0,0,0
65538,65238,0.0,0.0,0.0,0.0,0,0
65580,65280,0.0,0.0,0.0,0.0,0,0
65700,65400,0.0,0.0,0.0,0.0,0,0
65718,65418,0.0,0.0,0.0,0.0,0,0
65730,65430,0.0,0.0,0.0,0.0,0,0
65838,65544,0.0,0.0,0.0,0.0,0,0
65928,65628,0.0,0.0,0.0,0.0,0,0
65982,65682,0.0,0.0,0.0,0.0,0,0
66108,65808,0.0,0.0,0.0,0.0,0,0
66360,66060,0.0,0.0,0.0,0.0,0,0
66570,66270,0.0,0.0,0.0,0.0,0,0
66750,66450,0.0,0.0,0.0,0.0,0,0
66852,66552,0.0,0.0,0.0,0.0,0,0
66948,66648,0.0,0.0,0.0,0.0,0,0
67140,66840,0.0,0.0,0.0,0.0,0,0
67188,66888,0.0,0.0,0.0,0.0,0,0
67212,66912,0.0,0.0,0.0,0.0,0,0
67218,66918,0.0,0.0,0.0,0.0,0,0
67272,66972,0.0,0.0,0.0,0.0,0,0
67410,67110,0.0,0.0,0.0,0.0,0,0
67428,67128,0.0,0.0,0.0,0.0,0,0
67578,67278,0.0,0.0,0.0,0.0,0,0
67758,67458,0.0,0.0,0.0,0.0,0,0
67932,67632,0.0,0.0,0.0,0.0,0,0
68112,67812,0.0,0.0,0.0,0.0,0,0
68208,67908,0.0,0.0,0.0,0.0,0,0
68280,67980,0.0,0.0,0.0,0.0,0,0
68448,68148,0.0,0.0,0.0,0.0,0,0
68490,68190,0.0,0.0,0.0,0.0,0,0
68712,68412,0.0,0.0,0.0,0.0,0,0
68820,68520,0.0,0.0,0.0,0.0,0,0
68880,68580,0.0,0.0,0.0,0.0,0,0
68898,68598,0.0,0.0,0.0,0.0,0,0
69030,68730,0.0,0.0,0.0,0.0,0,0
69150,68850,0.0,0.0,0.0,0.0,0,0
69192,68892,0.0,0.0,0.0,0.0,0,0
69258,68958,0.0,0.0,0.0,0.0,0,0
69402,69102,0.0,0.0,0.0,0.0,0,0
69492,69198,0.0,0.0,0.0,0.0,0,0
69498,69198,0.0,0.0,0.0,0.0,0,0
69738,69438,0.0,0.0,0.0,0.0,0,0
69762,69462,0.0,0.0,0.0,0.0,0,0
69828,69528,0.0,0.0,0.0,0.0,0,0
69858,69558,0.0,0.0,0.0,0.0,0,0
69930,69630,0.0,0.0,0.0,0.0,0,0
70002,69702,0.0,0.0,0.0,0.0,0,0
70122,69822,0.0,0.0,0.0,0.0,0,0
70140,69840,0.0,0.0,0.0,0.0,0,0
70182,69882,0.0,0.0,0.0,0.0,0,0
70200,69900,0.0,0.0,0.0,0.0,0,0
70380,70080,0.0,0.0,0.0,0.0,0,0
70458,70158,0.0,0.0,0.0,0.0,0,0
70488,70188,0.0,0.0,0.0,0.0,0,0
70572,70272,0.0,0.0,0.0,0.0,0,0
70620,70320,0.0,0.0,0.0,0.0,0,0
70842,70542,0.0,0.0,0.0,0.0,0,0
70878,70578,0.0,0.0,0.0,0.0,0,0
70920,70626,0.0,0.0,0.0,0.0,0,0
70950,70650,0.0,0.0,0.0,0.0,0,0
70980,70680,0.0,0.0,0.0,0.0,0,0
70998,70698,0.0,0.0,0.0,0.0,0,0
71262,70962,0.0,0.0,0.0,0.0,0,0
71328,71028,0.0,0.0,0.0,0.0,0,0
71340,71040,0.0,0.0,0.0,0.0,0,0
71388,71088,0.0,0.0,0.0,0.0,0,0
71412,71112,0.0,0.0,0.0,0.0,0,0
71472,71172,0.0,0.0,0.0,0.0,0,0
71550,71250,0.0,0.0,0.0,0.0,0,0
71712,71418,0.0,0.0,0.0,0.0,0,0
71808,71508,0.0,0.0,0.0,0.0,0,0
71880,71580,0.0,0.0,0.0,0.0,0,0
72090,71790,0.0,0.0,0.0,0.0,0,0
72102,71802,0.0,0.0,0.0,0.0,0,0
72168,71868,0.0,0.0,0.0,0.0,0,0
72222,71922,0.0,0.0,0.0,0.0,0,0
72228,71928,0.0,0.0,0.0,0.0,0,0
72252,71952,0.0,0.0,0.0,0.0,0,0
72270,71970,0.0,0.0,0.0,0.0,0,0
72468,72174,0.0,0.0,0.0,0.0,0,0
72648,72348,0.0,0.0,0.0,0.0,0,0
72672,72372,0.0,0.0,0.0,0.0,0,0
72870,72570,0.0,0.0,0.0,0.0,0,0
73038,72738,0.0,0.0,0.0,0.0,0,0
73062,72762,0.0,0.0,0.0,0.0,0,0
73362,73068,0.0,0.0,0.0,0.0,0,0
73608,73308,0.0,0.0,0.0,0.0,0,0
73680,73380,0.0,0.0,0.0,0.0,0,0
73848,73548,0.0,0.0,0.0,0.0,0,0
74100,73800,0.0,0.0,0.0,0.0,0,0
74160,73860,0.0,0.0,0.0,0.0,0,0
74202,73902,0.0,0.0,0.0,0.0,0,0
74382,74082,0.0,0.0,0.0,0.0,0,0
74412,74112,0.0,0.0,0.0,0.0,0,0
74508,74208,0.0,0.0,0.0,0.0,0,0
74610,74310,0.0,0.0,0.0,0.0,0,0
74718,74418,0.0,0.0,0.0,0.0,0,0
74730,74430,0.0,0.0,0.0,0.0,0,0
74760,74460,0.0,0.0,0.0,0.0,0,0
75012,74712,0.0,0.0,0.0,0.0,0,0
75168,74868,0.0,0.0,0.0,0.0,0,0
75210,74910,0.0,0.0,0.0,0.0,0,0
75390,75090,0.0,0.0,0.0,0.0,0,0
75402,75102,0.0,0.0,0.0,0.0,0,0
75540,75240,0.0,0.0,0.0,0.0,0,0
75618,75318,0.0,0.0,0.0,0.0,0,0
75708,75408,0.0,0.0,0.0,0.0,0,0
75990,75690,0.0,0.0,0.0,0.0,0,0
76002,75702,0.0,0.0,0.0,0.0,0,0
76080,75780,0.0,0.0,0.0,0.0,0,0
76158,75858,0.0,0.0,0.0,0.0,0,0
76260,75960,0.0,0.0,0.0,0.0,0,0
76368,76068,0.0,0.0,0.0,0.0,0,0
76422,76122,0.0,0.0,0.0,0.0,0,0
76542,76242,0.0,0.0,0.0,0.0,0,0
76650,76350,0.0,0.0,0.0,0.0,0,0
76830,76530,0.0,0.0,0.0,0.0,0,0
76872,76572,0.0,0.0,0.0,0.0,0,0
76962,76662,0.0,0.0,0.0,0.0,0,0
77238,76938,0.0,0.0,0.0,0.0,0,0
77262,76968,0.0,0.0,0.0,0.0,0,0
77268,76968,0.0,0.0,0.0,0.0,0,0
77418,77118,0.0,0.0,0.0,0.0,0,0
77478,77178,0.0,0.0,0.0,0.0,0,0
77490,77190,0.0,0.0,0.0,0.0,0,0
77550,77250,0.0,0.0,0.0,0.0,0,0
77688,77388,0.0,0.0,0.0,0.0,0,0
77712,77412,0.0,0.0,0.0,0.0,0,0
78138,77838,0.0,0.0,0.0,0.0,0,0
78192,77892,0.0,0.0,0.0,0.0,0,0
78438,78144,0.0,0.0,0.0,0.0,0,0
78510,78210,0.0,0.0,0.0,0.0,0,0
78540,78240,0.0,0.0,0.0,0.0,0,0
78570,78270,0.0,0.0,0.0,0.0,0,0
78780,78480,0.0,0.0,0.0,0.0,0,0
78888,78588,0.0,0.0,0.0,0.0,0,0
78978,78678,0.0,0.0,0.0,0.0,0,0
79152,78852,0.0,0.0,0.0,0.0,0,0
79230,78930,0.0,0.0,0.0,0.0,0,0
79398,79098,0.0,0.0,0.0,0.0,0,0
79560,79260,0.0,0.0,0.0,0.0,0,0
79632,79332,0.0,0.0,0.0,0.0,0,0
79692,79392,0.0,0.0,0.0,0.0,0,0
79698,79404,0.0,0.0,0.0,0.0,0,0
79812,79512,0.0,0.0,0.0,0.0,0,0
79842,79542,0.0,0.0,0.0,0.0,0,0
79902,79602,0.0,0.0,0.0,0.0,0,0
79998,79704,0.0,0.0,0.0,0.0,0,0
80148,79848,0.0,0.0,0.0,0.0,0,0
80208,79908,0.0,0.0,0.0,0.0,0,0
80232,79932,0.0,0.0,0.0,0.0,0,0
80448,80154,0.0,0.0,0.0,0.0,0,0
80472,80172,0.0,0.0,0.0,0.0,0,0
80490,80190,0.0,0.0,0.0,0.0,0,0
80628,80328,0.0,0.0,0.0,0.0,0,0
80670,80370,0.0,0.0,0.0,0.0,0,0
80682,80382,0.0,0.0,0.0,0.0,0,0
80748,80454,0.0,0.0,0.0,0.0,0,0
80778,80478,0.0,0.0,0.0,0.0,0,0
80832,80532,0.0,0.0,0.0,0.0,0,0
80910,80610,0.0,0.0,0.0,0.0,0,0
81018,80718,0.0,0.0,0.0,0.0,0,0
81042,80742,0.0,0.0,0.0,0.0,0,0
81048,80754,0.0,0.0,0.0,0.0,0,0
81198,80898,0.0,0.0,0.0,0.0,0,0
81282,80982,0.0,0.0,0.0,0.0,0,0
81372,81072,0.0,0.0,0.0,0.0,0,0
81552,81252,0.0,0.0,0.0,0.0,0,0
81648,81348,0.0,0.0,0.0,0.0,0,0
81702,81402,0.0,0.0,0.0,0.0,0,0
81900,81600,0.0,0.0,0.0,0.0,0,0
81930,81630,0.0,0.0,0.0,0.0,0,0
81972,81672,0.0,0.0,0.0,0.0,0,0
82008,81708,0.0,0.0,0.0,0.0,0,0
82038,81738,0.0,0.0,0.0,0.0,0,0
82140,81840,0.0,0.0,0.0,0.0,0,0
82218,81918,0.0,0.0,0.0,0.0,0,0
82350,82050,0.0,0.0,0.0,0.0,0,0
82470,82170,0.0,0.0,0.0,0.0,0,0
82530,82230,0.0,0.0,0.0,0.0,0,0
82560,82260,0.0,0.0,0.0,0.0,0,0
82722,82422,0.0,0.0,0.0,0.0,0,0
82728,82428,0.0,0.0,0.0,0.0,0,0
82758,82458,0.0,0.0,0.0,0.0,0,0
82812,82512,0.0,0.0,0.0,0.0,0,0
82890,82590,0.0,0.0,0.0,0.0,0,0
83220,82920,0.0,0.0,0.0,0.0,0,0
83232,82932,0.0,0.0,0.0,0.0,0,0
83268,82968,0.0,0.0,0.0,0.0,0,0
83340,83040,0.0,0.0,0.0,0.0,0,0
83400,83100,0.0,0.0,0.0,0.0,0,0
83562,83262,0.0,0.0,0.0,0.0,0,0
83640,83346,0.0,0.0,0.0,0.0,0,0
83718,83418,0.0,0.0,0.0,0.0,0,0
84060,83760,0.0,0.0,0.0,0.0,0,0
84180,83880,0.0,0.0,0.0,0.0,0,0
84222,83922,0.0,0.0,0.0,0.0,0,0
84318,84018,0.0,0.0,0.0,0.0,0,0
84348,84048,0.0,0.0,0.0,0.0,0,0
84390,84090,0.0,0.0,0.0,0.0,0,0
84522,84228,0.0,0.0,0.0,0.0,0,0
84630,84330,0.0,0.0,0.0,0.0,0,0
84810,84510,0.0,0.0,0.0,0.0,0,0
84858,84558,0.0,0.0,0.0,0.0,0,0
84870,84570,0.0,0.0,0.0,0.0,0,0
84978,84678,0.0,0.0,0.0,0.0,0,0
85092,84792,0.0,0.0,0.0,0.0,0,0
85200,84900,0.0,0.0,0.0,0.0,0,0
85332,85032,0.0,0.0,0.0,0.0,0,0
85362,85062,0.0,0.0,0.0,0.0,0,0
85428,85128,0.0,0.0,0.0,0.0,0,0
85452,85152,0.0,0.0,0.0,0.0,0,0
85620,85320,0.0,0.0,0.0,0.0,0,0
85668,85368,0.0,0.0,0.0,0.0,0,0
85818,85518,0.0,0.0,0.0,0.0,0,0
85830,85530,0.0,0.0,0.0,0.0,0,0
85932,85632,0.0,0.0,0.0,0.0,0,0
86028,85728,0.0,0.0,0.0,0.0,0,0
86112,85812,0.0,0.0,0.0,0.0,0,0
86292,85992,0.0,0.0,0.0,0.0,0,0
86352,86052,0.0,0.0,0.0,0.0,0,0
86370,86070,0.0,0.0,0.0,0.0,0,0
86532,86232,0.0,0.0,0.0,0.0,0,0
86628,86328,0.0,0.0,0.0,0.0,0,0
86928,86634,0.0,0.0,0.0,0.0,0,0
87012,86712,0.0,0.0,0.0,0.0,0,0
87120,86820,0.0,0.0,0.0,0.0,0,0
87150,86850,0.0,0.0,0.0,0.0,0,0
87180,86880,0.0,0.0,0.0,0.0,0,0
87222,86922,0.0,0.0,0.0,0.0,0,0
87252,86952,0.0,0.0,0.0,0.0,0,0
87510,87210,0.0,0.0,0.0,0.0,0,0
87540,87240,0.0,0.0,0.0,0.0,0,0
87558,87258,0.0,0.0,0.0,0.0,0,0
87588,87288,0.0,0.0,0.0,0.0,0,0
87630,87330,0.0,0.0,0.0,0.0,0,0
87642,87342,0.0,0.0,0.0,0.0,0,0
87720,87420,0.0,0.0,0.0,0.0,0,0
87960,87660,0.0,0.0,0.0,0.0,0,0
88002,87702,0.0,0.0,0.0,0.0,0,0
88260,87966,0.0,0.0,0.0,0.0,0,0
88338,88038,0.0,0.0,0.0,0.0,0,0
88470,88170,0.0,0.0,0.0,0.0,0,0
88590,88290,0.0,0.0,0.0,0.0,0,0
88608,88308,0.0,0.0,0.0,0.0,0,0
88662,88362,0.0,0.0,0.0,0.0,0,0
88800,88500,0.0,0.0,0.0,0.0,0,0
88812,88512,0.0,0.0,0.0,0.0,0,0
88818,88518,0.0,0.0,0.0,0.0,0,0
89070,88770,0.0,0.0,0.0,0.0,0,0
89520,89220,0.0,0.0,0.0,0.0,0,0
89562,89262,0.0,0.0,0.0,0.0,0,0
89598,89298,0.0,0.0,0.0,0.0,0,0
89658,89358,0.0,0.0,0.0,0.0,0,0
89670,89370,0.0,0.0,0.0,0.0,0,0
89820,89526,0.0,0.0,0.0,0.0,0,0
89898,89604,0.0,0.0,0.0,0.0,0,0
90018,89718,0.0,0.0,0.0,0.0,0,0
90072,89772,0.0,0.0,0.0,0.0,0,0
90198,89904,0.0,0.0,0.0,0.0,0,0
90372,90078,0.0,0.0,0.0,0.0,0,0
90402,90102,0.0,0.0,0.0,0.0,0,0
90438,90138,0.0,0.0,0.0,0.0,0,0
90528,90228,0.0,0.0,0.0,0.0,0,0
90618,90318,0.0,0.0,0.0,0.0,0,0
90678,90378,0.0,0.0,0.0,0.0,0,0
90822,90522,0.0,0.0,0.0,0.0,0,0
91080,90780,0.0,0.0,0.0,0.0,0,0
91098,90798,0.0,0.0,0.0,0.0,0,0
91128,90828,0.0,0.0,0.0,0.0,0,0
91140,90840,0.0,0.0,0.0,0.0,0,0
91152,90852,0.0,0.0,0.0,0.0,0,0
91368,91068,0.0,0.0,0.0,0.0,0,0
91458,91158,0.0,0.0,0.0,0.0,0,0
91572,91272,0.0,0.0,0.0,0.0,0,0
91812,91512,0.0,0.0,0.0,0.0,0,0
91968,91668,0.0,0.0,0.0,0.0,0,0
92178,91878,0.0,0.0,0.0,0.0,0,0
92220,91920,0.0,0.0,0.0,0.0,0,0
92382,92082,0.0,0.0,0.0,0.0,0,0
92400,92100,0.0,0.0,0.0,0.0,0,0
92460,92160,0.0,0.0,0.0,0.0,0,0
92568,92268,0.0,0.0,0.0,0.0,0,0
92640,92340,0.0,0.0,0.0,0.0,0,0
92670,92370,0.0,0.0,0.0,0.0,0,0
92682,92388,0.0,0.0,0.0,0.0,0,0
92790,92490,0.0,0.0,0.0,0.0,0,0
92862,92562,0.0,0.0,0.0,0.0,0,0
92958,92658,0.0,0.0,0.0,0.0,0,0
93132,92832,0.0,0.0,0.0,0.0,0,0
93240,92940,0.0,0.0,0.0,0.0,0,0
93252,92952,0.0,0.0,0.0,0.0,0,0
93282,92982,0.0,0.0,0.0,0.0,0,0
93480,93180,0.0,0.0,0.0,0.0,0,0
93492,93192,0.0,0.0,0.0,0.0,0,0
93558,93258,0.0,0.0,0.0,0.0,0,0
93702,93402,0.0,0.0,0.0,0.0,0,0
93762,93462,0.0,0.0,0.0,0.0,0,0
93810,93510,0.0,0.0,0.0,0.0,0,0
93888,93588,0.0,0.0,0.0,0.0,0,0
93912,93612,0.0,0.0,0.0,0.0,0,0
94008,93708,0.0,0.0,0.0,0.0,0,0
94110,93816,0.0,0.0,0.0,0.0,0,0
94152,93852,0.0,0.0,0.0,0.0,0,0
94308,94014,0.0,0.0,0.0,0.0,0,0
94350,94050,0.0,0.0,0.0,0.0,0,0
94398,94098,0.0,0.0,0.0,0.0,0,0
94440,94140,0.0,0.0,0.0,0.0,0,0
94530,94230,0.0,0.0,0.0,0.0,0,0
94542,94242,0.0,0.0,0.0,0.0,0,0
94560,94260,0.0,0.0,0.0,0.0,0,0
94650,94356,0.0,0.0,0.0,0.0,0,0
94848,94548,0.0,0.0,0.0,0.0,0,0
94950,94656,0.0,0.0,0.0,0.0,0,0
95088,94788,0.0,0.0,0.0,0.0,0,0
95190,94890,0.0,0.0,0.0,0.0,0,0
95232,94932,0.0,0.0,0.0,0.0,0,0
95442,95142,0.0,0.0,0.0,0.0,0,0
95790,95490,0.0,0.0,0.0,0.0,0,0
95802,95502,0.0,0.0,0.0,0.0,0,0
95958,95658,0.0,0.0,0.0,0.0,0,0
95988,95688,0.0,0.0,0.0,0.0,0,0
96180,95880,0.0,0.0,0.0,0.0,0,0
96222,95922,0.0,0.0,0.0,0.0,0,0
96330,96030,0.0,0.0,0.0,0.0,0,0
96588,96288,0.0,0.0,0.0,0.0,0,0
96738,96438,0.0,0.0,0.0,0.0,0,0
96798,96498,0.0,0.0,0.0,0.0,0,0
96822,96522,0.0,0.0,0.0,0.0,0,0
97002,96702,0.0,0.0,0.0,0.0,0,0
97158,96858,0.0,0.0,0.0,0.0,0,0
97170,96870,0.0,0.0,0.0,0.0,0,0
97302,97008,0.0,0.0,0.0,0.0,0,0
97368,97068,0.0,0.0,0.0,0.0,0,0
97380,97080,0.0,0.0,0.0,0.0,0,0
97500,97200,0.0,0.0,0.0,0.0,0,0
97548,97248,0.0,0.0,0.0,0.0,0,0
97578,97278,0.0,0.0,0.0,0.0,0,0
97608,97308,0.0,0.0,0.0,0.0,0,0
97650,97350,0.0,0.0,0.0,0.0,0,0
97788,97488,0.0,0.0,0.0,0.0,0,0
97842,97542,0.0,0.0,0.0,0.0,0,0
97848,97554,0.0,0.0,0.0,0.0,0,0
97860,97560,0.0,0.0,0.0,0.0,0,0
98010,97710,0.0,0.0,0.0,0.0,0,0
98298,97998,0.0,0.0,0.0,0.0,0,0
98322,98022,0.0,0.0,0.0,0.0,0,0
98388,98088,0.0,0.0,0.0,0.0,0,0
98562,98262,0.0,0.0,0.0,0.0,0,0
98640,98340,0.0,0.0,0.0,0.0,0,0
98712,98412,0.0,0.0,0.0,0.0,0,0
98730,98430,0.0,0.0,0.0,0.0,0,0
98808,98508,0.0,0.0,0.0,0.0,0,0
98868,98568,0.0,0.0,0.0,0.0,0,0
98898,98598,0.0,0.0,0.0,0.0,0,0
98910,98610,0.0,0.0,0.0,0.0,0,0
98928,98628,0.0,0.0,0.0,0.0,0,0
99132,98832,0.0,0.0,0.0,0.0,0,0
99138,98838,0.0,0.0,0.0,0.0,0,0
99258,98958,0.0,0.0,0.0,0.0,0,0
99348,99048,0.0,0.0,0.0,0.0,0,0
99528,99228,0.0,0.0,0.0,0.0,0,0
99708,99408,0.0,0.0,0.0,0.0,0,0
99720,99420,0.0,0.0,0.0,0.0,0,0
99990,99690,0.0,0.0,0.0,0.0,0,0
100152,99852,0.0,0.0,0.0,0.0,0,0
100362,100062,0.0,0.0,0.0,0.0,0,0
100392,100092,0.0,0.0,0.0,0.0,0,0
100518,100218,0.0,0.0,0.0,0.0,0,0
100548,100248,0.0,0.0,0.0,0.0,0,0
100800,100500,0.0,0.0,0.0,0.0,0,0
101112,100812,0.0,0.0,0.0,0.0,0,0
101118,100818,0.0,0.0,0.0,0.0,0,0
101160,100860,0.0,0.0,0.0,0.0,0,0
101208,100908,0.0,0.0,0.0,0.0,0,0
101280,100980,0.0,0.0,0.0,0.0,0,0
101502,101202,0.0,0.0,0.0,0.0,0,0
101532,101232,0.0,0.0,0.0,0.0,0,0
101748,101448,0.0,0.0,0.0,0.0,0,0
101838,101538,0.0,0.0,0.0,0.0,0,0
102000,101700,0.0,0.0,0.0,0.0,0,0
102060,101760,0.0,0.0,0.0,0.0,0,0
102078,101778,0.0,0.0,0.0,0.0,0,0
102102,101802,0.0,0.0,0.0,0.0,0,0
102198,101898,0.0,0.0,0.0,0.0,0,0
102252,101952,0.0,0.0,0.0,0.0,0,0
102300,102006,0.0,0.0,0.0,0.0,0,0
102408,102108,0.0,0.0,0.0,0.0,0,0
102498,102204,0.0,0.0,0.0,0.0,0,0
102678,102378,0.0,0.0,0.0,0.0,0,0
102762,102462,0.0,0.0,0.0,0.0,0,0
102912,102612,0.0,0.0,0.0,0.0,0,0
102930,102630,0.0,0.0,0.0,0.0,0,0
103068,102768,0.0,0.0,0.0,0.0,0,0
103092,102792,0.0,0.0,0.0,0.0,0,0
103290,102990,0.0,0.0,0.0,0.0,0,0
103392,103098,0.0,0.0,0.0,0.0,0,0
103422,103122,0.0,0.0,0.0,0.0,0,0
103812,103512,0.0,0.0,0.0,0.0,0,0
103842,103542,0.0,0.0,0.0,0.0,0,0
103968,103668,0.0,0.0,0.0,0.0,0,0
103980,103680,0.0,0.0,0.0,0.0,0,0
103992,103692,0.0,0.0,0.0,0.0,0,0
104088,103788,0.0,0.0,0.0,0.0,0,0
104148,103848,0.0,0.0,0.0,0.0,0,0
104232,103932,0.0,0.0,0.0,0.0,0,0
104310,104010,0.0,0.0,0.0,0.0,0,0
104382,104082,0.0,0.0,0.0,0.0,0,0
104472,104172,0.0,0.0,0.0,0.0,0,0
104550,104250,0.0,0.0,0.0,0.0,0,0
104682,104388,0.0,0.0,0.0,0.0,0,0
104760,104460,0.0,0.0,0.0,0.0,0,0
104802,104502,0.0,0.0,0.0,0.0,0,0
104850,104556,0.0,0.0,0.0,0.0,0,0
105228,104928,0.0,0.0,0.0,0.0,0,0
105252,104952,0.0,0.0,0.0,0.0,0,0
105360,105060,0.0,0.0,0.0,0.0,0,0
105528,105234,0.0,0.0,0.0,0.0,0,0
105768,105468,0.0,0.0,0.0,0.0,0,0
106032,105732,0.0,0.0,0.0,0.0,0,0
106122,105822,0.0,0.0,0.0,0.0,0,0
106188,105888,0.0,0.0,0.0,0.0,0,0
106218,105918,0.0,0.0,0.0,0.0,0,0
106278,105978,0.0,0.0,0.0,0.0,0,0
106320,106020,0.0,0.0,0.0,0.0,0,0
106452,106152,0.0,0.0,0.0,0.0,0,0
106542,106242,0.0,0.0,0.0,0.0,0,0
106620,106326,0.0,0.0,0.0,0.0,0,0
106662,106362,0.0,0.0,0.0,0.0,0,0
106752,106458,0.0,0.0,0.0,0.0,0,0
106782,106482,0.0,0.0,0.0,0.0,0,0
106860,106560,0.0,0.0,0.0,0.0,0,0
106962,106668,0.0,0.0,0.0,0.0,0,0
107070,106770,0.0,0.0,0.0,0.0,0,0
107100,106800,0.0,0.0,0.0,0.0,0,0
107508,107208,0.0,0.0,0.0,0.0,0,0
107718,107418,0.0,0.0,0.0,0.0,0,0
107838,107538,0.0,0.0,0.0,0.0,0,0
108012,107712,0.0,0.0,0.0,0.0,0,0
108108,107808,0.0,0.0,0.0,0.0,0,0
108192,107892,0.0,0.0,0.0,0.0,0,0
108288,107988,0.0,0.0,0.0,0.0,0,0
108378,108078,0.0,0.0,0.0,0.0,0,0
108462,108162,0.0,0.0,0.0,0.0,0,0
108498,108198,0.0,0.0,0.0,0.0,0,0
108708,108408,0.0,0.0,0.0,0.0,0,0
108792,108492,0.0,0.0,0.0,0.0,0,0
108882,108582,0.0,0.0,0.0,0.0,0,0
108948,108648,0.0,0.0,0.0,0.0,0,0
108960,108660,0.0,0.0,0.0,0.0,0,0
109140,108840,0.0,0.0,0.0,0.0,0,0
109170,108870,0.0,0.0,0.0,0.0,0,0
109200,108900,0.0,0.0,0.0,0.0,0,0
109452,109152,0.0,0.0,0.0,0.0,0,0
109470,109176,0.0,0.0,0.0,0.0,0,0
109518,109218,0.0,0.0,0.0,0.0,0,0
109620,109320,0.0,0.0,0.0,0.0,0,0
109662,109362,0.0,0.0,0.0,0.0,0,0
109830,109530,0.0,0.0,0.0,0.0,0,0
109842,109542,0.0,0.0,0.0,0.0,0,0
109848,109548,0.0,0.0,0.0,0.0,0,0
110322,110022,0.0,0.0,0.0,0.0,0,0
110478,110178,0.0,0.0,0.0,0.0,0,0
110502,110202,0.0,0.0,0.0,0.0,0,0
110568,110268,0.0,0.0,0.0,0.0,0,0
110730,110430,0.0,0.0,0.0,0.0,0,0
110820,110520,0.0,0.0,0.0,0.0,0,0
110880,110580,0.0,0.0,0.0,0.0,0,0
110922,110622,0.0,0.0,0.0,0.0,0,0
111030,110736,0.0,0.0,0.0,0.0,0,0
111120,110826,0.0,0.0,0.0,0.0,0,0
111228,110928,0.0,0.0,0.0,0.0,0,0
111270,110970,0.0,0.0,0.0,0.0,0,0
111492,111192,0.0,0.0,0.0,0.0,0,0
111732,111432,0.0,0.0,0.0,0.0,0,0
111780,111480,0.0,0.0,0.0,0.0,0,0
111828,111528,0.0,0.0,0.0,0.0,0,0
111870,111570,0.0,0.0,0.0,0.0,0,0
112068,111768,0.0,0.0,0.0,0.0,0,0
112248,111948,0.0,0.0,0.0,0.0,0,0
112290,111990,0.0,0.0,0.0,0.0,0,0
112338,112038,0.0,0.0,0.0,0.0,0,0
112362,112062,0.0,0.0,0.0,0.0,0,0
112572,112272,0.0,0.0,0.0,0.0,0,0
112602,112302,0.0,0.0,0.0,0.0,0,0
112758,112458,0.0,0.0,0.0,0.0,0,0
112920,112620,0.0,0.0,0.0,0.0,0,0
113022,112722,0.0,0.0,0.0,0.0,0,0
113040,112740,0.0,0.0,0.0,0.0,0,0
113082,112782,0.0,0.0,0.0,0.0,0,0
113148,112848,0.0,0.0,0.0,0.0,0,0
113160,112860,0.0,0.0,0.0,0.0,0,0
113172,112872,0.0,0.0,0.0,0.0,0,0
113328,113028,0.0,0.0,0.0,0.0,0,0
113358,113058,0.0,0.0,0.0,0.0,0,0
113382,113088,0.0,0.0,0.0,0.0,0,0
113538,113238,0.0,0.0,0.0,0.0,0,0
113622,113322,0.0,0.0,0.0,0.0,0,0
113718,113418,0.0,0.0,0.0,0.0,0,0
113760,113460,0.0,0.0,0.0,0.0,0,0
113778,113478,0.0,0.0,0.0,0.0,0,0
114042,113742,0.0,0.0,0.0,0.0,0,0
114198,113898,0.0,0.0,0.0,0.0,0,0
114600,114300,0.0,0.0,0.0,0.0,0,0
114642,114342,0.0,0.0,0.0,0.0,0,0
114660,114360,0.0,0.0,0.0,0.0,0,0
114690,114390,0.0,0.0,0.0,0.0,0,0
114798,114498,0.0,0.0,0.0,0.0,0,0
115020,114720,0.0,0.0,0.0,0.0,0,0
115152,114852,0.0,0.0,0.0,0.0,0,0
115302,115002,0.0,0.0,0.0,0.0,0,0
115320,115026,0.0,0.0,0.0,0.0,0,0
115362,115062,0.0,0.0,0.0,0.0,0,0
115470,115170,0.0,0.0,0.0,0.0,0,0
115602,115308,0.0,0.0,0.0,0.0,0,0
115770,115476,0.0,0.0,0.0,0.0,0,0
115782,115482,0.0,0.0,0.0,0.0,0,0
115860,115560,0.0,0.0,0.0,0.0,0,0
115878,115578,0.0,0.0,0.0,0.0,0,0
115902,115608,0.0,0.0,0.0,0.0,0,0
115932,115632,0.0,0.0,0.0,0.0,0,0
115980,115680,0.0,0.0,0.0,0.0,0,0
116100,115800,0.0,0.0,0.0,0.0,0,0
116190,115890,0.0,0.0,0.0,0.0,0,0
116532,116232,0.0,0.0,0.0,0.0,0,0
116538,116238,0.0,0.0,0.0,0.0,0,0
116688,116388,0.0,0.0,0.0,0.0,0,0
116790,116490,0.0,0.0,0.0,0.0,0,0
116928,116628,0.0,0.0,0.0,0.0,0,0
117042,116742,0.0,0.0,0.0,0.0,0,0
117192,116892,0.0,0.0,0.0,0.0,0,0
117240,116940,0.0,0.0,0.0,0.0,0,0
117330,117030,0.0,0.0,0.0,0.0,0,0
117372,117072,0.0,0.0,0.0,0.0,0,0
117498,117198,0.0,0.0,0.0,0.0,0,0
117540,117246,0.0,0.0,0.0,0.0,0,0
117618,117318,0.0,0.0,0.0,0.0,0,0
117672,117378,0.0,0.0,0.0,0.0,0,0
117702,117402,0.0,0.0,0.0,0.0,0,0
117810,117510,0.0,0.0,0.0,0.0,0,0
117840,117546,0.0,0.0,0.0,0.0,0,0
117882,117582,0.0,0.0,0.0,0.0,0,0
117978,117678,0.0,0.0,0.0,0.0,0,0
117990,117690,0.0,0.0,0.0,0.0,0,0
118170,117870,0.0,0.0,0.0,0.0,0,0
118212,117912,0.0,0.0,0.0,0.0,0,0
118248,117948,0.0,0.0,0.0,0.0,0,0
118410,118110,0.0,0.0,0.0,0.0,0,0
118620,118320,0.0,0.0,0.0,0.0,0,0
118800,118500,0.0,0.0,0.0,0.0,0,0
118902,118602,0.0,0.0,0.0,0.0,0,0
119088,118788,0.0,0.0,0.0,0.0,0,0
119100,118806,0.0,0.0,0.0,0.0,0,0
119130,118830,0.0,0.0,0.0,0.0,0,0
119292,118992,0.0,0.0,0.0,0.0,0,0
119298,118998,0.0,0.0,0.0,0.0,0,0
119418,119118,0.0,0.0,0.0,0.0,0,0
119550,119250,0.0,0.0,0.0,0.0,0,0
119658,119358,0.0,0.0,0.0,0.0,0,0
119688,119388,0.0,0.0,0.0,0.0,0,0
119700,119400,0.0,0.0,0.0,0.0,0,0
119772,119472,0.0,0.0,0.0,0.0,0,0
119850,119556,0.0,0.0,0.0,0.0,0,0
119922,119622,0.0,0.0,0.0,0.0,0,0
119982,119682,0.0,0.0,0.0,0.0,0,0
120048,119748,0.0,0.0,0.0,0.0,0,0
120078,119778,0.0,0.0,0.0,0.0,0,0
120690,120390,0.0,0.0,0.0,0.0,0,0
120738,120438,0.0,0.0,0.0,0.0,0,0
120918,120618,0.0,0.0,0.0,0.0,0,0
120942,120642,0.0,0.0,0.0,0.0,0,0
121020,120720,0.0,0.0,0.0,0.0,0,0
121062,120762,0.0,0.0,0.0,0.0,0,0
121170,120870,0.0,0.0,0.0,0.0,0,0
121350,121050,0.0,0.0,0.0,0.0,0,0
121368,121068,0.0,0.0,0.0,0.0,0,0
121440,121140,0.0,0.0,0.0,0.0,0,0
121578,121278,0.0,0.0,0.0,0.0,0,0
121608,121308,0.0,0.0,0.0,0.0,0,0
121632,121332,0.0,0.0,0.0,0.0,0,0
121788,121488,0.0,0.0,0.0,0.0,0,0
121950,121650,0.0,0.0,0.0,0.0,0,0
122028,121728,0.0,0.0,0.0,0.0,0,0
122040,121740,0.0,0.0,0.0,0.0,0,0
122052,121752,0.0,0.0,0.0,0.0,0,0
122148,121848,0.0,0.0,0.0,0.0,0,0
122202,121902,0.0,0.0,0.0,0.0,0,0
122208,121908,0.0,0.0,0.0,0.0,0,0
122322,122022,0.0,0.0,0.0,0.0,0,0
122388,122088,0.0,0.0,0.0,0.0,0,0
122400,122100,0.0,0.0,0.0,0.0,0,0
122502,122214,0.0,0.0,0.0,0.0,0,0
122598,122298,0.0,0.0,0.0,0.0,0,0
122610,122310,0.0,0.0,0.0,0.0,0,0
122652,122352,0.0,0.0,0.0,0.0,0,0
122742,122442,0.0,0.0,0.0,0.0,0,0
122868,122568,0.0,0.0,0.0,0.0,0,0
123378,123078,0.0,0.0,0.0,0.0,0,0
123492,123192,0.0,0.0,0.0,0.0,0,0
123552,123252,0.0,0.0,0.0,0.0,0,0
123582,123282,0.0,0.0,0.0,0.0,0,0
123732,123432,0.0,0.0,0.0,0.0,0,0
124122,123822,0.0,0.0,0.0,0.0,0,0
124182,123882,0.0,0.0,0.0,0.0,0,0
124248,123948,0.0,0.0,0.0,0.0,0,0
124302,124002,0.0,0.0,0.0,0.0,0,0
124338,124038,0.0,0.0,0.0,0.0,0,0
124350,124050,0.0,0.0,0.0,0.0,0,0
124428,124128,0.0,0.0,0.0,0.0,0,0
124542,124242,0.0,0.0,0.0,0.0,0,0
124770,124470,0.0,0.0,0.0,0.0,0,0
124782,124482,0.0,0.0,0.0,0.0,0,0
124908,124608,0.0,0.0,0.0,0.0,0,0
124980,124680,0.0,0.0,0.0,0.0,0,0
125118,124818,0.0,0.0,0.0,0.0,0,0
125220,124920,0.0,0.0,0.0,0.0,0,0
125508,125208,0.0,0.0,0.0,0.0,0,0
125640,125340,0.0,0.0,0.0,0.0,0,0
125790,125490,0.0,0.0,0.0,0.0,0,0
125898,125598,0.0,0.0,0.0,0.0,0,0
125928,125628,0.0,0.0,0.0,0.0,0,0
126012,125712,0.0,0.0,0.0,0.0,0,0
126228,125934,0.0,0.0,0.0,0.0,0,0
126492,126192,0.0,0.0,0.0,0.0,0,0
126612,126312,0.0,0.0,0.0,0.0,0,0
126858,126558,0.0,0.0,0.0,0.0,0,0
127032,126732,0.0,0.0,0.0,0.0,0,0
127080,126780,0.0,0.0,0.0,0.0,0,0
127218,126918,0.0,0.0,0.0,0.0,0,0
127248,126948,0.0,0.0,0.0,0.0,0,0
127290,126990,0.0,0.0,0.0,0.0,0,0
127608,127308,0.0,0.0,0.0,0.0,0,0
127680,127380,0.0,0.0,0.0,0.0,0,0
127710,127410,0.0,0.0,0.0,0.0,0,0
127818,127518,0.0,0.0,0.0,0.0,0,0
128112,127812,0.0,0.0,0.0,0.0,0,0
128202,127902,0.0,0.0,0.0,0.0,0,0
128238,127938,0.0,0.0,0.0,0.0,0,0
128340,128040,0.0,0.0,0.0,0.0,0,0
128412,128118,0.0,0.0,0.0,0.0,0,0
128520,128220,0.0,0.0,0.0,0.0,0,0
128550,128250,0.0,0.0,0.0,0.0,0,0
128658,128358,0.0,0.0,0.0,0.0,0,0
128748,128448,0.0,0.0,0.0,0.0,0,0
128832,128532,0.0,0.0,0.0,0.0,0,0
128940,128640,0.0,0.0,0.0,0.0,0,0
128970,128670,0.0,0.0,0.0,0.0,0,0
128982,128682,0.0,0.0,0.0,0.0,0,0
129120,128820,0.0,0.0,0.0,0.0,0,0
129222,128922,0.0,0.0,0.0,0.0,0,0
129288,128988,0.0,0.0,0.0,0.0,0,0
129402,129102,0.0,0.0,0.0,0.0,0,0
129498,129198,0.0,0.0,0.0,0.0,0,0
129528,129228,0.0,0.0,0.0,0.0,0,0
129588,129294,0.0,0.0,0.0,0.0,0,0
129630,129330,0.0,0.0,0.0,0.0,0,0
129642,129342,0.0,0.0,0.0,0.0,0,0
129918,129618,0.0,0.0,0.0,0.0,0,0
130200,129900,0.0,0.0,0.0,0.0,0,0
130260,129960,0.0,0.0,0.0,0.0,0,0
130368,130068,0.0,0.0,0.0,0.0,0,0
130410,130110,0.0,0.0,0.0,0.0,0,0
130620,130320,0.0,0.0,0.0,0.0,0,0
130632,130332,0.0,0.0,0.0,0.0,0,0
130650,130350,0.0,0.0,0.0,0.0,0,0
130842,130542,0.0,0.0,0.0,0.0,0,0
131010,130710,0.0,0.0,0.0,0.0,0,0
131112,130812,0.0,0.0,0.0,0.0,0,0
131250,130950,0.0,0.0,0.0,0.0,0,0
131448,131148,0.0,0.0,0.0,0.0,0,0
131478,131178,0.0,0.0,0.0,0.0,0,0
131640,131340,0.0,0.0,0.0,0.0,0,0
131712,131412,0.0,0.0,0.0,0.0,0,0
131778,131484,0.0,0.0,0.0,0.0,0,0
131838,131538,0.0,0.0,0.0,0.0,0,0
131892,131592,0.0,0.0,0.0,0.0,0,0
131940,131646,0.0,0.0,0.0,0.0,0,0
132048,131748,0.0,0.0,0.0,0.0,0,0
132330,132030,0.0,0.0,0.0,0.0,0,0
132438,132138,0.0,0.0,0.0,0.0,0,0
132528,132228,0.0,0.0,0.0,0.0,0,0
132708,132408,0.0,0.0,0.0,0.0,0,0
132750,132450,0.0,0.0,0.0,0.0,0,0
132762,132462,0.0,0.0,0.0,0.0,0,0
132858,132558,0.0,0.0,0.0,0.0,0,0
132948,132648,0.0,0.0,0.0,0.0,0,0
133278,132978,0.0,0.0,0.0,0.0,0,0
133320,133020,0.0,0.0,0.0,0.0,0,0
133350,133050,0.0,0.0,0.0,0.0,0,0
133542,133242,0.0,0.0,0.0,0.0,0,0
133632,133332,0.0,0.0,0.0,0.0,0,0
133710,133410,0.0,0.0,0.0,0.0,0,0
133812,133512,0.0,0.0,0.0,0.0,0,0
133980,133680,0.0,0.0,0.0,0.0,0,0
134088,133788,0.0,0.0,0.0,0.0,0,0
134292,133992,0.0,0.0,0.0,0.0,0,0
134340,134040,0.0,0.0,0.0,0.0,0,0
134370,134070,0.0,0.0,0.0,0.0,0,0
134400,134100,0.0,0.0,0.0,0.0,0,0
134592,134298,0.0,0.0,0.0,0.0,0,0
134682,134382,0.0,0.0,0.0,0.0,0,0
134838,134538,0.0,0.0,0.0,0.0,0,0
134922,134622,0.0,0.0,0.0,0.0,0,0
135018,134718,0.0,0.0,0.0,0.0,0,0
135210,134910,0.0,0.0,0.0,0.0,0,0
135282,134982,0.0,0.0,0.0,0.0,0,0
135348,135048,0.0,0.0,0.0,0.0,0,0
135390,135090,0.0,0.0,0.0,0.0,0,0
135432,135132,0.0,0.0,0.0,0.0,0,0
135462,135162,0.0,0.0,0.0,0.0,0,0
135468,135168,0.0,0.0,0.0,0.0,0,0
135600,135300,0.0,0.0,0.0,0.0,0,0
135648,135354,0.0,0.0,0.0,0.0,0,0
135720,135420,0.0,0.0,0.0,0.0,0,0
135912,135612,0.0,0.0,0.0,0.0,0,0
135978,135678,0.0,0.0,0.0,0.0,0,0
136068,135768,0.0,0.0,0.0,0.0,0,0
136398,136098,0.0,0.0,0.0,0.0,0,0
136482,136182,0.0,0.0,0.0,0.0,0,0
136602,136302,0.0,0.0,0.0,0.0,0,0
136650,136350,0.0,0.0,0.0,0.0,0,0
136692,136392,0.0,0.0,0.0,0.0,0,0
136710,136410,0.0,0.0,0.0,0.0,0,0
136752,136452,0.0,0.0,0.0,0.0,0,0
136812,136512,0.0,0.0,0.0,0.0,0,0
136860,136560,0.0,0.0,0.0,0.0,0,0
136950,136656,0.0,0.0,0.0,0.0,0,0
136992,136698,0.0,0.0,0.0,0.0,0,0
137088,136788,0.0,0.0,0.0,0.0,0,0
137118,136818,0.0,0.0,0.0,0.0,0,0
137340,137040,0.0,0.0,0.0,0.0,0,0
137868,137568,0.0,0.0,0.0,0.0,0,0
137910,137610,0.0,0.0,0.0,0.0,0,0
138078,137778,0.0,0.0,0.0,0.0,0,0
138180,137880,0.0,0.0,0.0,0.0,0,0
138240,137940,0.0,0.0,0.0,0.0,0,0
138372,138072,0.0,0.0,0.0,0.0,0,0
138402,138102,0.0,0.0,0.0,0.0,0,0
138450,138150,0.0,0.0,0.0,0.0,0,0
138570,138270,0.0,0.0,0.0,0.0,0,0
138798,138498,0.0,0.0,0.0,0.0,0,0
139122,138822,0.0,0.0,0.0,0.0,0,0
139200,138900,0.0,0.0,0.0,0.0,0,0
139302,139002,0.0,0.0,0.0,0.0,0,0
139368,139068,0.0,0.0,0.0,0.0,0,0
139458,139158,0.0,0.0,0.0,0.0,0,0
139590,139290,0.0,0.0,0.0,0.0,0,0
139662,139362,0.0,0.0,0.0,0.0,0,0
139968,139668,0.0,0.0,0.0,0.0,0,0
140070,139770,0.0,0.0,0.0,0.0,0,0
140418,140118,0.0,0.0,0.0,0.0,0,0
140550,140250,0.0,0.0,0.0,0.0,0,0
140628,140328,0.0,0.0,0.0,0.0,0,0
140682,140382,0.0,0.0,0.0,0.0,0,0
140730,140430,0.0,0.0,0.0,0.0,0,0
140760,140460,0.0,0.0,0.0,0.0,0,0
140838,140538,0.0,0.0,0.0,0.0,0,0
140868,140568,0.0,0.0,0.0,0.0,0,0
140892,140592,0.0,0.0,0.0,0.0,0,0
141180,140880,0.0,0.0,0.0,0.0,0,0
141222,140922,0.0,0.0,0.0,0.0,0,0
141498,141198,0.0,0.0,0.0,0.0,0,0
141510,141210,0.0,0.0,0.0,0.0,0,0
141678,141378,0.0,0.0,0.0,0.0,0,0
141708,141408,0.0,0.0,0.0,0.0,0,0
141768,141468,0.0,0.0,0.0,0.0,0,0
141852,141552,0.0,0.0,0.0,0.0,0,0
141960,141660,0.0,0.0,0.0,0.0,0,0
142098,141798,0.0,0.0,0.0,0.0,0,0
142158,141858,0.0,0.0,0.0,0.0,0,0
142590,142290,0.0,0.0,0.0,0.0,0,0
142608,142308,0.0,0.0,0.0,0.0,0,0
142698,142398,0.0,0.0,0.0,0.0,0,0
142758,142458,0.0,0.0,0.0,0.0,0,0
142788,142488,0.0,0.0,0.0,0.0,0,0
142872,142572,0.0,0.0,0.0,0.0,0,0
142980,142680,0.0,0.0,0.0,0.0,0,0
143112,142812,0.0,0.0,0.0,0.0,0,0
143262,142962,0.0,0.0,0.0,0.0,0,0
143502,143202,0.0,0.0,0.0,0.0,0,0
143568,143268,0.0,0.0,0.0,0.0,0,0
143652,143352,0.0,0.0,0.0,0.0,0,0
143832,143532,0.0,0.0,0.0,0.0,0,0
143880,143580,0.0,0.0,0.0,0.0,0,0
144072,143772,0.0,0.0,0.0,0.0,0,0
144162,143862,0.0,0.0,0.0,0.0,0,0
144168,143868,0.0,0.0,0.0,0.0,0,0
144408,144108,0.0,0.0,0.0,0.0,0,0
144480,144180,0.0,0.0,0.0,0.0,0,0
144540,144240,0.0,0.0,0.0,0.0,0,0
144888,144588,0.0,0.0,0.0,0.0,0,0
145008,144708,0.0,0.0,0.0,0.0,0,0
145512,145212,0.0,0.0,0.0,0.0,0,0
145548,145248,0.0,0.0,0.0,0.0,0,0
145602,145302,0.0,0.0,0.0,0.0,0,0
145680,145380,0.0,0.0,0.0,0.0,0,0
145722,145422,0.0,0.0,0.0,0.0,0,0
145758,145458,0.0,0.0,0.0,0.0,0,0
145932,145632,0.0,0.0,0.0,0.0,0,0
145968,145668,0.0,0.0,0.0,0.0,0,0
146010,145710,0.0,0.0,0.0,0.0,0,0
146022,145728,0.0,0.0,0.0,0.0,0,0
146058,145764,0.0,0.0,0.0,0.0,0,0
146298,145998,0.0,0.0,0.0,0.0,0,0
146382,146082,0.0,0.0,0.0,0.0,0,0
146520,146220,0.0,0.0,0.0,0.0,0,0
146682,146388,0.0,0.0,0.0,0.0,0,0
146892,146592,0.0,0.0,0.0,0.0,0,0
146988,146688,0.0,0.0,0.0,0.0,0,0
147030,146730,0.0,0.0,0.0,0.0,0,0
147138,146838,0.0,0.0,0.0,0.0,0,0
147210,146910,0.0,0.0,0.0,0.0,0,0
147228,146928,0.0,0.0,0.0,0.0,0,0
147450,147150,0.0,0.0,0.0,0.0,0,0
147672,147372,0.0,0.0,0.0,0.0,0,0
148062,147762,0.0,0.0,0.0,0.0,0,0
148152,147852,0.0,0.0,0.0,0.0,0,0
148200,147900,0.0,0.0,0.0,0.0,0,0
148302,148002,0.0,0.0,0.0,0.0,0,0
148470,148170,0.0,0.0,0.0,0.0,0,0
148668,148368,0.0,0.0,0.0,0.0,0,0
148692,148392,0.0,0.0,0.0,0.0,0,0
148722,148422,0.0,0.0,0.0,0.0,0,0
148782,148482,0.0,0.0,0.0,0.0,0,0
148860,148560,0.0,0.0,0.0,0.0,0,0
148932,148632,0.0,0.0,0.0,0.0,0,0
149058,148758,0.0,0.0,0.0,0.0,0,0
149100,148800,0.0,0.0,0.0,0.0,0,0
149112,148812,0.0,0.0,0.0,0.0,0,0
149160,148866,0.0,0.0,0.0,0.0,0,0
149250,148950,0.0,0.0,0.0,0.0,0,0
149418,149118,0.0,0.0,0.0,0.0,0,0
149490,149190,0.0,0.0,0.0,0.0,0,0
149520,149220,0.0,0.0,0.0,0.0,0,0
149532,149232,0.0,0.0,0.0,0.0,0,0
149562,149262,0.0,0.0,0.0,0.0,0,0
149628,149328,0.0,0.0,0.0,0.0,0,0
149712,149412,0.0,0.0,0.0,0.0,0,0
149730,149430,0.0,0.0,0.0,0.0,0,0
149838,149538,0.0,0.0,0.0,0.0,0,0
149910,149610,0.0,0.0,0.0,0.0,0,0
149970,149670,0.0,0.0,0.0,0.0,0,0
150090,149790,0.0,0.0,0.0,0.0,0,0
150210,149916,0.0,0.0,0.0,0.0,0,0
150222,149922,0.0,0.0,0.0,0.0,0,0
150300,150000,0.0,0.0,0.0,0.0,0,0
150378,150078,0.0,0.0,0.0,0.0,0,0
150588,150288,0.0,0.0,0.0,0.0,0,0
150768,150468,0.0,0.0,0.0,0.0,0,0
150882,150582,0.0,0.0,0.0,0.0,0,0
150960,150660,0.0,0.0,0.0,0.0,0,0
150990,150690,0.0,0.0,0.0,0.0,0,0
151008,150708,0.0,0.0,0.0,0.0,0,0
151050,150750,0.0,0.0,0.0,0.0,0,0
151170,150870,0.0,0.0,0.0,0.0,0,0
151242,150942,0.0,0.0,0.0,0.0,0,0
151338,151038,0.0,0.0,0.0,0.0,0,0
151380,151080,0.0,0.0,0.0,0.0,0,0
151608,151308,0.0,0.0,0.0,0.0,0,0
151770,151470,0.0,0.0,0.0,0.0,0,0
151848,151548,0.0,0.0,0.0,0.0,0,0
151902,151602,0.0,0.0,0.0,0.0,0,0
151938,151638,0.0,0.0,0.0,0.0,0,0
151968,151668,0.0,0.0,0.0,0.0,0,0
152028,151728,0.0,0.0,0.0,0.0,0,0
152040,151740,0.0,0.0,0.0,0.0,0,0
152082,151782,0.0,0.0,0.0,0.0,0,0
152418,152118,0.0,0.0,0.0,0.0,0,0
152442,152142,0.0,0.0,0.0,0.0,0,0
152460,152160,0.0,0.0,0.0,0.0,0,0
152532,152232,0.0,0.0,0.0,0.0,0,0
152598,152298,0.0,0.0,0.0,0.0,0,0
152640,152340,0.0,0.0,0.0,0.0,0,0
152820,152520,0.0,0.0,0.0,0.0,0,0
152838,152538,0.0,0.0,0.0,0.0,0,0
152898,152604,0.0,0.0,0.0,0.0,0,0
152940,152646,0.0,0.0,0.0,0.0,0,0
153072,152772,0.0,0.0,0.0,0.0,0,0
153270,152970,0.0,0.0,0.0,0.0,0,0
153408,153108,0.0,0.0,0.0,0.0,0,0
153510,153210,0.0,0.0,0.0,0.0,0,0
153522,153222,0.0,0.0,0.0,0.0,0,0
153888,153588,0.0,0.0,0.0,0.0,0,0
153912,153612,0.0,0.0,0.0,0.0,0,0
153948,153648,0.0,0.0,0.0,0.0,0,0
154080,153780,0.0,0.0,0.0,0.0,0,0
154158,153858,0.0,0.0,0.0,0.0,0,0
154182,153882,0.0,0.0,0.0,0.0,0,0
154212,153918,0.0,0.0,0.0,0.0,0,0
154278,153978,0.0,0.0,0.0,0.0,0,0
154572,154272,0.0,0.0,0.0,0.0,0,0
154590,154290,0.0,0.0,0.0,0.0,0,0
154620,154320,0.0,0.0,0.0,0.0,0,0
154668,154368,0.0,0.0,0.0,0.0,0,0
154788,154488,0.0,0.0,0.0,0.0,0,0
154872,154578,0.0,0.0,0.0,0.0,0,0
155082,154782,0.0,0.0,0.0,0.0,0,0
155202,154902,0.0,0.0,0.0,0.0,0,0
155382,155088,0.0,0.0,0.0,0.0,0,0
155538,155238,0.0,0.0,0.0,0.0,0,0
155580,155280,0.0,0.0,0.0,0.0,0,0
155718,155418,0.0,0.0,0.0,0.0,0,0
155850,155550,0.0,0.0,0.0,0.0,0,0
155862,155562,0.0,0.0,0.0,0.0,0,0
155892,155592,0.0,0.0,0.0,0.0,0,0
156060,155760,0.0,0.0,0.0,0.0,0,0
156228,155928,0.0,0.0,0.0,0.0,0,0
156258,155958,0.0,0.0,0.0,0.0,0,0
156420,156120,0.0,0.0,0.0,0.0,0,0
156492,156192,0.0,0.0,0.0,0.0,0,0
156678,156378,0.0,0.0,0.0,0.0,0,0
156798,156498,0.0,0.0,0.0,0.0,0,0
156900,156600,0.0,0.0,0.0,0.0,0,0
156942,156642,0.0,0.0,0.0,0.0,0,0
157050,156750,0.0,0.0,0.0,0.0,0,0
157218,156918,0.0,0.0,0.0,0.0,0,0
157230,156930,0.0,0.0,0.0,0.0,0,0
157272,156972,0.0,0.0,0.0,0.0,0,0
157278,156978,0.0,0.0,0.0,0.0,0,0
157350,157056,0.0,0.0,0.0,0.0,0,0
157428,157128,0.0,0.0,0.0,0.0,0,0
157560,157260,0.0,0.0,0.0,0.0,0,0
157638,157338,0.0,0.0,0.0,0.0,0,0
157668,157368,0.0,0.0,0.0,0.0,0,0
157770,157470,0.0,0.0,0.0,0.0,0,0
157932,157632,0.0,0.0,0.0,0.0,0,0
158142,157842,0.0,0.0,0.0,0.0,0,0
158232,157938,0.0,0.0,0.0,0.0,0,0
158358,158058,0.0,0.0,0.0,0.0,0,0
158748,158448,0.0,0.0,0.0,0.0,0,0
158760,158460,0.0,0.0,0.0,0.0,0,0
159168,158868,0.0,0.0,0.0,0.0,0,0
159192,158892,0.0,0.0,0.0,0.0,0,0
159348,159048,0.0,0.0,0.0,0.0,0,0
159540,159240,0.0,0.0,0.0,0.0,0,0
159570,159270,0.0,0.0,0.0,0.0,0,0
159630,159330,0.0,0.0,0.0,0.0,0,0
159672,159372,0.0,0.0,0.0,0.0,0,0
159738,159438,0.0,0.0,0.0,0.0,0,0
159792,159492,0.0,0.0,0.0,0.0,0,0
159870,159576,0.0,0.0,0.0,0.0,0,0
159978,159678,0.0,0.0,0.0,0.0,0,0
160032,159732,0.0,0.0,0.0,0.0,0,0
160080,159780,0.0,0.0,0.0,0.0,0,0
160092,159798,0.0,0.0,0.0,0.0,0,0
160482,160182,0.0,0.0,0.0,0.0,0,0
160620,160320,0.0,0.0,0.0,0.0,0,0
160638,160338,0.0,0.0,0.0,0.0,0,0
160650,160350,0.0,0.0,0.0,0.0,0,0
160710,160410,0.0,0.0,0.0,0.0,0,0
160752,160452,0.0,0.0,0.0,0.0,0,0
160878,160578,0.0,0.0,0.0,0.0,0,0
160968,160668,0.0,0.0,0.0,0.0,0,0
161340,161040,0.0,0.0,0.0,0.0,0,0
161460,161160,0.0,0.0,0.0,0.0,0,0
161562,161262,0.0,0.0,0.0,0.0,0,0
161640,161346,0.0,0.0,0.0,0.0,0,0
161730,161430,0.0,0.0,0.0,0.0,0,0
161742,161442,0.0,0.0,0.0,0.0,0,0
161772,161472,0.0,0.0,0.0,0.0,0,0
161880,161580,0.0,0.0,0.0,0.0,0,0
161922,161622,0.0,0.0,0.0,0.0,0,0
161970,161670,0.0,0.0,0.0,0.0,0,0
162288,161988,0.0,0.0,0.0,0.0,0,0
162390,162090,0.0,0.0,0.0,0.0,0,0
162528,162228,0.0,0.0,0.0,0.0,0,0
162750,162450,0.0,0.0,0.0,0.0,0,0
162822,162522,0.0,0.0,0.0,0.0,0,0
162972,162672,0.0,0.0,0.0,0.0,0,0
163020,162720,0.0,0.0,0.0,0.0,0,0
163062,162762,0.0,0.0,0.0,0.0,0,0
163128,162828,0.0,0.0,0.0,0.0,0,0
163170,162870,0.0,0.0,0.0,0.0,0,0
163308,163008,0.0,0.0,0.0,0.0,0,0
163410,163110,0.0,0.0,0.0,0.0,0,0
163482,163182,0.0,0.0,0.0,0.0,0,0
163860,163560,0.0,0.0,0.0,0.0,0,0
163980,163680,0.0,0.0,0.0,0.0,0,0
163992,163692,0.0,0.0,0.0,0.0,0,0
164148,163848,0.0,0.0,0.0,0.0,0,0
164232,163932,0.0,0.0,0.0,0.0,0,0
164250,163950,0.0,0.0,0.0,0.0,0,0
164430,164130,0.0,0.0,0.0,0.0,0,0
164448,164154,0.0,0.0,0.0,0.0,0,0
164622,164322,0.0,0.0,0.0,0.0,0,0
164838,164538,0.0,0.0,0.0,0.0,0,0
165000,164700,0.0,0.0,0.0,0.0,0,0
165048,164748,0.0,0.0,0.0,0.0,0,0
165312,165012,0.0,0.0,0.0,0.0,0,0
165552,165252,0.0,0.0,0.0,0.0,0,0
165588,165288,0.0,0.0,0.0,0.0,0,0
165702,165402,0.0,0.0,0.0,0.0,0,0
165708,165408,0.0,0.0,0.0,0.0,0,0
165720,165420,0.0,0.0,0.0,0.0,0,0
166302,166002,0.0,0.0,0.0,0.0,0,0
166350,166050,0.0,0.0,0.0,0.0,0,0
166602,166308,0.0,0.0,0.0,0.0,0,0
166668,166368,0.0,0.0,0.0,0.0,0,0
166740,166440,0.0,0.0,0.0,0.0,0,0
166782,166482,0.0,0.0,0.0,0.0,0,0
166842,166542,0.0,0.0,0.0,0.0,0,0
166848,166548,0.0,0.0,0.0,0.0,0,0
167022,166722,0.0,0.0,0.0,0.0,0,0
167118,166818,0.0,0.0,0.0,0.0,0,0
167268,166968,0.0,0.0,0.0,0.0,0,0
167310,167010,0.0,0.0,0.0,0.0,0,0
167340,167040,0.0,0.0,0.0,0.0,0,0
167442,167142,0.0,0.0,0.0,0.0,0,0
167622,167322,0.0,0.0,0.0,0.0,0,0
167778,167478,0.0,0.0,0.0,0.0,0,0
167862,167562,0.0,0.0,0.0,0.0,0,0
168450,168150,0.0,0.0,0.0,0.0,0,0
168600,168300,0.0,0.0,0.0,0.0,0,0
168630,168330,0.0,0.0,0.0,0.0,0,0
168900,168606,0.0,0.0,0.0,0.0,0,0
169008,168708,0.0,0.0,0.0,0.0,0,0
169068,168768,0.0,0.0,0.0,0.0,0,0
169218,168918,0.0,0.0,0.0,0.0,0,0
169242,168942,0.0,0.0,0.0,0.0,0,0
169320,169020,0.0,0.0,0.0,0.0,0,0
169692,169392,0.0,0.0,0.0,0.0,0,0
169752,169452,0.0,0.0,0.0,0.0,0,0
169890,169590,0.0,0.0,0.0,0.0,0,0
170100,169800,0.0,0.0,0.0,0.0,0,0
170352,170052,0.0,0.0,0.0,0.0,0,0
170370,170070,0.0,0.0,0.0,0.0,0,0
170538,170238,0.0,0.0,0.0,0.0,0,0
170760,170460,0.0,0.0,0.0,0.0,0,0
171048,170748,0.0,0.0,0.0,0.0,0,0
171078,170778,0.0,0.0,0.0,0.0,0,0
171162,170862,0.0,0.0,0.0,0.0,0,0
171168,170868,0.0,0.0,0.0,0.0,0,0
171252,170952,0.0,0.0,0.0,0.0,0,0
171402,171102,0.0,0.0,0.0,0.0,0,0
171468,171174,0.0,0.0,0.0,0.0,0,0
171540,171240,0.0,0.0,0.0,0.0,0,0
171672,171372,0.0,0.0,0.0,0.0,0,0
171762,171462,0.0,0.0,0.0,0.0,0,0
172170,171870,0.0,0.0,0.0,0.0,0,0
172218,171918,0.0,0.0,0.0,0.0,0,0
172422,172122,0.0,0.0,0.0,0.0,0,0
172440,172140,0.0,0.0,0.0,0.0,0,0
172518,172224,0.0,0.0,0.0,0.0,0,0
173022,172722,0.0,0.0,0.0,0.0,0,0
173190,172890,0.0,0.0,0.0,0.0,0,0
173208,172908,0.0,0.0,0.0,0.0,0,0
173292,172992,0.0,0.0,0.0,0.0,0,0
173358,173058,0.0,0.0,0.0,0.0,0,0
173430,173130,0.0,0.0,0.0,0.0,0,0
173670,173370,0.0,0.0,0.0,0.0,0,0
173742,173442,0.0,0.0,0.0,0.0,0,0
173778,173478,0.0,0.0,0.0,0.0,0,0
174018,173718,0.0,0.0,0.0,0.0,0,0
174048,173748,0.0,0.0,0.0,0.0,0,0
174078,173784,0.0,0.0,0.0,0.0,0,0
174258,173958,0.0,0.0,0.0,0.0,0,0
174330,174030,0.0,0.0,0.0,0.0,0,0
174468,174168,0.0,0.0,0.0,0.0,0,0
174570,174270,0.0,0.0,0.0,0.0,0,0
174762,174462,0.0,0.0,0.0,0.0,0,0
174930,174630,0.0,0.0,0.0,0.0,0,0
174990,174690,0.0,0.0,0.0,0.0,0,0
175068,174768,0.0,0.0,0.0,0.0,0,0
175080,174780,0.0,0.0,0.0,0.0,0,0
175392,175092,0.0,0.0,0.0,0.0,0,0
175632,175332,0.0,0.0,0.0,0.0,0,0
175758,175458,0.0,0.0,0.0,0.0,0,0
175782,175482,0.0,0.0,0.0,0.0,0,0
175938,175638,0.0,0.0,0.0,0.0,0,0
175962,175662,0.0,0.0,0.0,0.0,0,0
175992,175692,0.0,0.0,0.0,0.0,0,0
176022,175722,0.0,0.0,0.0,0.0,0,0
176052,175752,0.0,0.0,0.0,0.0,0,0
176088,175788,0.0,0.0,0.0,0.0,0,0
176160,175860,0.0,0.0,0.0,0.0,0,0
176328,176028,0.0,0.0,0.0,0.0,0,0
176418,176118,0.0,0.0,0.0,0.0,0,0
176460,176166,0.0,0.0,0.0,0.0,0,0
176508,176208,0.0,0.0,0.0,0.0,0,0
176550,176250,0.0,0.0,0.0,0.0,0,0
176598,176298,0.0,0.0,0.0,0.0,0,0
176610,176310,0.0,0.0,0.0,0.0,0,0
176712,176412,0.0,0.0,0.0,0.0,0,0
176778,176478,0.0,0.0,0.0,0.0,0,0
176790,176490,0.0,0.0,0.0,0.0,0,0
176808,176514,0.0,0.0,0.0,0.0,0,0
176922,176622,0.0,0.0,0.0,0.0,0,0
177012,176718,0.0,0.0,0.0,0.0,0,0
177210,176910,0.0,0.0,0.0,0.0,0,0
177432,177132,0.0,0.0,0.0,0.0,0,0
177678,177378,0.0,0.0,0.0,0.0,0,0
177762,177462,0.0,0.0,0.0,0.0,0,0
177840,177540,0.0,0.0,0.0,0.0,0,0
177888,177588,0.0,0.0,0.0,0.0,0,0
178038,177738,0.0,0.0,0.0,0.0,0,0
178068,177768,0.0,0.0,0.0,0.0,0,0
178092,177792,0.0,0.0,0.0,0.0,0,0
178248,177948,0.0,0.0,0.0,0.0,0,0
178260,177960,0.0,0.0,0.0,0.0,0,0
178350,178050,0.0,0.0,0.0,0.0,0,0
178440,178140,0.0,0.0,0.0,0.0,0,0
178488,178188,0.0,0.0,0.0,0.0,0,0
178560,178266,0.0,0.0,0.0,0.0,0,0
178602,178302,0.0,0.0,0.0,0.0,0,0
178692,178392,0.0,0.0,0.0,0.0,0,0
178818,178518,0.0,0.0,0.0,0.0,0,0
178908,178608,0.0,0.0,0.0,0.0,0,0
178932,178632,0.0,0.0,0.0,0.0,0,0
179382,179082,0.0,0.0,0.0,0.0,0,0
179580,179280,0.0,0.0,0.0,0.0,0,0
179592,179292,0.0,0.0,0.0,0.0,0,0
179658,179358,0.0,0.0,0.0,0.0,0,0
179688,179388,0.0,0.0,0.0,0.0,0,0
179718,179418,0.0,0.0,0.0,0.0,0,0
179820,179520,0.0,0.0,0.0,0.0,0,0
179898,179598,0.0,0.0,0.0,0.0,0,0
179952,179652,0.0,0.0,0.0,0.0,0,0
180000,179700,0.0,0.0,0.0,0.0,0,0
180072,179772,0.0,0.0,0.0,0.0,0,0
180180,179880,0.0,0.0,0.0,0.0,0,0
180240,179940,0.0,0.0,0.0,0.0,0,0
180288,179988,0.0,0.0,0.0,0.0,0,0
180540,180246,0.0,0.0,0.0,0.0,0,0
180750,180450,0.0,0.0,0.0,0.0,0,0
180798,180498,0.0,0.0,0.0,0.0,0,0
181002,180702,0.0,0.0,0.0,0.0,0,0
181062,180762,0.0,0.0,0.0,0.0,0,0
181200,180900,0.0,0.0,0.0,0.0,0,0
181212,180912,0.0,0.0,0.0,0.0,0,0
181302,181008,0.0,0.0,0.0,0.0,0,0
181398,181098,0.0,0.0,0.0,0.0,0,0
181458,181158,0.0,0.0,0.0,0.0,0,0
181500,181206,0.0,0.0,0.0,0.0,0,0
181608,181308,0.0,0.0,0.0,0.0,0,0
181668,181368,0.0,0.0,0.0,0.0,0,0
181758,181464,0.0,0.0,0.0,0.0,0,0
181788,181488,0.0,0.0,0.0,0.0,0,0
181872,181572,0.0,0.0,0.0,0.0,0,0
181890,181590,0.0,0.0,0.0,0.0,0,0
182010,181710,0.0,0.0,0.0,0.0,0,0
182028,181728,0.0,0.0,0.0,0.0,0,0
182058,181764,0.0,0.0,0.0,0.0,0,0
182100,181800,0.0,0.0,0.0,0.0,0,0
182130,181830,0.0,0.0,0.0,0.0,0,0
182178,181878,0.0,0.0,0.0,0.0,0,0
182340,182040,0.0,0.0,0.0,0.0,0,0
182388,182088,0.0,0.0,0.0,0.0,0,0
182472,182172,0.0,0.0,0.0,0.0,0,0
182640,182346,0.0,0.0,0.0,0.0,0,0
182658,182358,0.0,0.0,0.0,0.0,0,0
182712,182412,0.0,0.0,0.0,0.0,0,0
182928,182628,0.0,0.0,0.0,0.0,0,0
183090,182790,0.0,0.0,0.0,0.0,0,0
183300,183000,0.0,0.0,0.0,0.0,0,0
183318,183018,0.0,0.0,0.0,0.0,0,0
183438,183138,0.0,0.0,0.0,0.0,0,0
183498,183198,0.0,0.0,0.0,0.0,0,0
183510,183210,0.0,0.0,0.0,0.0,0,0
183570,183270,0.0,0.0,0.0,0.0,0,0
183708,183408,0.0,0.0,0.0,0.0,0,0
183762,183462,0.0,0.0,0.0,0.0,0,0
183918,183618,0.0,0.0,0.0,0.0,0,0
183972,183672,0.0,0.0,0.0,0.0,0,0
184188,183888,0.0,0.0,0.0,0.0,0,0
184272,183978,0.0,0.0,0.0,0.0,0,0
184488,184194,0.0,0.0,0.0,0.0,0,0
184608,184308,0.0,0.0,0.0,0.0,0,0
184632,184332,0.0,0.0,0.0,0.0,0,0
184650,184350,0.0,0.0,0.0,0.0,0,0
184830,184530,0.0,0.0,0.0,0.0,0,0
184902,184602,0.0,0.0,0.0,0.0,0,0
184968,184668,0.0,0.0,0.0,0.0,0,0
184998,184698,0.0,0.0,0.0,0.0,0,0
185070,184770,0.0,0.0,0.0,0.0,0,0
185370,185076,0.0,0.0,0.0,0.0,0,0
185532,185232,0.0,0.0,0.0,0.0,0,0
185568,185268,0.0,0.0,0.0,0.0,0,0
185682,185382,0.0,0.0,0.0,0.0,0,0
185748,185448,0.0,0.0,0.0,0.0,0,0
185820,185520,0.0,0.0,0.0,0.0,0,0
185832,185538,0.0,0.0,0.0,0.0,0,0
185958,185658,0.0,0.0,0.0,0.0,0,0
186162,185862,0.0,0.0,0.0,0.0,0,0
186228,185928,0.0,0.0,0.0,0.0,0,0
186300,186000,0.0,0.0,0.0,0.0,0,0
186378,186078,0.0,0.0,0.0,0.0,0,0
186480,186180,0.0,0.0,0.0,0.0,0,0
186582,186282,0.0,0.0,0.0,0.0,0,0
186648,186348,0.0,0.0,0.0,0.0,0,0
186708,186408,0.0,0.0,0.0,0.0,0,0
186762,186462,0.0,0.0,0.0,0.0,0,0
186870,186570,0.0,0.0,0.0,0.0,0,0
187068,186768,0.0,0.0,0.0,0.0,0,0
187128,186828,0.0,0.0,0.0,0.0,0,0
187140,186840,0.0,0.0,0.0,0.0,0,0
187218,186918,0.0,0.0,0.0,0.0,0,0
187338,187038,0.0,0.0,0.0,0.0,0,0
187470,187170,0.0,0.0,0.0,0.0,0,0
187632,187332,0.0,0.0,0.0,0.0,0,0
187638,187344,0.0,0.0,0.0,0.0,0,0
187908,187608,0.0,0.0,0.0,0.0,0,0
188832,188532,0.0,0.0,0.0,0.0,0,0
188862,188562,0.0,0.0,0.0,0.0,0,0
188940,188640,0.0,0.0,0.0,0.0,0,0
189018,188718,0.0,0.0,0.0,0.0,0,0
189042,188742,0.0,0.0,0.0,0.0,0,0
189150,188850,0.0,0.0,0.0,0.0,0,0
189252,188952,0.0,0.0,0.0,0.0,0,0
189348,189048,0.0,0.0,0.0,0.0,0,0
189390,189090,0.0,0.0,0.0,0.0,0,0
189438,189138,0.0,0.0,0.0,0.0,0,0
189492,189192,0.0,0.0,0.0,0.0,0,0
189618,189318,0.0,0.0,0.0,0.0,0,0
189798,189498,0.0,0.0,0.0,0.0,0,0
189852,189552,0.0,0.0,0.0,0.0,0,0
189948,189648,0.0,0.0,0.0,0.0,0,0
190368,190068,0.0,0.0,0.0,0.0,0,0
190578,190278,0.0,0.0,0.0,0.0,0,0
190668,190374,0.0,0.0,0.0,0.0,0,0
190710,190410,0.0,0.0,0.0,0.0,0,0
190890,190590,0.0,0.0,0.0,0.0,0,0
191142,190842,0.0,0.0,0.0,0.0,0,0
191250,190950,0.0,0.0,0.0,0.0,0,0
191298,190998,0.0,0.0,0.0,0.0,0,0
191340,191040,0.0,0.0,0.0,0.0,0,0
191448,191148,0.0,0.0,0.0,0.0,0,0
191460,191160,0.0,0.0,0.0,0.0,0,0
191508,191208,0.0,0.0,0.0,0.0,0,0
191532,191232,0.0,0.0,0.0,0.0,0,0
191562,191262,0.0,0.0,0.0,0.0,0,0
191670,191370,0.0,0.0,0.0,0.0,0,0
191748,191454,0.0,0.0,0.0,0.0,0,0
191802,191502,0.0,0.0,0.0,0.0,0,0
191832,191538,0.0,0.0,0.0,0.0,0,0
192192,191892,0.0,0.0,0.0,0.0,0,0
192318,192018,0.0,0.0,0.0,0.0,0,0
192342,192042,0.0,0.0,0.0,0.0,0,0
192462,192162,0.0,0.0,0.0,0.0,0,0
192498,192198,0.0,0.0,0.0,0.0,0,0
192582,192282,0.0,0.0,0.0,0.0,0,0
192612,192312,0.0,0.0,0.0,0.0,0,0
192630,192330,0.0,0.0,0.0,0.0,0,0
192888,192588,0.0,0.0,0.0,0.0,0,0
192978,192678,0.0,0.0,0.0,0.0,0,0
193182,192882,0.0,0.0,0.0,0.0,0,0
193380,193080,0.0,0.0,0.0,0.0,0,0
193602,193302,0.0,0.0,0.0,0.0,0,0
193812,193512,0.0,0.0,0.0,0.0,0,0
193860,193560,0.0,0.0,0.0,0.0,0,0
193872,193572,0.0,0.0,0.0,0.0,0,0
193938,193638,0.0,0.0,0.0,0.0,0,0
194070,193770,0.0,0.0,0.0,0.0,0,0
194268,193968,0.0,0.0,0.0,0.0,0,0
194682,194382,0.0,0.0,0.0,0.0,0,0
194862,194562,0.0,0.0,0.0,0.0,0,0
194868,194568,0.0,0.0,0.0,0.0,0,0
195048,194748,0.0,0.0,0.0,0.0,0,0
195162,194874,0.0,0.0,0.0,0.0,0,0
195342,195042,0.0,0.0,0.0,0.0,0,0
195540,195240,0.0,0.0,0.0,0.0,0,0
195732,195432,0.0,0.0,0.0,0.0,0,0
195738,195438,0.0,0.0,0.0,0.0,0,0
195930,195630,0.0,0.0,0.0,0.0,0,0
195972,195672,0.0,0.0,0.0,0.0,0,0
196170,195870,0.0,0.0,0.0,0.0,0,0
196278,195978,0.0,0.0,0.0,0.0,0,0
196500,196200,0.0,0.0,0.0,0.0,0,0
196542,196242,0.0,0.0,0.0,0.0,0,0
196662,196362,0.0,0.0,0.0,0.0,0,0
196770,196470,0.0,0.0,0.0,0.0,0,0
196872,196572,0.0,0.0,0.0,0.0,0,0
196992,196692,0.0,0.0,0.0,0.0,0,0
197160,196860,0.0,0.0,0.0,0.0,0,0
197298,196998,0.0,0.0,0.0,0.0,0,0
197340,197040,0.0,0.0,0.0,0.0,0,0
197370,197070,0.0,0.0,0.0,0.0,0,0
197382,197082,0.0,0.0,0.0,0.0,0,0
197568,197268,0.0,0.0,0.0,0.0,0,0
197598,197304,0.0,0.0,0.0,0.0,0,0
197712,197412,0.0,0.0,0.0,0.0,0,0
197892,197592,0.0,0.0,0.0,0.0,0,0
197958,197658,0.0,0.0,0.0,0.0,0,0
197970,197670,0.0,0.0,0.0,0.0,0,0
198222,197922,0.0,0.0,0.0,0.0,0,0
198258,197964,0.0,0.0,0.0,0.0,0,0
198348,198048,0.0,0.0,0.0,0.0,0,0
198438,198138,0.0,0.0,0.0,0.0,0,0
198462,198162,0.0,0.0,0.0,0.0,0,0
198828,198528,0.0,0.0,0.0,0.0,0,0
198840,198540,0.0,0.0,0.0,0.0,0,0
198900,198600,0.0,0.0,0.0,0.0,0,0
198942,198642,0.0,0.0,0.0,0.0,0,0
199038,198738,0.0,0.0,0.0,0.0,0,0
199152,198852,0.0,0.0,0.0,0.0,0,0
199488,199188,0.0,0.0,0.0,0.0,0,0
199500,199200,0.0,0.0,0.0,0.0,0,0
199602,199302,0.0,0.0,0.0,0.0,0,0
199740,199440,0.0,0.0,0.0,0.0,0,0
199752,199452,0.0,0.0,0.0,0.0,0,0
199812,199512,0.0,0.0,0.0,0.0,0,0
199932,199632,0.0,0.0,0.0,0.0,0,0
