n_start,q0,dt,q_eff,theta_subdeg,q_from_theta,theta_from_qeff,delta_theta,delta_q,track_r2,peakiness,sanity
1000000,6,5,5.995934959349594,80.8271653541689,6.192788961556728,80.53137878369797,-0.2957865704709235,-0.19685400220713412,0.9995993999831521,17.624998586856343,none
1000000,7,6,7.0,81.56615060514186,6.744413062913035,81.86989764584403,0.3037470407021772,0.25558693708696456,0.9994448428271413,15.257144563171034,none
1000000,8,6,8.018181818181818,82.5602688983161,7.6579926463667105,82.89097465808268,0.33070575976658745,0.3601891718151071,0.9992675038907866,16.559998777113858,none
1000000,9,7,9.035242290748899,83.34149682968847,8.566131318194168,83.68433818067146,0.34284135098299373,0.46911097255473067,0.9990595495124618,18.540770755744347,none
1000000,10,8,10.025751072961373,83.95356164646462,9.440752394987841,84.30397790771154,0.35041626124692016,0.5849986779735321,0.9988390982509938,17.99999926301426,none
1000000,11,9,11.050632911392405,84.46501228594346,10.319342686160914,84.82924214215294,0.36422985620947657,0.7312902252314917,0.9985652496909305,15.712328760264915,none
1000000,12,10,11.983471074380166,85.56845929883792,12.903296010883965,85.22981806850397,-0.33864123033394833,-0.9198249365037992,0.9982973200824037,15.624999494273347,none
1000000,13,10,13.122171945701359,85.9463118002113,14.110643201495654,85.64208960783343,-0.3042221923778783,-0.9884712557942947,0.9979768156437738,18.128050245791,none
1000000,14,11,14.004405286343612,85.56210056350545,12.884733846404242,85.9156640592155,0.3535634957100484,1.1196714399393706,0.9977017889581142,15.441860223140594,none
1000000,15,12,14.96103896103896,86.54383477098422,16.557735296267282,86.1760221100648,-0.36781266091941234,-1.5966963352283212,0.9973413449366059,15.375000740879365,none
1000000,16,13,16.01287553648069,86.76655988744385,17.700943605778896,86.42653380799244,-0.3400260794514054,-1.6880680692982075,0.9969136532204586,15.711410384879198,none
1000000,17,14,17.038297872340426,86.97743006943514,18.93839358030619,86.64108896122261,-0.3363411082125367,-1.9000957079657645,0.9964928055780673,15.085107428902589,none
1000000,18,14,18.036036036036034,86.45846500162007,16.157624254185983,86.82651018824203,0.3680451866219556,1.8784117818500512,0.9960658021763688,15.458647068559642,none
1000000,19,15,19.0,86.6371577459045,17.018334098985054,86.98721249581666,0.3500547499121609,1.9816659010149458,0.9956007775412704,15.606300949298944,none
1000000,20,16,20.195555555555554,86.76855421692345,17.71189119919666,87.16526629688443,0.39671207996097735,2.4836643563588936,0.9950313902132759,15.250000495289191,none
1000000,21,17,21.19383259911894,87.6419392339221,24.28411824376824,87.29858594401374,-0.34335328990836445,-3.090285644649299,0.9943942687140552,16.52830208271207,none
1000000,22,18,22.069565217391304,87.04048067704319,19.34260527857047,87.40563007704804,0.36514940000485296,2.7269599388208334,0.9939581819895399,18.010526085876805,none
1000000,23,18,22.864864864864863,87.86511299455682,26.82542965567323,87.49575208485984,-0.36936090969697943,-3.960564790808366,0.9932812071834453,20.062500692782976,none
1000000,24,19,24.15837104072398,87.24838516287602,20.80659089292976,87.62967920974035,0.3812940468643262,3.351780147794223,0.992729094099152,19.74683584010421,none
1000000,25,20,25.339366515837106,87.34551886698326,21.569104182408644,87.7400357454652,0.3945168784819515,3.7702623334284624,0.9919890575962814,20.333333102605188,none
1000000,26,21,26.15625,88.16052577697135,31.137208706588652,87.81054668968594,-0.34997908728541915,-4.980958706588652,0.9914534003113735,23.573773153908032,none
1000000,27,22,27.426008968609864,87.52558647934134,23.140899470089398,87.91182125599414,0.38623477665279893,4.285109498520466,0.9903224686690917,24.854546048870194,none
1000000,28,22,27.926940639269407,88.33166706147628,34.3334261942799,87.94924510352678,-0.3824219579495036,-6.406485555010494,0.9900027366260703,22.396554581531543,none
1000000,29,23,29.359447004608295,88.37977443806719,35.35341476662803,88.04922626146221,-0.33054817660497804,-5.993967762019732,0.9890276241379753,25.11999943773079,none
1000000,30,24,29.83783783783784,87.73227544926266,25.2525634486811,88.08047947962159,0.34820403035892866,4.585274389156737,0.9882862881444419,24.800000877369328,none
1000000,31,25,30.96846846846847,87.77024499353108,25.683024199150445,88.15050983667173,0.380264843140651,5.285444269318024,0.9874606302817344,25.533328692385773,none
1000000,32,26,32.38181818181818,88.56715434047683,39.979068570920134,88.2311809708979,-0.3359733695789373,-7.597250389101951,0.9861284193089087,24.10203818583719,none
1000000,33,26,33.76303317535545,88.63885436721226,42.08587167640761,88.30349856216644,-0.33535580504582185,-8.32283850105216,0.985076155091679,20.11111229334199,none
1000000,34,27,33.96774193548387,87.94662074460074,27.891217580323875,88.31371671524361,0.3670959706428789,6.076524355159997,0.9850704427848284,21.37999943961255,none
1000000,35,28,35.096774193548384,88.73323707455512,45.222702969906486,88.36793313492508,-0.3653039396300386,-10.125928776358101,0.984063336199189,21.891303855681063,none
1000000,36,29,36.55348837209302,88.76528617558597,46.39691304836363,88.43294047134034,-0.3323457042456255,-9.843424676270608,0.9822755874217468,23.325581804590804,none
1000000,37,30,37.850467289719624,88.8293726653295,48.93769786043904,88.48661170355525,-0.3427609617742462,-11.087230570719413,0.9805922460505367,20.208333635498274,none
1000000,38,30,37.850467289719624,88.1344295727449,30.701349770545967,88.48661170355525,0.3521821308103483,7.149117519173657,0.981197402942681,17.571428171644087,none
1000000,39,31,39.15023474178404,88.15719141870687,31.080830604774636,88.53683319276128,0.3796417740544058,8.069404137009403,0.9794642020927851,17.574073759549343,none
1000000,40,32,40.45283018867925,88.17838896439088,31.442757097377022,88.58392817895586,0.4055392145649819,9.010073091302228,0.9778586725896572,19.866666449776126,none
50000000,6,5,5.995934959349594,80.8271653541689,6.192788961556728,80.53137878369797,-0.2957865704709235,-0.19685400220713412,0.9995962944076365,17.624998586856343,none
50000000,7,6,7.0,81.56615060514186,6.744413062913035,81.86989764584403,0.3037470407021772,0.25558693708696456,0.9994448428271552,15.257144563171034,none
50000000,8,6,8.018181818181818,82.5602688983161,7.6579926463667105,82.89097465808268,0.33070575976658745,0.3601891718151071,0.9992675038907259,16.559998777113858,none
50000000,9,7,8.956331877729259,83.34416442200967,8.569595638994521,83.62914912842416,0.28498470641449103,0.3867362387347377,0.9990801761529727,18.826838028206332,none
50000000,10,8,10.025751072961373,83.95356164646462,9.440752394987841,84.30397790771154,0.35041626124692016,0.5849986779735321,0.9988390982509568,17.99999926301426,none
50000000,11,9,10.9581589958159,84.46570461570431,10.320641682344272,84.78584657517293,0.32014195946861435,0.6375173134716281,0.9986051671888703,15.733944956258057,none
50000000,12,10,11.983471074380166,85.56845929883792,12.903296010883965,85.22981806850397,-0.33864123033394833,-0.9198249365037992,0.9983172333234442,15.624999494273347,none
50000000,13,10,13.004484304932737,85.9461791920286,14.110180071568417,85.60280549012484,-0.34337370190375793,-1.1056957666356801,0.9980204280204448,18.382716407099046,none
50000000,14,11,14.004405286343612,85.56210056350545,12.884733846404242,85.9156640592155,0.3535634957100484,1.1196714399393706,0.9977017889581022,15.441860223140594,none
50000000,15,12,14.96103896103896,86.54383477098422,16.557735296267282,86.1760221100648,-0.36781266091941234,-1.5966963352283212,0.9972936523061618,15.375000740879365,none
50000000,16,13,16.01287553648069,86.76655988744385,17.700943605778896,86.42653380799244,-0.3400260794514054,-1.6880680692982075,0.9969136532204914,15.711410384879198,none
50000000,17,14,17.038297872340426,86.97790525343622,18.941376921041766,86.64108896122261,-0.3368162922136122,-1.9030790487013398,0.9965051399317696,15.157142886003664,none
50000000,18,14,18.036036036036034,86.45902895924176,16.160204186241597,86.82651018824203,0.36748122900026203,1.8758318497944373,0.9960585593920838,15.51127865504826,none
50000000,19,15,19.0,86.63634958240755,17.014235802430694,86.98721249581666,0.3508629134091166,1.9857641975693063,0.995600777541292,15.727999670068883,none
50000000,20,16,20.195555555555554,86.76855421692345,17.71189119919666,87.16526629688443,0.39671207996097735,2.4836643563588936,0.9950313902133386,15.250000495289191,none
50000000,21,17,20.826839826839826,87.64330428327472,24.29820002382576,87.2510563199793,-0.3922479632954179,-3.471360196985934,0.9946573368885687,17.92783525642449,none
50000000,22,18,21.78540772532189,87.04245656138312,19.355550749648135,87.37183761176216,0.3293810503790411,2.4298569756737542,0.9940533352118245,17.680412161394834,none
50000000,23,18,23.391705069124427,87.86487440041033,26.822429214514163,87.55208466532429,-0.31278973508604224,-3.4307241453897355,0.9932367403332567,20.062500692782976,none
50000000,24,19,23.623893805309734,87.9664875956446,28.163939354556963,87.57611529755273,-0.3903722980918616,-4.540045549247228,0.992943032273856,21.106666464908123,none
50000000,25,20,25.339366515837106,87.34551886698326,21.569104182408644,87.7400357454652,0.3945168784819515,3.7702623334284624,0.9919890575963036,20.333333102605188,none
50000000,26,21,26.15625,88.15767581655105,31.089008250178335,87.81054668968594,-0.3471291268651129,-4.932758250178335,0.9912817279458516,22.199999761465502,none
50000000,27,22,27.182222222222222,87.52580071451706,23.14290568035249,87.8931099986644,0.3673092841473391,4.039316541869731,0.9906559350415762,25.33333391000623,none
50000000,28,22,27.926940639269407,88.33166706147628,34.3334261942799,87.94924510352678,-0.3824219579495036,-6.406485555010494,0.9900027366256721,22.396554581531543,none
50000000,29,23,29.359447004608295,88.37787588498696,35.31201463544267,88.04922626146221,-0.328649623524754,-5.952567630834377,0.9888326629301935,24.307691755942496,none
50000000,30,24,29.83783783783784,87.73227544926266,25.2525634486811,88.08047947962159,0.34820403035892866,4.585274389156737,0.9887102106350987,24.800000877369328,none
50000000,31,25,30.555555555555554,87.77290465211316,25.713726545026503,88.12553443739547,0.3526297852823177,4.84182901052905,0.9875660577841713,24.42553072032213,none
50000000,32,26,32.38181818181818,88.56715434047683,39.979068570920134,88.2311809708979,-0.3359733695789373,-7.597250389101951,0.9861284193086977,24.10203818583719,none
50000000,33,26,32.678899082568805,88.63775038351574,42.051751931732475,88.24725106766246,-0.39049931585327613,-9.372852849163671,0.9862913591549901,20.222223414493946,none
50000000,34,27,33.96774193548387,87.9484936280136,27.916702138377335,88.31371671524361,0.36522308723002084,6.051039797106537,0.9844014824524349,20.692307145688417,none
50000000,35,28,35.096774193548384,88.73323707455512,45.222702969906486,88.36793313492508,-0.3653039396300386,-10.125928776358101,0.9840633361989702,21.891303855681063,none
50000000,36,29,36.55348837209302,88.76348392382944,46.329267481686244,88.43294047134034,-0.33054345248909556,-9.775779109593223,0.9820153226852817,23.60465158536656,none
50000000,37,30,36.65158371040724,88.82955079183336,48.94514758756413,88.43713251102541,-0.39241828080794505,-12.293563877156892,0.9819113159257988,22.227273056512917,none
50000000,38,30,37.850467289719624,88.13312619155863,30.679900078685538,88.48661170355525,0.3534855119966238,7.170567211034086,0.9808980522841505,18.203703295642082,none
50000000,39,31,38.78604651162791,88.15900537642344,31.111476100953595,88.5231005938897,0.3640952174662573,7.674570410674313,0.9795549331743627,18.862744757783542,none
50000000,40,32,40.45283018867925,88.17838896439088,31.442757097377022,88.58392817895586,0.4055392145649819,9.010073091302228,0.9778586725890741,19.866666449776126,none
200000000,6,5,5.995934959349594,80.8271653541689,6.192788961556728,80.53137878369797,-0.2957865704709235,-0.19685400220713412,0.9995962944076603,17.624998586856343,none
200000000,7,6,7.0,81.56489666790483,6.743395827212855,81.86989764584403,0.30500097793920133,0.25660417278714487,0.9994451508663476,15.196892899807017,none
200000000,8,6,8.018181818181818,82.5602688983161,7.6579926463667105,82.89097465808268,0.33070575976658745,0.3601891718151071,0.9992675038909187,16.559998777113858,none
200000000,9,7,8.99561403508772,83.34130199550826,8.565878401265735,83.65674217716717,0.3154401816589143,0.4297356338219842,0.9990631102151968,18.50643705017148,none
200000000,10,8,10.025751072961373,83.95356164646462,9.440752394987841,84.30397790771154,0.35041626124692016,0.5849986779735321,0.9988390982514159,17.99999926301426,none
200000000,11,9,11.004201680672269,84.4647649133865,10.318878627495595,84.80754361195709,0.34277869857058363,0.6853230531766741,0.9985707806367844,15.766055043484954,none
200000000,12,10,11.983471074380166,85.56845929883792,12.903296010883965,85.22981806850397,-0.33864123033394833,-0.9198249365037992,0.9983172333235314,15.624999494273347,none
200000000,13,10,12.946428571428571,85.9457163432645,14.108563823766266,85.58316498222601,-0.3625513610384843,-1.1621352523376949,0.9980070992699898,18.282210081339755,none
200000000,14,11,13.882096069868995,85.5596890591264,12.877708156153302,85.8798021121899,0.32011305306350835,1.0043879137156928,0.9976835513402963,15.271676070491969,none
200000000,15,12,14.96103896103896,86.54383477098422,16.557735296267282,86.1760221100648,-0.36781266091941234,-1.5966963352283212,0.9972936523061002,15.375000740879365,none
200000000,16,13,16.01287553648069,86.76655988744385,17.700943605778896,86.42653380799244,-0.3400260794514054,-1.6880680692982075,0.9969136532204641,15.711410384879198,none
200000000,17,14,17.038297872340426,86.97550173105198,18.926296533804663,86.64108896122261,-0.3344127698293704,-1.8879986614642377,0.996470619056146,15.027972575319314,none
200000000,18,14,17.955156950672645,86.4555591312798,16.1443437913148,86.81224460464678,0.35668547336698,1.8108131593578456,0.996065802176358,15.603053880153766,none
200000000,19,15,19.0,86.6354630421666,17.009742309653777,86.98721249581666,0.35174945365005783,1.9902576903462226,0.9956116237541802,15.456693469260992,none
200000000,20,16,20.195555555555554,86.76855421692345,17.71189119919666,87.16526629688443,0.39671207996097735,2.4836643563588936,0.995031390213236,15.250000495289191,none
200000000,21,17,20.826839826839826,87.64362901971306,24.30155238944341,87.2510563199793,-0.39257269973376197,-3.4747125626035817,0.9946927109012447,17.329999649950317,none
200000000,22,18,21.974025974025974,87.04153204643627,19.34949142181896,87.39436572010506,0.3528336736687834,2.624534552207013,0.9939581819896304,17.191918986742824,none
200000000,23,18,23.07272727272727,87.86510127200147,26.825282222996687,87.51828454180712,-0.3468167301943481,-3.752554950269417,0.9932102495307898,20.062500692782976,none
200000000,24,19,23.623893805309734,87.9664875956446,28.163939354556963,87.57611529755273,-0.3903722980918616,-4.540045549247228,0.9929430322741251,21.106666464908123,none
200000000,25,20,25.339366515837106,87.34551886698326,21.569104182408644,87.7400357454652,0.3945168784819515,3.7702623334284624,0.9919890575955845,20.333333102605188,none
200000000,26,21,26.15625,88.16016142126804,31.13103815448091,87.81054668968594,-0.34961473158210765,-4.974788154480908,0.9913197340418891,22.343751245442697,none
200000000,27,22,26.82456140350877,87.52491305637066,23.134595445350925,87.8650439568955,0.34013090052484074,3.6899659581578454,0.9908613785220539,23.413793643031365,none
200000000,28,22,27.8,88.33361555449784,34.373594744657055,87.93988897627688,-0.3937265782209636,-6.573594744657054,0.9899615895359388,24.509435499570948,none
200000000,29,23,29.359447004608295,88.37949775309218,35.34737529595347,88.04922626146221,-0.33027149162997205,-5.987928291345174,0.9891047797032724,25.17999943762639,none
200000000,30,24,29.83783783783784,87.73227544926266,25.2525634486811,88.08047947962159,0.34820403035892866,4.585274389156737,0.9887102106343393,24.800000877369328,none
200000000,31,25,31.108597285067876,88.53162119907553,39.01121089135479,88.15883512647827,-0.3727860725972647,-7.902613606286916,0.9874692777798982,24.062498807561102,none
200000000,32,26,32.38181818181818,88.56715434047683,39.979068570920134,88.2311809708979,-0.3359733695789373,-7.597250389101951,0.9861284193078437,24.10203818583719,none
200000000,33,26,33.60377358490566,88.63892773720112,42.088141212041144,88.29546300301347,-0.34346473418764845,-8.484367627135484,0.9850395930970421,19.7454557068485,none
200000000,34,27,33.96774193548387,87.94730045541034,27.900461116222353,88.31371671524361,0.3664162598332723,6.067280819261519,0.9848677331705081,19.74073835144957,none
200000000,35,28,35.25925925925926,88.01227364382349,28.813217261073653,88.37545014075953,0.3631764969360347,6.446041998185606,0.9835834662921489,25.024389533455032,none
200000000,36,29,35.722727272727276,88.77069460308032,46.60110305342508,88.39651603621004,-0.3741785668702704,-10.878375780697802,0.9834114331580205,24.550000416512617,none
200000000,37,30,36.65158371040724,88.82970886546848,48.951760549005265,88.43713251102541,-0.39257635444306516,-12.300176838598027,0.9821729974321708,22.18181850177515,none
200000000,38,30,37.850467289719624,88.1345696072104,30.703656094679513,88.48661170355525,0.35204209634486006,7.146811195040112,0.9808980522842392,18.351852653154392,none
200000000,39,31,38.42857142857142,88.15797647775236,31.09408620054963,88.5093681647377,0.3513916869853375,7.334485228021794,0.9793898775587995,18.365384280695906,none
200000000,40,32,40.45283018867925,88.17838896439088,31.442757097377022,88.58392817895586,0.4055392145649819,9.010073091302228,0.9778586725891284,19.866666449776126,none
1000000,6,5,2.0745428973277074,86.88979057700513,18.403741708161007,64.26435723523129,-22.625433341773842,-16.3291988108333,0.000678143394847619,3.1428571936198915,permute_cols
1000000,7,6,1.13659793814433,86.1,14.668529224493382,48.65808094495165,-37.441919055048345,-13.531931286349051,0.0011179826375770086,2.2727273382145325,permute_cols
1000000,8,6,3.5999999999999996,78.2103007533309,4.791032804891052,74.47588900324574,-3.734411750085158,-1.1910328048910523,0.00010605498884908027,4.799999887553037,permute_cols
1000000,9,7,nan,87.61999999999585,24.060009066473242,nan,nan,nan,1.185709699613735e-05,4.1428571268775505,permute_cols
1000000,10,8,5.561904761904762,83.59870129888546,8.913376991532996,79.80743031451111,-3.79127098437435,-3.351472229628234,0.003229451173136222,3.8571429478093715,permute_cols
1000000,11,9,7.377464788732394,85.59772727272188,12.98942395371972,82.28072292831081,-3.3170043444110746,-5.611959164987327,0.002225046713158041,2.9999999835000004,permute_cols
1000000,12,10,1.2888888888888888,87.14090909098294,20.023223011122557,52.193470055295535,-34.94743903568741,-18.73433412223367,0.0013482016023771415,5.799999958240001,permute_cols
1000000,13,10,4.754098360655738,83.70957446810762,9.071785092536087,78.12129951666961,-5.5882749514380095,-4.317686731880349,0.0002700192022965231,5.666666690369301,permute_cols
1000000,14,11,nan,87.56948052031237,23.559328720759865,nan,nan,nan,0.0037456492610392633,3.3333333665002356,permute_cols
1000000,15,12,1.854077253218884,79.77826087079005,5.545692577295572,61.65971355204122,-18.11854731874883,-3.691615324076688,0.006893867656792785,4.9999999227952445,permute_cols
1000000,16,13,nan,89.49577464788737,113.62836108572701,nan,nan,nan,0.001264569425941553,5.249999937000003,permute_cols
1000000,17,14,nan,78.67460063923606,4.992990809851023,nan,nan,nan,5.225699564703756e-05,5.3999997587300115,permute_cols
1000000,18,14,nan,89.44090909091108,102.47700336031569,nan,nan,nan,0.00531225813316849,3.2857142603673473,permute_cols
1000000,19,15,nan,82.72924528382815,7.8379620146080615,nan,nan,nan,0.0023428701291675624,5.749999918062501,permute_cols
1000000,20,16,nan,86.19166667159602,15.022681141688645,nan,nan,nan,1.8074275449420085e-05,3.7999999320482627,permute_cols
1000000,21,17,nan,83.0957142870116,8.258375319908382,nan,nan,nan,0.0002167617263971744,3.399999957160003,permute_cols
1000000,22,18,nan,85.9605263157873,14.160462979150239,nan,nan,nan,0.0033332657448137404,2.6666666373333348,permute_cols
1000000,23,18,2.5153617443012886,80.77857142856872,6.1595891096246795,68.319352448294,-12.459218980274727,-3.644227365323391,0.000757587915362623,3.9999999310000027,permute_cols
1000000,24,19,3.6074324324324323,88.52131147544195,38.73909707187645,74.50633544463437,-14.014976030807574,-35.13166463944402,0.0038665336043999243,3.4999999370000014,permute_cols
1000000,25,20,5.645161290322581,78.0600000000005,4.728975451132173,79.9546696305033,1.8946696305028041,0.9161858391904083,8.855535426743888e-05,3.9999999249999982,permute_cols
1000000,26,21,3.8904382470119523,79.81601941747769,5.5666960405162005,75.58473056322987,-4.231288854247822,-1.6762577935042482,0.0023389132226206977,4.2499999171250025,permute_cols
1000000,27,22,5.705223880597015,83.71034482758405,9.072905186913871,80.0583025575004,-3.652042270083655,-3.3676813063168565,0.0013079417980850216,3.999999919000002,permute_cols
1000000,28,22,14.596658711217184,78.68260869565748,4.996617491840592,86.08085701301889,7.398248317361407,9.600041219376592,7.529528881233816e-05,2.7499999422500023,permute_cols
1000000,29,23,nan,79.578048780491,5.436839185060816,nan,nan,nan,0.0014970250905579352,5.3333331786666704,permute_cols
1000000,30,24,11.661971830985916,89.30895522388016,82.90779879121767,85.09894489148368,-4.210010332396479,-71.24582696023175,3.3501244014466636e-05,4.999999887500005,permute_cols
1000000,31,25,2.5797373358348965,88.77500000000654,46.76493793058243,68.8118577688574,-19.96314223114915,-44.18520059474753,0.011522828711120425,3.999999876000004,permute_cols
1000000,32,26,3.5584415584415585,80.55434782608954,6.010783863824053,74.30347416309073,-6.2508736629988135,-2.4523423053824946,0.004922080744016677,5.333333162666677,permute_cols
1000000,33,26,7.174219536757301,78.91153846153439,5.102481491253918,82.06478432972865,3.1532458681942614,2.071738045503383,0.0007733833467621354,4.999999991501169,permute_cols
1000000,34,27,nan,84.75208333333673,10.887266047010185,nan,nan,nan,0.0008875933666973035,2.9999999235000048,permute_cols
1000000,35,28,5.86748844375963,81.50722891578046,6.696936042873901,80.32797378568385,-1.1792551300966068,-0.8294475991142711,5.7942101154839776e-06,6.333333079070395,permute_cols
1000000,36,29,nan,85.2499999999944,12.03462232109911,nan,nan,nan,0.0004005634761076182,2.9999999190000026,permute_cols
1000000,37,30,2.6883504812479253,82.32848101265742,7.423951039784745,69.59604170479717,-12.732439307860247,-4.73560055853682,0.005178056886725235,3.666666531000008,permute_cols
1000000,38,30,5.8994901675163876,81.3900000000008,6.604395558399565,80.37945640294019,-1.0105435970606038,-0.7049053908831775,0.005675144131063292,3.9999998860000043,permute_cols
1000000,39,31,nan,82.3499999999982,7.445085501210276,nan,nan,nan,0.003944025838390153,3.333333203333345,permute_cols
1000000,40,32,2.085096036955993,88.92209302325779,53.14838944898288,64.37789320599869,-24.5441998172591,-51.06329341202689,0.005300202885834326,4.666666480000018,permute_cols
50000000,6,5,1.7664670658682635,89.970000004002,1909.859397345186,60.48572615690976,-29.48427384709224,-1908.0929302793177,0.0065193291926891606,2.499999977611194,permute_cols
50000000,7,6,nan,78.84787234135459,5.072609649721998,nan,nan,nan,0.0013955152619510303,3.0000000277693752,permute_cols
50000000,8,6,2.9647058823529413,80.64999999939745,6.073397943299938,71.36066757485656,-9.289332424540888,-3.1086920609469963,0.006059664869547454,3.2499999176068433,permute_cols
50000000,9,7,1.909683426443203,87.04196428571593,19.35232387360976,62.361332105595686,-24.68063218012025,-17.442640447166557,0.0005466198677555045,3.1428571307346935,permute_cols
50000000,10,8,4.119929453262786,85.20000000036582,11.90868239001292,76.35686034330944,-8.843139657056383,-7.788752936750134,0.0014778907043746514,3.0000000306595145,permute_cols
50000000,11,9,3.253416149068323,88.34808612440277,34.67487249266428,72.91418287135176,-15.433903253051014,-31.421456343595956,0.0063243651002027335,3.8333333122500006,permute_cols
50000000,12,10,4.011065006915629,87.70588235348383,24.96173532125084,76.00095252101386,-11.704929832469972,-20.95067031433521,0.008167207967047063,2.428571448925008,permute_cols
50000000,13,10,0.9833841980332316,84.12075098787432,9.711196747490543,44.5200158112617,-39.600735176612616,-8.727812549457312,0.00048529627467785996,4.833333301916667,permute_cols
50000000,14,11,nan,87.10581395369434,19.780013756121487,nan,nan,nan,0.0004960121895459801,4.142857129175871,permute_cols
50000000,15,12,11.112540192926044,82.85129870054757,7.973218840850172,84.85789326007173,2.00659455952416,3.1393213520758723,0.0003313564369411548,2.399999978400001,permute_cols
50000000,16,13,nan,79.74396551741968,5.526748146512109,nan,nan,nan,0.00479486672016205,3.4999998797689114,permute_cols
50000000,17,14,1.436670254754216,79.89758064501783,5.612595238477197,55.160001026311164,-24.73757961870666,-4.175924983722981,0.00010341164157323668,3.3333333261099787,permute_cols
50000000,18,14,4.291532690246517,84.7258620689697,10.832833489131673,76.88316855317971,-7.842693515789989,-6.541300798885156,0.0008325025341385794,2.9999999730000004,permute_cols
50000000,19,15,4.543039319872476,85.11153846154028,11.692162065605043,77.58618973636477,-7.525348725175505,-7.149122745732567,0.0004628035595287683,4.249999939437501,permute_cols
50000000,20,16,2.547085201793722,78.0,4.704630109478451,68.56474845332855,-9.435251546671452,-2.157544907684729,1.7815327473247322e-05,3.499999975439679,permute_cols
50000000,21,17,nan,78.1,4.745340077455925,nan,nan,nan,0.0008161827208078565,3.399999957160003,permute_cols
50000000,22,18,7.3352601156069355,87.8076271186463,26.12138390941221,82.23684881364167,-5.570778305004623,-18.786123793805274,0.0022521963766130026,3.7999999498400023,permute_cols
50000000,23,18,1.810271041369472,85.88684210526415,13.905938409183891,61.08358724909616,-24.80325485616799,-12.09566736781442,0.00039696951899526045,2.999999948250002,permute_cols
50000000,24,19,2.8658078368223294,85.32821782178213,12.237031848167149,70.76398789140588,-14.564229930376257,-9.37122401134482,0.0010280179467037076,3.799999945280001,permute_cols
50000000,25,20,nan,79.08661971831076,5.186403270060497,nan,nan,nan,0.004124036047618573,5.6666665249999975,permute_cols
50000000,26,21,4.2272727272727275,89.37521739130796,91.70150979639192,76.69082130459952,-12.684396086708432,-87.47423706911918,0.009402316960768653,3.7499999268750024,permute_cols
50000000,27,22,18.646341463414632,78.30999999999837,4.833065132609854,86.93017830582367,8.620178305825306,13.81327633080478,1.476652215270935e-05,2.7499999443125014,permute_cols
50000000,28,22,4.015758371634931,84.43308823490402,10.25979445931583,76.01667138632229,-8.416416848581733,-6.2440360876808985,6.264734932925897e-05,4.2499999303077765,permute_cols
50000000,29,23,14.3490990990991,81.56999999999972,6.747537697154358,86.01345768591169,4.443457685911966,7.601561401944742,0.005802419534555625,3.666666560333336,permute_cols
50000000,30,24,3.9640933572710955,79.04701492537222,5.167187570105042,75.84170797982617,-3.205306945546056,-1.2030942128339461,2.978425736888113e-05,3.4999999212500037,permute_cols
50000000,31,25,8.905440414507773,79.11090909090562,5.198256448070453,83.5930438438011,4.482134752895476,3.707183966437319,0.004361662832136348,5.666666491000005,permute_cols
50000000,32,26,nan,80.4500000000052,5.943895239920282,nan,nan,nan,0.005304502853823889,2.999999928000004,permute_cols
50000000,33,26,nan,79.65000000000047,5.475478849178391,nan,nan,nan,0.002559242349462365,3.9999999010000025,permute_cols
50000000,34,27,5.212871287128713,81.03947368421113,6.342027219876126,79.14071097132418,-1.898762712886949,-1.1291559327474134,0.008044685219381509,2.9999999235000048,permute_cols
50000000,35,28,nan,79.00999999999885,5.149352121632996,nan,nan,nan,0.0014925997864410068,2.9999998950000077,permute_cols
50000000,36,29,nan,80.5562499999996,6.012016780219248,nan,nan,nan,0.0032205520521160214,3.3333332133333387,permute_cols
50000000,37,30,nan,78.29000000000224,4.824576725700233,nan,nan,nan,0.00012179486806829232,4.666666494000011,permute_cols
50000000,38,30,3.8370440549502605,89.30576923076875,82.52727783966056,75.3926604925713,-13.913108738197451,-78.6902337847103,0.002297282141810575,3.4999999002500037,permute_cols
50000000,39,31,nan,86.11525423728781,14.72630611033147,nan,nan,nan,0.022483968308130153,4.333333164333348,permute_cols
50000000,40,32,nan,80.50140186915783,5.9766626820026865,nan,nan,nan,4.223565487282421e-05,4.3333331600000164,permute_cols
200000000,6,5,2.5519031141868513,79.43399999769049,5.3610453273442715,68.60155500657419,-10.832444991116304,-2.80914221315742,0.0002695614371539534,3.1999999231614633,permute_cols
200000000,7,6,nan,85.32999999991031,12.241722536550242,nan,nan,nan,0.0019495280684326266,3.285714173677759,permute_cols
200000000,8,6,3.025728987993139,89.60239999952651,144.10175989996532,71.71133795583692,-17.891062043689587,-141.07603091197217,2.4622130991192037e-05,5.799999868447925,permute_cols
200000000,9,7,0.8334010564811053,86.22297297296443,15.147564265231905,39.80786099992207,-46.41511197304236,-14.3141632087508,0.003507229482412555,2.874999990296875,permute_cols
200000000,10,8,3.7435897435897436,86.04999999439751,14.482273162502421,75.04416006992598,-11.00583992447153,-10.738683418912679,0.0035118371521440928,4.799999993551742,permute_cols
200000000,11,9,nan,88.16654676259836,31.239532211582837,nan,nan,nan,1.3578538985314914e-05,3.1999999788800007,permute_cols
200000000,12,10,1.3647058823529412,78.63726114675265,4.976147137850965,53.767581244552986,-24.869679902199664,-3.611441255498024,0.0011400017423048858,4.99999997,permute_cols
200000000,13,10,nan,89.52021276596115,119.41635003436333,nan,nan,nan,0.00038895362581958803,3.0000000637717936,permute_cols
200000000,14,11,3.9837092731829573,79.66791907441409,5.485184639059413,75.90863999337914,-3.759279081034947,-1.5014753658764555,0.00033427561911769654,4.599999961360001,permute_cols
200000000,15,12,21.873417721518987,84.46562500091203,10.320492287169946,87.382397561722,2.9167725608099744,11.55292543434904,0.000609433393901404,3.6666666391666674,permute_cols
200000000,16,13,nan,82.34714285538954,7.442272609380413,nan,nan,nan,0.004896703375720568,3.5999999010669894,permute_cols
200000000,17,14,nan,83.45869565407462,8.720986758788985,nan,nan,nan,0.0003354067312412168,3.599999837886739,permute_cols
200000000,18,14,nan,78.88076923076883,5.088002539774472,nan,nan,nan,7.521792005915628e-07,3.9999999460000013,permute_cols
200000000,19,15,nan,81.55555555013638,6.735827439941586,nan,nan,nan,0.0003010092240787188,4.599999947560001,permute_cols
200000000,20,16,7.701694915254237,89.27727273096019,79.27297490356159,82.60201573111816,-6.675256999842034,-71.57127998830735,0.016782943081922852,4.749999900810329,permute_cols
200000000,21,17,nan,78.3416666666651,4.8465638424879876,nan,nan,nan,0.007321229921011807,3.999999879192025,permute_cols
200000000,22,18,163.74193548387095,86.09311926605481,14.642615212619143,89.65008922711696,3.5569699610621512,149.0993202712518,0.006953642678448557,4.2499999298750035,permute_cols
200000000,23,18,2.801324503311258,81.75636363636184,6.902278236812389,70.35475700815677,-11.401606628205073,-4.100953733501131,0.005384935634075716,2.9999999586000015,permute_cols
200000000,24,19,nan,78.99150943330196,5.140486910874259,nan,nan,nan,0.0008352827458891765,4.333333132475796,permute_cols
200000000,25,20,7.225806451612903,81.78788819875585,6.929143147327725,82.12072184503496,0.3328336462791128,0.29666330428517806,0.0022101002890183574,4.499999915624998,permute_cols
200000000,26,21,nan,90.0,1.633123935319537e+16,nan,nan,nan,0.003309764806638027,5.666666519333339,permute_cols
200000000,27,22,3.920512820512821,79.96666666666391,5.652051560268668,75.69075380793267,-4.275912858731246,-1.7315387397558473,0.006290365213432958,3.749999924062502,permute_cols
200000000,28,22,nan,87.59999999999565,23.859277196199567,nan,nan,nan,5.407051421602027e-06,2.4999999475000023,permute_cols
200000000,29,23,11.754612546125461,78.30000000000192,4.828817352193575,85.13738525818258,6.83738525818066,6.9257951939318865,0.0029961878745917714,4.33333320766667,permute_cols
200000000,30,24,nan,85.44999999999668,12.565997051238716,nan,nan,nan,0.0032518650869751697,3.9999999728642743,permute_cols
200000000,31,25,nan,85.67857142856754,13.233376898548865,nan,nan,nan,0.003855145918486458,3.4999999186250017,permute_cols
200000000,32,26,nan,89.2728571428561,78.79153711205561,nan,nan,nan,0.005654095433412332,2.999999942400003,permute_cols
200000000,33,26,1.5761061946902655,86.47500000000089,16.233609052269646,57.60589372649162,-28.869106273509267,-14.65750285757938,7.588420973925203e-06,4.333333190333338,permute_cols
200000000,34,27,670.090909090909,79.304716981131,5.294739714149126,89.91449557634337,10.609778595212376,664.7961693767598,0.00011873644952897777,2.9999999235000048,permute_cols
200000000,35,28,6.181818181818182,82.56012658227658,7.657844498324443,80.81116392264124,-1.748962659635339,-1.4760263165062613,0.002406933748328677,4.666666503333345,permute_cols
200000000,36,29,5.0670535138620245,78.7706185567036,5.03681168670465,78.83595079956294,0.06533224285934125,0.03024182715737478,0.0005140745350263876,4.999999820000008,permute_cols
200000000,37,30,nan,80.1,5.7297416467243085,nan,nan,nan,0.011588689982937495,3.7499998959375054,permute_cols
200000000,38,30,15.851272015655578,84.97631578948291,11.375889994958388,86.39019821065831,1.4138824211754013,4.4753820206971895,0.007986822493796564,3.000000169122067,permute_cols
200000000,39,31,2.297245179063361,90.0,1.633123935319537e+16,66.47631528441026,-23.523684715589738,-1.6331239353195368e+16,0.007331476658973712,3.6666665236666796,permute_cols
200000000,40,32,3.9141944317663167,80.22571428571366,5.804914042753457,75.6686062027527,-4.557108082960966,-1.8907196109871403,0.0029643457233169412,3.99999988000001,permute_cols
