m,max_lift,min_lift,chi2,pbar
2,1.011183879093199,0.988816120906801,1.2414105793450882,0.049625
3,1.0074659940554065,0.9935466695462492,0.32557790652357127,0.049625
4,1.0236775818639798,0.9724937027707807,3.338136020151133,0.049625
5,1.0100755667506298,0.9828715365239294,0.833249370277078,0.049625
6,1.0277180857450892,0.985400282214409,1.9898805097666807,0.049625
7,1.031854268746021,0.9577642200304608,5.283513259755538,0.049625
8,1.055919395465995,0.9656423173803526,6.34992443324937,0.049625
9,1.0392043467034164,0.9594050600455626,9.167539619954287,0.049625
10,1.0629722921914357,0.9370277078085641,8.933501259445846,0.049625
11,1.0695107154721903,0.9631137945547495,9.900337058572735,0.049625
12,1.048303896891392,0.9684441071883853,4.745008163858527,0.049625
13,1.2298936859072227,0.0,1809.6968153073294,0.049625
14,1.0579133505491098,0.940837606421675,11.443443531940837,0.049625
15,1.030756247495608,0.9521648620560602,4.469386659538005,0.049625
16,1.0849370277078085,0.9350125944584382,14.443425692695214,0.049625
17,1.1733701503198504,0.0,1333.832846384472,0.049625
18,1.0972401915454923,0.950251435804531,14.229610454974258,0.049625
19,1.1657680537918687,0.0,1180.2352918068973,0.049625
20,1.1083123425692696,0.9269521410579344,14.040806045340053,0.049625
21,1.0982293696475534,0.9309637484832167,14.687489381255837,0.049625
22,1.1038680545184472,0.9132402378746993,17.449363273809,0.049625
23,1.1425542054193107,0.0,957.4785747733715,0.049625
24,1.1099688320026502,0.9478334932197867,15.57925524518537,0.049625
25,1.070528967254408,0.9219143576826195,13.551637279596978,0.049625
26,1.2784390468817746,0.0,1817.0738856965768,0.049625
27,1.0880741631349593,0.8760179542872338,20.19338306331713,0.049625
28,1.0607344528172409,0.9112160326062999,18.32781328209078,0.049625
29,1.142559918647396,0.0,745.1949582239968,0.049625
30,1.1032193982240432,0.8978227797590841,17.54475302090378,0.049625
31,1.1868305533909778,0.0,705.8264291564994,0.049625
32,1.1445843828715365,0.9092191435768262,30.714256926952135,0.049625
33,1.1206158399215236,0.9242724159957311,18.455847502490826,0.049625
34,1.2812859451667855,0.0,1354.25931903988,0.049625
35,1.0613282911424484,0.9167619790599223,15.727484684064496,0.049625
36,1.131800837514482,0.8996365631525369,22.99655341327747,0.049625
37,1.2265907348592706,0.0,592.4663809394674,0.049625
38,1.2175680131864912,0.0,1192.7050755620883,0.049625
39,1.3360735940772643,0.0,1832.2621998412887,0.049625
40,1.1405541561712846,0.9108312342569268,28.14055415617129,0.049625
41,1.1566866298385905,0.0,539.2107954005052,0.049625
42,1.1258562300640649,0.9013421746678416,32.93581464249922,0.049625
43,1.199884776407753,0.0,517.8190615668908,0.049625
44,1.2281328888556362,0.8690037769520024,38.787977911690966,0.049625
45,1.128826151139168,0.8840204798077822,35.40709878605735,0.049625
46,1.2188933097587935,0.0,978.9164689859567,0.049625
47,1.1505463911668339,0.0,469.4191959829838,0.049625
48,1.1754021701406734,0.8755053201459337,38.06758637901168,0.049625
49,1.1502239357651765,0.8984581815848159,36.298892235973824,0.049625
50,1.1335012594458438,0.836272040302267,41.40302267002517,0.049625
51,1.25398535432474,0.0,1356.1539255867879,0.049625
52,1.325594585496266,0.0,1846.186150194265,0.049625
53,1.22273703545003,0.0,440.54985213138656,0.049625
54,1.2186430627111544,0.8652525591953151,36.277708946810854,0.049625
55,1.1136590139546738,0.8754135532579027,28.905270995750563,0.049625
56,1.134241902479179,0.8408061864149138,41.607516619912374,0.049625
57,1.2519085503774747,0.0,1201.6816070226005,0.049625
58,1.2214579181447864,0.0,770.0666241555256,0.049625
59,1.2304674438822139,0.0,393.09533866176236,0.049625
60,1.1906938511542025,0.8645700842124514,36.78295192283451,0.049625
61,1.2048877871405892,0.0,392.36970017424954,0.049625
62,1.2305558895685402,0.0,737.2137655904821,0.049625
63,1.2062745322114978,0.7743112715444574,46.463854762246754,0.049625
64,1.192947103274559,0.8705289672544081,52.60967254408059,0.049625
65,1.3490846607928,0.0,1863.9779413184515,0.049625
66,1.183795961460126,0.8313173886658187,47.36024646171666,0.049625
67,1.2083929302262784,0.0,350.769635749968,0.049625
68,1.3498039101489665,0.0,1379.0578407560017,0.049625
69,1.278995710324849,0.0,1004.0120964439909,0.049625
70,1.2131588947205545,0.8319922159372339,54.98455023727189,0.049625
71,1.2589987562022231,0.0,332.30008994996604,0.049625
72,1.2190818970873558,0.819682536228336,63.90924608038014,0.049625
73,1.1987718104763831,0.0,339.27869803339723,0.049625
74,1.252456688202585,0.0,627.1043041844254,0.049625
75,1.171138242480395,0.8314421174563161,55.27510634745729,0.049625
76,1.293898769647738,0.0,1220.5381621945385,0.049625
77,1.1944859735157638,0.7449013539164061,80.6865405819548,0.049625
78,1.3989476455632532,0.0,1857.1605649000664,0.049625
79,1.2494976144145864,0.0,318.1140490285629,0.049625
80,1.1768261964735516,0.8221662468513854,67.37481108312346,0.049625
81,1.1671170881652897,0.8161657959197831,55.98878411828598,0.049625
82,1.2640932454664595,0.0,576.1940300680619,0.049625
83,1.2374969950980903,0.0,318.3915988081753,0.049625
84,1.2102528730281816,0.8547939872436807,61.59090383164926,0.049625
85,1.3616788043774977,0.0,1397.5112223768283,0.049625
86,1.2995141982755447,0.0,557.5977633497545,0.049625
87,1.2183590938125544,0.0,777.5362428593888,0.049625
88,1.2417071699719728,0.7805016496966686,64.42040674209457,0.049625
89,1.2555223365270682,0.0,301.3127481964941,0.049625
90,1.2061659566460423,0.8162025270537129,73.47216082319636,0.049625
91,1.476038441175055,0.0,1882.7589760844141,0.049625
92,1.2791427889483915,0.0,1006.9542938693592,0.049625
93,1.2740837546124057,0.0,746.5452048233157,0.049625
94,1.2689153614514876,0.0,496.67467693474003,0.049625
95,1.378509845216798,0.0,1237.9691938125547,0.049625
96,1.2866542273967865,0.7642532628898205,84.2246876577951,0.049625
97,1.2606674207868422,0.0,300.79485532170594,0.049625
98,1.244019020655899,0.7799801796175875,81.3677037871847,0.049625
99,1.2070728483427686,0.787698934487628,80.18677387937912,0.049625
100,1.2392947103274559,0.7758186397984886,80.39042821158688,0.049625
101,1.1907487978016944,0.0,272.32667064333003,0.049625
102,1.3975288914692936,0.0,1402.941447440113,0.049625
103,1.255554662024919,0.0,272.78043274477693,0.049625
104,1.467061201339741,0.0,1891.9964840665934,0.049625
105,1.1853607941917321,0.7616176441420892,62.36200166414966,0.049625
106,1.2814711288559264,0.0,489.99163131887644,0.049625
107,1.2607928447312058,0.0,268.5623057573708,0.049625
108,1.2621660292365526,0.8056098752529437,70.31390382637089,0.049625
109,1.295822208800335,0.0,259.10763236553566,0.049625
110,1.1860128078299013,0.8087040932336115,64.64651395949696,0.049625
111,1.3531005292188638,0.0,648.224497141196,0.049625
112,1.2523940753862253,0.7333839180189607,87.41740492756412,0.049625
113,1.2067910458381363,0.0,254.78702709762018,0.049625
114,1.3778552821373982,0.0,1243.247558069742,0.049625
115,1.3094181056022527,0.0,1013.9556864496384,0.049625
116,1.2974337695126439,0.0,809.902054253196,0.049625
117,1.4149420831779598,0.0,1899.7199397704935,0.049625
118,1.2958546027358582,0.0,459.0778583715857,0.049625
119,1.4145352487499194,0.0,1413.8344512114847,0.049625
120,1.3176206068609955,0.8099135840338229,86.78280888979309,0.049625
121,1.231254981020692,0.7558198893394347,94.79609208190664,0.049625
122,1.2663616538314355,0.0,443.26931161226724,0.049625
123,1.23930710339849,0.0,587.3777920227,0.049625
124,1.399210757681995,0.0,792.0787656247693,0.049625
125,1.2468513853904282,0.7304785894206548,102.51889168765747,0.049625
126,1.243583805493341,0.6979296867564669,91.26445235090263,0.049625
127,1.241053936268042,0.0,250.69215314003893,0.049625
128,1.2384819565434741,0.7482495154116824,103.80941807552523,0.049625
129,1.2992349130405834,0.0,592.938040849098,0.049625
130,1.44123841686511,0.0,1918.0576923996598,0.049625
131,1.2668689038119887,0.0,257.0309728631716,0.049625
132,1.3035056654280037,0.7581614584632266,96.85648790250048,0.049625
133,1.4470228843989497,0.0,1274.0551116357067,0.049625
134,1.3100938000148568,0.0,409.82435458412704,0.049625
135,1.2509475587826377,0.7886408522760107,98.60665899863135,0.049625
136,1.4393666786613888,0.0,1427.3478512806803,0.049625
137,1.2559953072702805,0.0,247.61332074080644,0.049625
138,1.4185062920141225,0.0,1063.6632214659128,0.049625
139,1.28832820160936,0.0,230.69424794972082,0.049625
140,1.2559179843221924,0.7473828380453118,113.71522891431088,0.049625
141,1.363290215730026,0.0,584.1181362382226,0.049625
142,1.358664075670438,0.0,396.05903517298503,0.049625
143,1.4846686342129634,0.0,1901.8739668874434,0.049625
144,1.3501840170152222,0.7253827754233061,124.07757990210173,0.049625
145,1.3288066294308765,0.0,839.4552989048537,0.049625
146,1.3237970913236132,0.0,398.1286253648187,0.049625
147,1.2733265842088994,0.7403061536098253,109.13279502914887,0.049625
148,1.3722459527134485,0.0,701.7574633718483,0.049625
149,1.3063700555958062,0.0,251.2342243769925,0.049625
150,1.2547217408886226,0.7407393410065362,131.64309630631038,0.049625
151,1.248030926815162,0.0,225.39863905472427,0.049625
152,1.3628046212857832,0.0,1265.4148146824145,0.049625
153,1.449278155408101,0.0,1443.690300502141,0.049625
154,1.319604273965372,0.6980762182884334,141.4292544226589,0.049625
155,1.421514068693496,0.0,820.5103435428015,0.049625
156,1.4618216970492421,0.0,1936.4170023116878,0.049625
157,1.4235494624123628,0.0,246.65884922290482,0.049625
158,1.2733733650084957,0.0,362.8010721533202,0.049625
159,1.361563074409422,0.0,520.1087190975112,0.049625
160,1.3219143576826198,0.7093198992443325,132.14055415617122,0.049625
161,1.3791033394581746,0.0,1069.6443428009188,0.049625
162,1.273734532494519,0.701618413404175,115.7423751416948,0.049625
163,1.3302704267335086,0.0,250.7515080669714,0.049625
164,1.370937770987323,0.0,632.5912052777655,0.049625
165,1.280228778545361,0.6816802587059713,104.11839585926353,0.049625
166,1.4047263187599945,0.0,403.4147934476526,0.049625
167,1.4141146316673294,0.0,266.5965480592283,0.049625
168,1.4212386348495327,0.7444583325402314,139.02966544179722,0.049625
169,1.4989854168307954,0.0,1942.0508037394304,0.049625
170,1.4907726314707241,0.0,1476.8717211689861,0.049625
171,1.4811944282977028,0.0,1298.271610330238,0.049625
172,1.3861484781605808,0.0,625.008543951712,0.049625
173,1.289951452502767,0.0,242.4693507524341,0.049625
174,1.4556519413442417,0.0,847.4253694817697,0.049625
175,1.339882892472194,0.6875714842949416,123.6119816617808,0.049625
176,1.4545712562528825,0.7627629758399261,133.891570335683,0.049625
177,1.3731303359265286,0.0,507.8397120135028,0.049625
178,1.3446041037317245,0.0,368.4733954492801,0.049625
179,1.461272885946298,0.0,278.58456977449947,0.049625
180,1.3228711740934707,0.6892376895120242,136.11676894453112,0.049625
181,1.3859603132087945,0.0,264.9581307970312,0.049625
182,1.5218781443171374,0.0,1945.2453514167883,0.049625
183,1.4011767118899523,0.0,485.3524085548464,0.049625
184,1.4089108979721416,0.0,1073.0790368099522,0.049625
185,1.3794485468022193,0.0,695.9411610227381,0.049625
186,1.424638275437877,0.0,829.3743808659177,0.049625
187,1.581958144024106,0.0,1466.404797145019,0.049625
188,1.3257324671881212,0.0,564.7448865629287,0.049625
189,1.3142043587777898,0.495207439539457,158.15872635376718,0.049625
190,1.5309503134859976,0.0,1328.981318968086,0.049625
191,1.4434909384856336,0.0,269.09996402475315,0.049625
192,1.432453294037655,0.6381836905389268,160.00608429929483,0.049625
193,1.361563074409422,0.0,279.5546226177718,0.049625
194,1.3681661931019993,0.0,386.5783412365409,0.049625
195,1.5515979986349864,0.0,1963.830010559152,0.049625
196,1.3618297860792377,0.7112164765150393,163.33070250380385,0.049625
197,1.2904666774205558,0.0,242.52434304957987,0.049625
198,1.2769035089906975,0.6584033718233284,156.6457578009331,0.049625
199,1.4236124165068862,0.0,265.76796037938334,0.049625
200,1.3299748110831233,0.6851385390428212,163.0806045340052,0.049625
201,1.397415288027037,0.0,463.1319132459363,0.049625
202,1.343408900083963,0.0,343.9114428400238,0.049625
203,1.41160224526589,0.0,892.8008387937066,0.049625
204,1.4584408548312138,0.0,1465.766076032705,0.049625
205,1.4054123877801459,0.0,652.7083062015133,0.049625
206,1.4527078734172618,0.0,363.232250548035,0.049625
207,1.5645289985449877,0.0,1108.0800915831376,0.049625
208,1.6146069506732335,0.0,1987.3311627865812,0.049625
209,1.5160727399066667,0.0,1345.0835283791357,0.049625
210,1.3758652075439746,0.6343483788434242,156.471143623292,0.049625
211,1.3179011361583182,0.0,251.2458768873518,0.049625
212,1.3889964767570135,0.0,568.5681042221827,0.049625
213,1.394913394655872,0.0,435.0588226993863,0.049625
214,1.337655542910156,0.0,364.7505778331012,0.049625
215,1.4934782079343734,0.0,645.5806728570832,0.049625
216,1.4362578953381462,0.6746059811436748,165.03209083596008,0.049625
217,1.6829037739663528,0.0,866.8312614462747,0.049625
218,1.3624539553741393,0.0,338.47889640726936,0.049625
219,1.4771618649719724,0.0,449.59706598359253,0.049625
220,1.4409501403540856,0.7537277657236756,144.391152584409,0.049625
221,1.8035821144773647,0.0,3547.918078075664,0.049625
222,1.4761096682387607,0.0,726.0274338336641,0.049625
223,1.3254368746647793,0.0,270.1463095368469,0.049625
224,1.3313738819421133,0.6318384524471047,196.61766986220772,0.049625
225,1.4960346581362467,0.6127033834842399,211.71323625904242,0.049625
226,1.4800267543297898,0.0,351.39412061561234,0.049625
227,1.3037623264151967,0.0,246.2011430391417,0.049625
228,1.4705502213005752,0.0,1316.2252131294526,0.049625
229,1.3387923746541213,0.0,268.38391294199687,0.049625
230,1.4592200121601668,0.0,1105.415909488219,0.049625
231,1.3961524365768667,0.604999389183309,195.00262417476264,0.049625
232,1.5662713974296785,0.0,902.7409795166486,0.049625
233,1.5013650105711345,0.0,288.9974604177897,0.049625
234,1.5555260948340626,0.0,2003.501326543157,0.049625
235,1.444440826764778,0.0,611.6231910044115,0.049625
236,1.4495508768594647,0.0,556.6810963381937,0.049625
237,1.4325450356345577,0.0,458.03696743640756,0.049625
238,1.6053816225735824,0.0,1511.8292457858367,0.049625
239,1.4686011273319308,0.0,272.8652323471061,0.049625
240,1.4514621969694677,0.6765368561573915,203.63306712968395,0.049625
241,1.4567084458741766,0.0,307.90734104985125,0.049625
242,1.4149706332603484,0.6099011350260123,195.89949989360684,0.049625
243,1.3711585371452355,0.6121243469398373,176.82950001356497,0.049625
244,1.4762735165757837,0.0,537.5411273073624,0.049625
245,1.4570059761940042,0.6412845422677425,184.8707885399891,0.049625
246,1.4128100978742784,0.0,682.2014232665618,0.049625
247,1.8658456945610595,0.0,3382.185324104965,0.049625
248,1.5750885987336787,0.0,888.343411657364,0.049625
249,1.3802146233739345,0.0,451.619526344488,0.049625
250,1.3350125944584383,0.5793450881612091,190.74307304785904,0.049625
251,1.3653214668356464,0.0,254.85569247080497,0.049625
252,1.4212386348495327,0.5075852267319759,191.8836760199034,0.049625
253,1.504958071613047,0.0,1162.7482960930597,0.049625
254,1.4576327532636908,0.0,360.799739378162,0.049625
255,1.4907726314707241,0.0,1526.5998874962704,0.049625
256,1.3158870788274413,0.593439270843748,189.50680626028273,0.049625
257,1.372763593273458,0.0,265.37639588743843,0.049625
258,1.4300804420248638,0.0,702.3217069491085,0.049625
259,1.5119867310129984,0.0,792.345787931197,0.049625
260,1.6246687608297603,0.0,2023.2472554256008,0.049625
261,1.5500871924045727,0.0,909.8818356484142,0.049625
262,1.5053926730953975,0.0,367.2769930123586,0.049625
263,1.4299096045571749,0.0,276.30238842637306,0.049625
264,1.4621534862391417,0.6380306121770801,185.53551999174408,0.049625
265,1.4946536106894424,0.0,623.6968307416026,0.049625
266,1.5542097647247977,0.0,1386.9470767989715,0.049625
267,1.4797227537640447,0.0,452.8289462916691,0.049625
268,1.4586611381608714,0.0,517.5964200804127,0.049625
269,1.381327699683107,0.0,273.3911449213728,0.049625
270,1.4685036559622267,0.6263190142283341,204.3595168711167,0.049625
271,1.4198630651293918,0.0,278.67739471902286,0.049625
272,1.5901574735687725,0.0,1550.3549059531806,0.049625
273,1.7594441256215614,0.0,2026.45845084978,0.049625
274,1.3802146233739345,0.0,382.5681058528057,0.049625
275,1.411686550225593,0.6098004635869433,198.30313102611547,0.049625
276,1.6120906801007555,0.0,1173.5593321601857,0.049625
277,1.423418017401983,0.0,285.91047613444664,0.049625
278,1.4854103971721149,0.0,371.1668548731464,0.049625
279,1.4614490126436417,0.0,912.9107928492396,0.049625
280,1.4393666786613888,0.676401683958359,227.86289252802848,0.049625
281,1.4151076896951857,0.0,276.2026385250108,0.049625
282,1.76215835977163,0.0,684.504816788019,0.049625
283,1.3966132129585755,0.0,314.9343671725567,0.049625
284,1.4291584043446415,0.0,509.63593813692995,0.049625
285,1.609790978702609,0.0,1402.551341033342,0.049625
286,1.5855684443051066,0.0,2029.5724344807618,0.049625
287,1.532295660784434,0.0,795.9403313983985,0.049625
288,1.3647021247250632,0.5516880929739618,248.98314364137397,0.049625
289,1.6889678368107628,0.0,1590.2501790436606,0.049625
290,1.4894316066148285,0.0,972.6395344715589,0.049625
291,1.46660360271175,0.0,455.5864061023671,0.049625
292,1.4435753531603988,0.0,513.9077641796122,0.049625
293,1.4182615953965594,0.0,319.95370776891576,0.049625
294,1.4499347159496518,0.5630463772410728,238.70829071539163,0.049625
295,1.5752360996559744,0.0,608.4330208730194,0.049625
296,1.5202778233198693,0.0,800.773699414467,0.049625
297,1.4971124443729156,0.5979564837168975,272.1696867115622,0.049625
298,1.5316062720778416,0.0,392.7053363286179,0.049625
299,1.7771552714115206,0.0,3147.5210071661845,0.049625
300,1.5407913171877536,0.5740202946385748,266.69054817225685,0.049625
301,1.4848203632506958,0.0,734.7733750478887,0.049625
302,1.430669599032015,0.0,334.8449010633161,0.049625
303,1.5266010228226852,0.0,428.8365550735182,0.049625
304,1.5924907934126005,0.0,1407.3214323150446,0.049625
305,1.538254465744996,0.0,618.4865006446141,0.049625
306,1.6638550597370185,0.0,1579.1968611097348,0.049625
307,1.3929354954787636,0.0,307.37330690269073,0.049625
308,1.5214261041012525,0.5890331331137376,272.83538324801196,0.049625
309,1.4015471523287093,0.0,434.16924013506133,0.049625
310,1.559685255515437,0.0,954.9162170934372,0.049625
311,1.410265952654238,0.0,317.09584985933003,0.049625
312,1.6975993901217006,0.0,2087.479128134735,0.049625
313,1.4190939085393977,0.0,308.31616555932476,0.049625
314,1.51845275990652,0.0,386.68545843975437,0.049625
315,1.396299014260497,0.6346813701184078,219.07234566759553,0.049625
316,1.46437936975977,0.0,505.6881671326724,0.049625
317,1.4690208257653476,0.0,322.4924218763722,0.049625
318,1.4736917981843156,0.0,649.5025862939071,0.049625
319,1.4783925694703899,0.0,960.0987580842688,0.049625
320,1.5153652392947103,0.6125944584382871,254.80453400503777,0.049625
321,1.6469676419298585,0.0,446.7133864729591,0.049625
322,1.6873734976900017,0.0,1209.5291570474078,0.049625
323,1.7876005525310799,0.0,2899.2499868404316,0.049625
324,1.4696936913398297,0.48989789711327664,253.91734440830217,0.049625
325,1.6383035366877596,0.0,2066.9949723230447,0.049625
326,1.5779027863955193,0.0,405.1628536001402,0.049625
327,1.5804810589223093,0.0,495.1552722405293,0.049625
328,1.618697609117562,0.0,776.467932967605,0.049625
329,1.5245923372663395,0.0,689.5270138192873,0.049625
330,1.5961293862383719,0.5985485198393894,238.05908473982433,0.049625
331,1.6014145828815454,0.0,344.0593771054248,0.049625
332,1.5706521966155786,0.0,525.6100065016856,0.049625
333,1.60940833287929,0.0,871.5692220215113,0.049625
334,1.5474994007644982,0.0,387.3096874387912,0.049625
335,1.6876996232210593,0.0,577.2754664171711,0.049625
336,1.524035306817941,0.5418792202019347,285.72947563553663,0.049625
337,1.4612120414066714,0.0,335.7332430330382,0.049625
338,1.807123647321067,0.0,2081.4643720297145,0.049625
339,1.5711053238270076,0.0,455.7756759912755,0.049625
340,1.64499048989873,0.0,1631.6659861996404,0.049625
341,1.5791348229266347,0.0,954.5716230655697,0.049625
342,1.6534263385648775,0.0,1459.55640108447,0.049625
343,1.5208402642459957,0.5530328233621803,284.0513788444696,0.049625
344,1.661949154743047,0.0,757.5942753366386,0.049625
345,1.6329366802744723,0.0,1224.9805206309563,0.049625
346,1.4642692163544926,0.0,372.23072447832544,0.049625
347,1.609291911558914,0.0,353.2221489788853,0.049625
348,1.5095796873765785,0.0,988.4374495582472,0.049625
349,1.6528852959148235,0.0,373.80184349584675,0.049625
350,1.409170174913248,0.5293642776162726,278.7723004342177,0.049625
351,1.8029961553758451,0.0,2090.9012095541907,0.049625
352,1.5964806471068222,0.532160215702274,276.89784481659416,0.049625
353,1.4926765556488477,0.0,370.1246406430013,0.049625
354,1.569291812487461,0.0,691.1934713704322,0.049625
355,1.4674892958288406,0.0,549.3833033936713,0.049625
356,1.5059565961795314,0.0,551.4532018570973,0.049625
357,1.6523211070551418,0.0,1599.472312396449,0.049625
358,1.4779901136880809,0.0,443.4713402079768,0.049625
359,1.5194750575455955,0.0,358.71635551417785,0.049625
360,1.4523339460367168,0.43570018381101505,306.70427372446164,0.049625
361,1.6004510362011113,0.0,1464.7900300977537,0.049625
362,1.5332384185740884,0.0,388.14714646084025,0.049625
363,1.6091649256904095,0.47543509168125736,273.200212200313,0.049625
364,1.7618477378150335,0.0,2110.3421984639704,0.049625
365,1.5812020813032046,0.0,595.2170981516696,0.049625
366,1.5840927615249654,0.0,623.82475251882,0.049625
367,1.552931389087884,0.0,340.8110409833053,0.049625
368,1.7780411912875982,0.0,1241.0904950927866,0.049625
369,1.5987061633840518,0.0,815.1753116296774,0.049625
370,1.787900939113592,0.0,881.7151131259473,0.049625
371,1.6076043424010318,0.0,726.4964757498045,0.049625
372,1.6511170839020775,0.0,969.2144134074728,0.049625
373,1.5790067295763,0.0,361.9634350796429,0.049625
374,1.807952164598978,0.0,1617.2884698347957,0.049625
375,1.584920612458608,0.4536840563135335,341.57998667444684,0.049625
376,1.5179761582869638,0.0,722.5194803670873,0.049625
377,1.8630293237013447,0.0,2983.350775291106,0.049625
378,1.523715198582945,0.45711455957488345,298.5912260238334,0.049625
379,1.6410960995343866,0.0,352.4244676485864,0.049625
380,1.644210133878854,0.0,1477.084780375583,0.049625
381,1.4969413458078444,0.0,454.64017664288804,0.049625
382,1.88436172053762,0.0,461.120106423385,0.049625
383,1.5827518650414505,0.0,359.2549792365773,0.049625
384,1.5471119770640647,0.5028113925458211,341.67948488609153,0.049625
385,1.5500871924045727,0.46502615772137185,327.93510428555015,0.049625
386,1.5949738871653227,0.0,442.9518709002857,0.049625
387,1.5980589430399172,0.0,805.260967572721,0.049625
388,1.5260081680565405,0.0,567.147643792658,0.049625
389,1.5289770555430318,0.0,348.52409894502654,0.049625
390,1.7676432895841618,0.0,2132.064036560757,0.049625
391,1.8139963621485997,0.0,2721.1094276052704,0.049625
392,1.5804810589223093,0.4741443176766928,360.3263564837261,0.049625
393,1.5439964765208611,0.0,452.3321023652833,0.049625
394,1.5470358396636188,0.0,413.2634196048551,0.049625
395,1.632799354845133,0.0,555.1503476178934,0.049625
396,1.5562261515824125,0.39903234655959297,317.8616139458656,0.049625
397,1.519331494142577,0.0,374.96511276588984,0.049625
398,1.6024758251498565,0.0,423.67922733451775,0.049625
399,1.7260931086736178,0.0,1494.6724016616952,0.049625
400,1.5314861460957179,0.5239294710327456,355.50377833753095,0.049625
401,1.5749382896775919,0.0,393.25264237720495,0.049625
402,1.5376366928671867,0.0,650.2556063521423,0.049625
403,1.8245493109792252,0.0,2978.58262355477,0.049625
404,1.5469557031269876,0.0,517.9292518916309,0.049625
405,1.5908789606257456,0.5313686318790523,334.09388037218173,0.049625
406,1.5941058956371568,0.0,1041.1086756023155,0.049625
407,1.6383035366877596,0.0,944.1095157115495,0.049625
408,1.6861152521461986,0.0,1631.6962535320667,0.049625
409,1.524727892733332,0.0,356.69314040492577,0.049625
410,1.5691456414915141,0.0,830.116702769338,0.049625
411,1.572367706463776,0.0,502.8129608674518,0.049625
412,1.5788516970058946,0.0,526.2027384544926,0.049625
413,1.7865953413487756,0.0,687.1533036497434,0.049625
414,1.7939932516649195,0.0,1295.364857644453,0.049625
415,1.588678574788089,0.0,536.549065476864,0.049625
416,1.9271354283948743,0.0,2189.4209603907316,0.049625
417,1.595298068849706,0.0,445.20231766081247,0.049625
418,1.7706016883951812,0.0,1560.79678077101,0.049625
419,1.5208402642459957,0.0,393.7087016204052,0.049625
420,1.524035306817941,0.4647011918529432,325.88415037450216,0.049625
421,1.4848203632506958,0.0,401.5954187587817,0.049625
422,1.7005175950429912,0.0,465.6652908832191,0.049625
423,1.789318408145659,0.0,864.7107692796495,0.049625
424,1.5402140255739702,0.0,720.414577447739,0.049625
425,2.057988102256284,0.0,1694.9105888462595,0.049625
426,1.6327144414666501,0.0,616.7221732059999,0.049625
427,1.765377080238541,0.0,739.0039576616141,0.049625
428,1.553406436927923,0.0,537.8610882797785,0.049625
429,1.7297110301510252,0.0,2135.9749991243857,0.049625
430,1.643225478643474,0.0,805.2384757712016,0.049625
431,1.6068791800573266,0.0,425.7086425910304,0.049625
432,1.6103497614397395,0.4787526317793821,346.7097820764088,0.049625
433,1.5299125217875933,0.0,453.42878220547897,0.049625
434,1.8358950261451121,0.0,1065.1266002611796,0.049625
435,1.6208520424926074,0.0,1090.4100243633643,0.049625
436,1.5365788072855786,0.0,534.4752621715697,0.049625
437,1.9799148636608623,0.0,2593.674152153686,0.049625
438,1.6350700428653497,0.0,665.7921256326371,0.049625
439,1.5466878783861417,0.0,401.49983804696876,0.049625
440,1.4647299681532195,0.5757466714645556,292.9542092634779,0.049625
441,1.5978872379853306,0.48932112254713883,357.3424519363108,0.049625
442,2.0017682286019314,0.0,3713.6548530848218,0.049625
443,1.5603753817346915,0.0,429.81819155508333,0.049625
444,1.6531972052031032,0.0,922.7803283185119,0.049625
445,1.5673103834312903,0.0,568.2004635109772,0.049625
446,1.7054411426455653,0.0,449.03537988941883,0.049625
447,1.6642677222022308,0.0,463.55111804497324,0.049625
448,1.6229100806383445,0.497001050479493,395.0293065862469,0.049625
449,1.584920612458608,0.0,408.2435702392821,0.049625
450,1.588490253477659,0.2723126148818844,425.17474667659974,0.049625
451,1.6830517822722337,0.0,915.0944570295968,0.049625
452,1.6868595917343878,0.0,536.3351039304309,0.049625
453,1.64499048989873,0.0,489.18233637186864,0.049625
454,1.4655369819097777,0.0,394.64429157664154,0.049625
455,1.881996522896668,0.0,2188.609369922375,0.049625
456,1.6524847518117085,0.0,1483.6860825765016,0.049625
457,1.5678227438050827,0.0,478.49984948975356,0.049625
458,1.6600476110877345,0.0,461.9058456552337,0.049625
459,1.714004458727815,0.0,1707.1499084534425,0.049625
460,1.7603289035582963,0.0,1272.774078404388,0.049625
461,1.5322290450266398,0.0,385.42554045347686,0.049625
462,1.5357676802345535,0.3723073164204978,388.31028819990456,0.049625
463,1.5896485824659423,0.0,442.91414252593466,0.049625
464,1.9636835430461639,0.0,1128.9047583177858,0.049625
465,1.7807978442973462,0.0,1017.2332632606759,0.049625
466,1.6402085408001874,0.0,449.29979467352706,0.049625
467,1.6007909790720118,0.0,458.26224102725473,0.049625
468,1.7461169544416848,0.0,2193.029831850239,0.049625
469,1.6083064296779839,0.0,715.967662522187,0.049625
470,1.6556095599626306,0.0,795.7932456695024,0.049625
471,1.6158927807613706,0.0,488.86312996754145,0.049625
472,1.6158927807613706,0.0,731.2762805882857,0.049625
473,1.857905925648034,0.0,864.0471038361735,0.049625
474,1.6274074561587202,0.0,629.7764303921068,0.049625
475,2.153921633151247,0.0,1546.8321011848643,0.049625
476,1.8231977929710925,0.0,1716.2178546427724,0.049625
477,1.5870821134643476,0.0,801.7350909752441,0.049625
478,1.7355043206826317,0.0,480.6417467027194,0.049625
479,1.6430180792393794,0.0,434.91442826118333,0.049625
480,1.6469676419298585,0.4832406115409939,413.4591687239256,0.049625
481,1.9422779278322357,0.0,2883.2529303417873,0.049625
482,1.6509362386574005,0.0,539.3454627475696,0.049625
483,1.6549240073498095,0.0,1326.2075242157998,0.049625
484,1.8053073596769964,0.4391288172187288,427.76039338564306,0.049625
485,1.7077231780728341,0.0,586.5624524254911,0.049625
486,1.667003744629735,0.3423736274485828,382.76009402719905,0.049625
487,1.667003744629735,0.0,434.3301311674246,0.049625
488,1.6751553521829365,0.0,716.1275574020846,0.049625
489,1.6258860771187327,0.0,513.5726256285006,0.049625
490,1.728651158196276,0.3951202647305773,434.76400500276264,0.049625
491,1.6338756892913064,0.0,446.9654405681975,0.049625
492,1.538633346155278,0.0,872.3076172502908,0.049625
493,1.9853333498777779,0.0,2550.036470542994,0.049625
494,2.139503063096682,0.0,3591.3291979911655,0.049625
495,1.4963712995984735,0.49879043319949123,387.83236915910936,0.049625
496,1.7500984430374207,0.0,1084.2193923531954,0.049625
497,1.6541975262227904,0.0,742.5697025370629,0.049625
498,1.6541975262227904,0.0,659.6310699184728,0.049625
499,1.7085749103312249,0.0,502.86434417733983,0.049625
500,1.6120906801007555,0.4534005037783375,400.1889168765754,0.049625
501,1.666635101607924,0.0,551.9121796935666,0.049625
502,1.6201916382922168,0.0,493.57672547379775,0.049625
503,1.6201916382922168,0.0,463.14423748408035,0.049625
504,1.624272725542323,0.3553096587123832,406.4763532898281,0.049625
505,1.9336946289087344,0.0,594.5034816693477,0.049625
506,1.781034526626466,0.0,1390.9620307916055,0.049625
507,1.88757453049772,0.0,2209.3660956499125,0.049625
508,1.7433550611776618,0.0,583.5762729389178,0.049625
509,1.5895296146031623,0.0,461.54006413840875,0.049625
510,1.7992083483267363,0.0,1750.3222257234088,0.049625
511,1.6491976267015405,0.0,711.8394252893368,0.049625
512,1.6491976267015405,0.3616870115610669,427.5642925257668,0.049625
513,1.8084350578053348,0.0,1602.552417968328,0.049625
514,1.5540719923850472,0.0,481.09953333011276,0.049625
515,1.5580773325716066,0.0,616.0414859117841,0.049625
516,1.7138850658287672,0.0,881.9491859448569,0.049625
517,1.8224539342224304,0.0,828.7666099527372,0.049625
518,1.8271753174717114,0.0,1019.6134193785184,0.049625
519,1.7749703084010908,0.0,512.3954649779821,0.049625
520,2.0990764063811924,0.0,2245.0358206025726,0.049625
521,1.6792611251049536,0.0,467.4639868640573,0.049625
522,1.7842149454240135,0.0,1117.6057704322911,0.049625
523,1.6353014097880703,0.0,489.8977845370907,0.049625
524,1.8511539961786891,0.0,573.9886669430945,0.049625
525,1.5908789606257456,0.47601102758880576,426.6701271415717,0.049625
526,1.7982638820021553,0.0,539.1952368972557,0.049625
527,1.9672610542126636,0.0,2500.2969343398645,0.049625
528,1.6482457481241235,0.42535374145138666,423.8155976541817,0.049625
529,1.9191555715485185,0.0,1364.1592079432294,0.049625
530,1.7104410398947008,0.0,843.7043165198259,0.049625
531,1.7638923223914103,0.0,837.2784064068762,0.049625
532,1.7685835253764939,0.0,1608.7743716169127,0.049625
533,1.929363845865266,0.0,2814.8460081819376,0.049625
534,1.8270361041141898,0.0,663.542194803269,0.049625
535,1.7241611551879739,0.0,576.074874218825,0.049625
536,1.6207345979565237,0.0,723.455984867657,0.049625
537,1.6792611251049536,0.0,575.7252279030959,0.049625
538,1.6250914113918906,0.0,538.3031946771179,0.049625
539,1.6837874354152096,0.2715786186153564,441.658585012612,0.049625
540,1.6338756892913064,0.43570018381101505,409.1989962968041,0.049625
541,1.851725781196814,0.0,480.8869707084971,0.049625
542,1.6383035366877596,0.0,493.7008658840077,0.049625
543,2.0260650531157594,0.0,553.967239568354,0.049625
544,1.8617895082685356,0.0,1807.6463999484342,0.049625
545,1.8119547834919936,0.0,636.4940780860547,0.049625
546,1.8719632214284732,0.0,2248.1564479610356,0.049625
547,1.8218833028535937,0.0,508.3351245954815,0.049625
548,1.711466132983679,0.0,607.2806795357791,0.049625
549,1.6608077061477564,0.0,832.7504170030315,0.049625
550,1.6608077061477564,0.3875217981011432,444.42936462057355,0.049625
551,1.9984595207860607,0.0,2460.6456412454645,0.049625
552,1.8874339918535017,0.0,1441.570527606274,0.049625
553,1.7256495539752563,0.0,724.8779104097038,0.049625
554,1.7862500610534688,0.0,514.0831328318764,0.049625
555,1.7862500610534688,0.0,1009.9471606454335,0.049625
556,1.7400700237856346,0.0,603.0916062670586,0.049625
557,1.8523326059653529,0.0,491.51865936648034,0.049625
558,1.8523326059653529,0.0,1175.041992634182,0.049625
559,2.1389471314186004,0.0,2841.7602002736326,0.049625
560,1.693372563131046,0.5065927416517738,457.44054640276454,0.049625
561,1.7547335352220303,0.0,1753.5324041030663,0.049625
562,1.6415249200464155,0.0,527.3298053967835,0.049625
563,1.9299677156135806,0.0,518.2751890165342,0.049625
564,2.276964237430446,0.0,907.6725927867952,0.049625
565,1.7077231780728341,0.0,622.8423526394337,0.049625
566,1.7696462848131522,0.0,553.4134880782092,0.049625
567,1.7125609207869217,0.28623769177925346,474.14637919861343,0.049625
568,1.7174261506755208,0.0,773.9976329034855,0.049625
569,1.7223191026717475,0.0,510.2796191587123,0.049625
570,1.784814681540122,0.0,1661.833854642419,0.049625
571,1.784814681540122,0.0,518.0679834206277,0.049625
572,1.8999640158330335,0.0,2317.9604761870432,0.049625
573,1.7321891261827602,0.0,590.3567020768738,0.049625
574,1.8529777932192593,0.0,1001.60819201018,0.049625
575,1.7950722371811574,0.0,1360.117362630545,0.049625
576,1.626028063502203,0.40650701587555077,474.27833323446004,0.049625
577,1.8583177868596605,0.0,527.0491448855535,0.049625
578,1.9219289177501782,0.0,1844.1578914286426,0.049625
579,1.7522724783703865,0.0,601.3920215894175,0.049625
580,1.7522724783703865,0.0,1207.8059536513738,0.049625
581,1.7573662937144865,0.0,745.9682239309111,0.049625
582,1.7573662937144865,0.0,704.8317112563489,0.049625
583,1.8212394709593083,0.0,854.2599353104754,0.049625
584,1.708721846598023,0.0,747.5861244038657,0.049625
585,1.8265647325703005,0.0,2300.4935718390357,0.049625
586,1.6546385279626523,0.0,568.8706364168122,0.049625
587,1.7728269942456991,0.0,552.8397929268546,0.049625
588,1.7137327611041755,0.4136596319906631,492.64379995037814,0.049625
589,2.0743813898355308,0.0,2428.0408306966488,0.049625
590,1.723843278868802,0.0,885.6163737764252,0.049625
591,1.6097059305739794,0.0,594.9277171162976,0.049625
592,1.9077996214210124,0.0,1069.8346201412887,0.049625
593,1.7340738027790028,0.0,549.2613125560547,0.049625
594,1.7340738027790028,0.17938694511506925,507.49480614286307,0.049625
595,1.9191555715485185,0.0,1848.6934027959473,0.049625
596,1.804579119515771,0.0,653.1737229648795,0.049625
597,1.804579119515771,0.0,587.648703227296,0.049625
598,2.232311196247304,0.0,3386.2765258610257,0.049625
599,1.7496493159776165,0.0,544.6567334616175,0.049625
600,1.8759313469640924,0.3630834865091792,514.7422052891961,0.049625
601,1.8154174325458958,0.0,540.3128136482208,0.049625
602,1.8815817425874781,0.0,975.1472110330768,0.049625
603,1.7601893720979636,0.0,828.5442400466264,0.049625
604,1.7655071647629121,0.0,620.4753331895089,0.049625
605,1.7046276073572946,0.36527734443370596,479.45490773402975,0.049625
606,1.5876650637355925,0.0,652.0589685388718,0.049625
607,1.7762397311140543,0.0,561.2231681889746,0.049625
608,1.837489377014539,0.0,1664.4363407967646,0.049625
609,1.7816550961479387,0.0,1233.1732890667702,0.049625
610,1.8487278441522428,0.0,896.0790295456399,0.049625
611,1.9719763670957255,0.0,2858.0040662618517,0.049625
612,1.7871035826805013,0.0,1807.1947589416247,0.049625
613,1.730772202562161,0.0,542.4566008539404,0.049625
614,1.7360976554931213,0.0,559.2260321928376,0.049625
615,1.7360976554931213,0.0,987.9995494761926,0.049625
616,1.7414559815903223,0.3720209261770975,513.4624474632861,0.049625
617,1.6792611251049536,0.0,506.4447625950556,0.049625
618,1.803650838075691,0.0,716.8407135810368,0.049625
619,1.7468474861772894,0.0,574.5899086823541,0.049625
620,1.814853638312186,0.0,1220.4871984473282,0.049625
621,1.814853638312186,0.0,1461.8495573618093,0.049625
622,1.8205073879642488,0.0,542.0060573591422,0.049625
623,1.8205073879642488,0.0,752.7123388748355,0.049625
624,2.008835738443309,0.0,2351.0175616186916,0.049625
625,1.7632241813602012,0.4408060453400503,544.9622166246835,0.049625
626,1.7632241813602012,0.0,576.4138167920833,0.049625
627,1.8319212273872223,0.0,1700.7147748111956,0.049625
628,1.8319212273872223,0.0,655.225490989204,0.049625
629,1.901050330307495,0.0,2519.87496271237,0.049625
630,1.7163426010536436,0.38021006606149893,490.86915256483536,0.049625
631,1.589206112086707,0.0,522.6807699321383,0.049625
632,1.7855434747951406,0.0,795.4199205577986,0.049625
633,1.6580046551669163,0.0,587.7475556324836,0.049625
634,1.7217740649810285,0.0,568.011226958871,0.049625
635,1.7272400143936668,0.0,704.7750773099306,0.049625
636,1.855183719163568,0.0,915.3341510627024,0.049625
637,1.9894431163663784,0.0,2332.6210941250233,0.049625
638,1.8610919475685472,0.0,1232.122385248597,0.049625
639,1.8670379282317058,0.0,798.7289419148583,0.049625
640,1.6792611251049536,0.38628370928931843,507.23021683681037,0.049625
641,1.8730220241555253,0.0,613.6507597016115,0.049625
642,1.7438480914551442,0.0,730.3533561236036,0.049625
643,1.6846606785618827,0.0,565.681305271439,0.049625
644,1.8790446030113308,0.0,1490.5161742317464,0.049625
645,1.8851060372145934,0.0,978.3669960655542,0.049625
646,2.086848776829457,0.0,3136.033016440498,0.049625
647,1.6955646311739339,0.0,586.3159217147701,0.049625
648,1.8319212273872223,0.3260701213796026,542.4102971038726,0.049625
649,1.8973469855081946,0.0,906.7369130751059,0.049625
650,1.9627727436291669,0.0,2391.3565567425217,0.049625
651,1.903527268848612,0.0,1233.453620649736,0.049625
652,1.8438945687426942,0.0,705.100881689851,0.049625
653,1.7780411912875982,0.0,603.6594381323341,0.049625
654,1.712187813832502,0.0,745.4939354167292,0.049625
655,1.849940124705785,0.0,661.2087373937336,0.049625
656,1.916009414873849,0.0,1041.7056417523127,0.049625
657,1.922312077422776,0.0,858.7721652688551,0.049625
658,1.7234522073445577,0.0,965.7727707677324,0.049625
659,1.6626347773316374,0.0,576.6350700428665,0.049625
660,1.6626347773316374,0.46553773765285844,500.8397071312608,0.049625
661,1.734865798121674,0.0,564.8623046617442,0.049625
662,1.734865798121674,0.0,636.5641451378833,0.049625
663,2.201945051462125,0.0,3913.5265788766724,0.049625
664,1.9414713340083851,0.0,812.4286932416027,0.049625
665,1.8075767592491863,0.0,1726.3773567537348,0.049625
666,1.9414713340083851,0.0,1156.736277898187,0.049625
667,2.0151133501259446,0.0,2303.802978863215,0.049625
668,1.8807724601175482,0.0,705.0014883083531,0.049625
669,1.9544577643362004,0.0,685.0600636171235,0.049625
670,1.8870626690142622,0.0,872.4105130807786,0.049625
671,1.8257738407181374,0.0,926.4851261229617,0.049625
672,1.7581525873582067,0.3381062667996551,601.9962200971626,0.049625
673,1.7640722930395474,0.0,622.6036262978606,0.049625
674,1.8997701617348972,0.0,625.3818450921726,0.049625
675,1.8997701617348972,0.40709360608604944,592.3643989764894,0.049625
676,2.110422765334604,0.0,2359.618606567131,0.049625
677,1.9126499594415745,0.0,598.3262293587615,0.049625
678,1.9126499594415745,0.0,746.4596763864567,0.049625
679,1.9191555715485185,0.0,765.9521166618912,0.049625
680,1.9876968419609655,0.0,1909.9907251463144,0.049625
681,1.7820730307236243,0.0,683.2676328412571,0.049625
682,1.9257055905640426,0.0,1279.4164438929188,0.049625
683,1.8569303909010408,0.0,602.7992536713184,0.049625
684,1.9323004727235082,0.0,1728.0849386670168,0.049625
685,1.7942790103861148,0.0,680.3298813738733,0.049625
686,1.800444917638301,0.2760429246747869,589.9082744222424,0.049625
687,1.7311970361906739,0.0,652.4405342711215,0.049625
688,1.938940680533555,0.0,1066.7668447710241,0.049625
689,2.154086684617389,0.0,2825.3769681546237,0.049625
690,1.8129047440579433,0.0,1501.5681310460845,0.049625
691,1.806653348388778,0.0,611.6006893967009,0.049625
692,1.7431776385172528,0.0,657.9076623777477,0.049625
693,1.9523589551393234,0.2789084221627605,570.9446909103958,0.049625
694,1.9591379792891128,0.0,648.2066817935766,0.049625
695,1.889168765743073,0.0,735.7095317084907,0.049625
696,1.895751235310122,0.0,1266.0030318367237,0.049625
697,2.0361772527405013,0.0,2457.0572129228535,0.049625
698,1.8319212273872223,0.0,691.3718937571632,0.049625
699,1.6910042098958975,0.0,665.2796595184645,0.049625
700,1.7614627186415597,0.2818340349826496,579.5361991404658,0.049625
701,1.8383490211675284,0.0,627.0929730925747,0.049625
702,2.0504662159176275,0.0,2380.983534776207,0.049625
703,1.9157767765281866,0.0,2331.6934240557484,0.049625
704,1.8448220811012168,0.14190939085393975,585.8108192217524,0.049625
705,1.8448220811012168,0.0,1050.0872548443178,0.049625
706,1.7738673856742468,0.0,672.3562982509155,0.049625
707,1.7801354683091384,0.0,779.9946245590131,0.049625
708,1.9937517245062348,0.0,1011.4905108995073,0.049625
709,1.7149900852135698,0.0,618.9307449027369,0.049625
710,1.7864480054308018,0.0,842.3216319081766,0.049625
711,2.1513665659707595,0.0,882.9702536698989,0.049625
712,1.7210932527766074,0.0,880.3166926836931,0.049625
713,2.2310183519251527,0.0,2288.1084813785155,0.049625
714,1.9431450161928752,0.0,1899.2648537134771,0.049625
715,2.0870816840590143,0.0,2385.1548866885637,0.049625
716,1.9431450161928752,0.0,761.2712019614615,0.049625
717,1.9501096936702689,0.0,704.6512152429679,0.049625
718,1.7396662015475781,0.0,741.8051436806192,0.049625
719,1.8846383850098762,0.0,701.7455362109923,0.049625
720,2.029610568472174,0.21745827519344726,656.5322316799397,0.049625
721,1.8914421336922222,0.0,819.0054885317259,0.049625
722,2.036937682437778,0.0,1760.7319698533722,0.049625
723,1.8982951849012522,0.0,748.3502366477204,0.049625
724,1.7522724783703865,0.0,706.9322401925897,0.049625
725,1.8982951849012522,0.0,1332.8202128612804,0.049625
726,1.971306538166685,0.2920454130617311,591.579484473472,0.049625
727,1.9051980764827112,0.0,627.8446218841578,0.049625
728,2.1327842026880433,0.0,2436.841348267272,0.049625
729,1.9856956369854197,0.29417713140524737,566.3072329130742,0.049625
730,1.9121513541341078,0.0,926.6547834056942,0.049625
731,2.1327842026880433,0.0,2513.58712273282,0.049625
732,1.8453418957197292,0.0,926.2539266552014,0.049625
733,1.8453418957197292,0.0,693.8752966794146,0.049625
734,1.7715282198909403,0.0,669.8294062829559,0.049625
735,1.7780411912875982,0.29634019854793303,573.6876362635745,0.049625
736,2.2225514891094975,0.0,1530.0016703308265,0.049625
737,1.9262112905615645,0.0,972.4854276620956,0.049625
738,1.8589606550977347,0.0,1145.2922231474467,0.049625
739,1.7846022288938252,0.0,595.4265006545945,0.049625
740,2.0151133501259446,0.0,1212.5780290128673,0.049625
741,2.4629163168205985,0.0,3819.885623312096,0.049625
742,1.940479522343502,0.0,1051.5207942953662,0.049625
743,1.7229593699961607,0.0,720.09332869993,0.049625
744,2.0301515094552425,0.0,1311.2213913344085,0.049625
745,1.8797699161622619,0.0,788.0379583546421,0.049625
746,2.0301515094552425,0.0,710.1956379275268,0.049625
747,1.8797699161622619,0.0,847.4282952261083,0.049625
748,1.962282663043991,0.0,1958.6204171455856,0.049625
749,1.8113378428098377,0.0,798.5478002960645,0.049625
750,1.8113378428098377,0.3018896404683063,644.3770554084502,0.049625
751,1.8868102529269144,0.0,670.2272070661469,0.049625
752,1.893903524554459,0.0,1036.6288713800086,0.049625
753,1.901050330307495,0.0,706.7883487769861,0.049625
754,2.2726842294653506,0.0,3326.399112295254,0.049625
755,2.0531343567320945,0.0,763.7410294187553,0.049625
756,1.901050330307495,0.45625207927379874,624.2955312355552,0.049625
757,1.9845813296694907,0.0,686.4713985537646,0.049625
758,1.755591176246088,0.0,655.0207397165578,0.049625
759,2.0687475457566733,0.0,1605.6578344380907,0.049625
760,2.0687475457566733,0.0,1782.8117567433849,0.049625
761,1.7689926356067451,0.0,621.0807740051943,0.049625
762,1.9155069868117343,0.0,788.9789093907426,0.049625
763,1.8459053588939949,0.0,808.2746447337693,0.049625
764,1.9997308054684946,0.0,782.4404292908711,0.049625
765,2.084600017371667,0.0,1982.2974777120671,0.049625
766,1.9301852012700618,0.0,672.2660473719037,0.049625
767,2.325130788606859,0.0,2879.5074278723223,0.049625
768,1.7757703851684568,0.23251307886068592,635.7591863823928,0.049625
769,1.7757703851684568,0.0,663.1393088897614,0.049625
770,1.937608990505716,0.23251307886068592,686.3364340064596,0.049625
771,1.7894828977952404,0.0,707.0345866945354,0.049625
772,1.8672865020472071,0.0,779.0819212103834,0.049625
773,2.030734383847851,0.0,669.7779457239943,0.049625
774,1.8745240466287856,0.0,1098.655537509443,0.049625
775,2.030734383847851,0.0,1331.0500783803468,0.049625
776,1.8745240466287856,0.0,922.5202482711072,0.049625
777,2.108839552457384,0.0,1222.713968843483,0.049625
778,1.8034088347430632,0.0,697.3074895638823,0.049625
779,2.1170451538288133,0.0,2399.203780297755,0.049625
780,2.204030226700252,0.0,2481.742200746848,0.049625
781,1.9678841309823676,0.0,966.0613036489624,0.049625
782,2.2126734824912333,0.0,3105.985454635259,0.049625
783,2.133649429545118,0.0,1370.3665975206227,0.049625
784,1.9756013236528867,0.3160962117844619,717.0864819479431,0.049625
785,1.8965772707067712,0.0,798.7898566872361,0.049625
786,1.8965772707067712,0.0,777.6322554250296,0.049625
787,1.7453737678256211,0.0,690.7854434738852,0.049625
788,1.8247089390904223,0.0,725.8605710235183,0.049625
789,1.904044110355223,0.0,788.6143779162234,0.049625
790,1.8319212273872223,0.0,910.91126909855,0.049625
791,1.8319212273872223,0.0,838.5786498999703,0.049625
792,1.9912187254208937,0.23894624705050724,637.9425029271692,0.049625
793,2.159050017992083,0.0,2900.2606007506947,0.049625
794,1.9991203870297067,0.0,718.8349596297134,0.049625
795,1.9991203870297067,0.0,1094.2267593493916,0.049625
796,1.9991203870297067,0.0,760.1582913079986,0.049625
797,1.76623480887533,0.0,735.1310626511582,0.049625
798,2.1676518108924503,0.0,1903.0885124489464,0.049625
799,2.17632241813602,0.0,2479.469376900458,0.049625
800,1.9345088161209067,0.24181360201511334,695.5340050377877,0.049625
801,1.9345088161209067,0.0,942.1544212112941,0.049625
802,1.8539042821158689,0.0,769.9141857100951,0.049625
803,2.104134421818255,0.0,1023.5196807380645,0.049625
804,2.0232061748252455,0.0,972.8613731761366,0.049625
805,2.0313642642398633,0.0,1580.5731172027058,0.049625
806,2.437637117087836,0.0,3355.146179909356,0.049625
807,2.0313642642398633,0.0,778.1638950743607,0.049625
808,2.112618834809458,0.0,865.7556642166378,0.049625
809,1.9580048746163023,0.0,687.9081602945452,0.049625
810,1.8840490671909236,0.2447506093270378,693.57383521469,0.049625
811,2.129794597694088,0.0,686.0631752561137,0.049625
812,1.8021338903565358,0.0,1340.5544940299383,0.049625
813,1.8840490671909236,0.0,789.7999582464759,0.049625
814,1.8917390633835398,0.0,1260.8825043809993,0.049625
815,1.8094895388886032,0.0,787.1132067743835,0.049625
816,2.3029866858582224,0.0,2016.3708003321697,0.049625
817,2.138487636868349,0.0,2336.209657914449,0.049625
818,1.8994920923318328,0.0,736.5723648339454,0.049625
819,2.138487636868349,0.0,2465.3141072260833,0.049625
820,1.8994920923318328,0.0,1208.8870035010943,0.049625
821,2.0646653177519925,0.0,731.7895796766209,0.049625
822,1.9073089322179722,0.0,874.5787742889188,0.049625
823,1.9073089322179722,0.0,740.5624530670996,0.049625
824,2.0731618828456218,0.0,854.7352024001381,0.049625
825,1.8243824569041474,0.16653829339883838,629.9612777050901,0.049625
826,1.9151903740866416,0.0,1079.4789720132544,0.049625
827,1.9231372221118972,0.0,707.8000796757885,0.049625
828,2.08172866748548,0.0,1649.1083744489194,0.049625
829,1.7486520806878032,0.0,697.0804727199792,0.049625
830,2.006751883942849,0.0,922.8624260097281,0.049625
831,1.7632241813602012,0.0,767.0761172138145,0.049625
832,2.2670025188916876,0.0,2514.0525762025677,0.049625
833,2.2670025188916876,0.0,2006.347833509272,0.049625
834,1.931150293870697,0.0,833.9385523925926,0.049625
835,1.931150293870697,0.0,830.491851367824,0.049625
836,2.02354478673735,0.0,1931.6227178033232,0.049625
837,2.02354478673735,0.0,1430.9151177518247,0.049625
838,2.02354478673735,0.0,758.4038949517445,0.049625
839,2.032047075757255,0.0,723.0705073572716,0.049625
840,2.1167157039138074,0.3386745126262091,710.5856044556267,0.049625
