t,n_top,dt,dy,dx,dy_residual,dx_residual,confidence,q_eff
0,1000000,5,5.0318481,99.074162,10.031848,99.074162,0.016458547,
1,1000001,5,-1.9226484,240.99822,3.0773516,240.99822,0.017841663,
2,1000002,5,4.9934016,11.969332,9.9934016,11.969332,0.020122914,
3,1000003,5,4.9999187,205.0402,9.9999187,205.0402,0.018185776,
4,1000004,5,4.9790649,196.01407,9.9790649,196.01407,0.018342114,
5,1000005,5,5.0082319,197.98167,10.008232,197.98167,0.01786467,
6,1000006,5,5.0258147,226.08216,10.025815,226.08216,0.016646663,
7,1000007,5,5.0143457,228.99856,10.014346,228.99856,0.021192267,
8,1000008,5,4.9882273,52.00044,9.9882273,52.00044,0.0166436,
9,1000009,5,-39.05796,121.90832,-34.05796,121.90832,0.015395789,
10,1000010,5,4.9829568,-46.067358,9.9829568,-46.067358,0.018656244,
11,1000011,5,5.040658,36.054344,10.040658,36.054344,0.019872905,
12,1000012,5,5.0182293,77.081152,10.018229,77.081152,0.016896888,
13,1000013,5,5.0133437,-241.00989,10.013344,-241.00989,0.017430667,
14,1000014,5,5.0085303,-161.07015,10.00853,-161.07015,0.016173816,
15,1000015,5,5.0245285,106.9337,10.024528,106.9337,0.018043893,
16,1000016,5,5.0009296,-94.036886,10.00093,-94.036886,0.020187228,
17,1000017,5,11.893363,202.01262,16.893363,202.01262,0.01647241,
18,1000018,5,4.9957367,78.97374,9.9957367,78.97374,0.023561552,
19,1000019,5,4.9873434,61.921117,9.9873434,61.921117,0.015688973,
20,1000020,5,4.9739825,137.08131,9.9739825,137.08131,0.023113465,
21,1000021,5,5.0087796,-90.086572,10.00878,-90.086572,0.016634675,
22,1000022,5,4.9838558,245.02288,9.9838558,245.02288,0.018638522,
23,1000023,5,4.978689,-147.98043,9.978689,-147.98043,0.01644731,
24,1000024,5,4.9773659,75.041956,9.9773659,75.041956,0.020995227,
25,1000025,5,4.9073242,237.9795,9.9073242,237.9795,0.019083,
26,1000026,5,5.0032129,136.03746,10.003213,136.03746,0.01796549,
27,1000027,5,5.0261697,63.988663,10.02617,63.988663,0.019764653,
28,1000028,5,18.976439,-69.964726,23.976439,-69.964726,0.018341145,
29,1000029,5,5.0090669,34.035875,10.009067,34.035875,0.018730396,
30,1000030,5,5.0465468,-223.94808,10.046547,-223.94808,0.016651413,
31,1000031,5,37.980732,-113.0201,42.980732,-113.0201,0.018196099,
32,1000032,5,38.001635,214.0516,43.001635,214.0516,0.017733015,
33,1000033,5,-1.9699136,169.96352,3.0300864,169.96352,0.015175309,
34,1000034,5,4.9797592,89.991775,9.9797592,89.991775,0.016173668,
35,1000035,5,5.0427905,-111.97119,10.042791,-111.97119,0.021665412,
36,1000036,5,-6.017613,191.02501,-1.017613,191.02501,0.017520752,
37,1000037,5,2.0605251,-204.03473,7.0605251,-204.03473,0.01567923,
38,1000038,5,4.9316407,-211.96983,9.9316407,-211.96983,0.019699899,
39,1000039,5,5.0008427,171.02528,10.000843,171.02528,0.021783371,
40,1000040,5,4.9950442,-142.07807,9.9950442,-142.07807,0.020320586,
41,1000041,5,4.9914193,-76.960113,9.9914193,-76.960113,0.018225223,
42,1000042,5,5.017301,238.01828,10.017301,238.01828,0.019155331,
43,1000043,5,5.0080294,-12.047746,10.008029,-12.047746,0.018630577,
44,1000044,5,5.0045225,21.075268,10.004523,21.075268,0.016500116,
45,1000045,5,4.9591327,-235.97942,9.9591327,-235.97942,0.018386353,
46,1000046,5,5.0294539,-149.08281,10.029454,-149.08281,0.0189844,
47,1000047,5,4.9793054,-244.95726,9.9793054,-244.95726,0.018067361,
48,1000048,5,4.9485571,116.21684,9.9485571,116.21684,0.016559391,
49,1000049,5,5.0266413,-57.095252,10.026641,-57.095252,0.016517165,
50,1000050,5,4.9625111,-4.8852267,9.9625111,-4.8852267,0.017044069,
51,1000051,5,55.052153,79.037998,60.052153,79.037998,0.018113874,
52,1000052,5,5.0007265,-190.94963,10.000727,-190.94963,0.020398029,
53,1000053,5,-23.082401,-13.99574,-18.082401,-13.99574,0.015856447,
54,1000054,5,5.0357773,122.0143,10.035777,122.0143,0.019815165,
55,1000055,5,27.011797,137.02693,32.011797,137.02693,0.015516515,
56,1000056,5,4.9491489,159.04503,9.9491489,159.04503,0.019656411,
57,1000057,5,4.9969611,113.07546,9.9969611,113.07546,0.016883075,
58,1000058,5,-16.060323,-68.981859,-11.060323,-68.981859,0.017377057,
59,1000059,5,4.9757512,80.062937,9.9757512,80.062937,0.0164979,
60,1000060,5,-22.980443,83.99099,-17.980443,83.99099,0.017133678,
61,1000061,5,4.9770494,-138.006,9.9770494,-138.006,0.019047474,
62,1000062,5,4.9580485,-161.00036,9.9580485,-161.00036,0.021356157,
63,1000063,5,5.0317511,-70.95272,10.031751,-70.95272,0.02403616,
64,1000064,5,0.0098659358,122.03999,5.0098659,122.03999,0.017074144,
65,1000065,5,5.0273086,-54.972805,10.027309,-54.972805,0.016909858,
66,1000066,5,4.9353447,121.97094,9.9353447,121.97094,0.017976146,
67,1000067,5,5.0265721,105.93367,10.026572,105.93367,0.018177924,
68,1000068,5,5.030899,173.07649,10.030899,173.07649,0.018027826,
69,1000069,5,4.9981462,220.01864,9.9981462,220.01864,0.017962774,
70,1000070,5,4.9985449,-170.91755,9.9985449,-170.91755,0.020736134,
71,1000071,5,25.036212,244.00317,30.036212,244.00317,0.015058735,
72,1000072,5,137.97951,-248.99069,142.97951,-248.99069,0.01725829,
73,1000073,5,-20.984612,-145.95588,-15.984612,-145.95588,0.015731115,
74,1000074,5,4.9458863,92.006619,9.9458863,92.006619,0.017898936,
75,1000075,5,5.0093715,84.005966,10.009372,84.005966,0.018948427,
76,1000076,5,4.989873,-253.97463,9.989873,-253.97463,0.017753426,
77,1000077,5,5.0010016,-91.063716,10.001002,-91.063716,0.020716802,
78,1000078,5,5.0057148,149.9915,10.005715,149.9915,0.019031016,
79,1000079,5,4.9828159,118.10111,9.9828159,118.10111,0.017420391,
80,1000080,5,5.0079854,-38.017427,10.007985,-38.017427,0.015107124,
81,1000081,5,5.0646579,3.0583495,10.064658,3.0583495,0.016774972,
82,1000082,5,4.9664066,-80.067323,9.9664066,-80.067323,0.019139396,
83,1000083,5,49.021931,31.001263,54.021931,31.001263,0.014952082,
84,1000084,5,5.0092394,79.956286,10.009239,79.956286,0.01719193,
85,1000085,5,-27.998681,-159.00238,-22.998681,-159.00238,0.016935736,
86,1000086,5,4.9655841,-26.993854,9.9655841,-26.993854,0.017327675,
87,1000087,5,-21.02624,-248.00197,-16.02624,-248.00197,0.019606905,
88,1000088,5,4.9766929,-65.942597,9.9766929,-65.942597,0.023842994,
89,1000089,5,4.9772835,-211.00489,9.9772835,-211.00489,0.01865719,
90,1000090,5,5.0093921,224.06874,10.009392,224.06874,0.018403215,
91,1000091,5,5.0088673,0.013488251,10.008867,0.013488251,0.027006618,
92,1000092,5,-10.00314,127.98897,-5.0031401,127.98897,0.015748624,
93,1000093,5,4.9388391,143.9674,9.9388391,143.9674,0.019519449,
94,1000094,5,4.944015,188.88772,9.944015,188.88772,0.015943952,
95,1000095,5,5.0241403,-53.010736,10.02414,-53.010736,0.021167299,
96,1000096,5,5.0343331,179.00442,10.034333,179.00442,0.020899004,
97,1000097,5,4.9868237,-13.060409,9.9868237,-13.060409,0.026991649,
98,1000098,5,5.0240053,-222.98833,10.024005,-222.98833,0.01977892,
99,1000099,5,5.0270798,-110.93811,10.02708,-110.93811,0.019685665,
100,1000100,5,4.9708932,38.974724,9.9708932,38.974724,0.020453098,
101,1000101,5,5.0109904,-233.03587,10.01099,-233.03587,0.017064663,
102,1000102,5,4.9594793,92.997135,9.9594793,92.997135,0.02034288,
103,1000103,5,5.0068463,-62.02037,10.006846,-62.02037,0.027414472,
104,1000104,5,5.007305,-130.9722,10.007305,-130.9722,0.016613077,
105,1000105,5,4.9693987,-168.99866,9.9693987,-168.99866,0.026337194,
106,1000106,5,5.004648,-80.994058,10.004648,-80.994058,0.02218882,
107,1000107,5,-11.950644,-93.001017,-6.9506444,-93.001017,0.01488153,
108,1000108,5,25.937504,201.06238,30.937504,201.06238,0.013963157,
109,1000109,5,5.080535,156.02602,10.080535,156.02602,0.017055888,
110,1000110,5,5.0430805,-176.99923,10.043081,-176.99923,0.019133301,
111,1000111,5,4.95998,-176.03882,9.95998,-176.03882,0.021070257,
112,1000112,5,4.950683,-56.996564,9.950683,-56.996564,0.018892159,
113,1000113,5,16.039763,-253.99372,21.039763,-253.99372,0.015909359,
114,1000114,5,5.018771,-204.97768,10.018771,-204.97768,0.018263251,
115,1000115,5,5.021556,-62.989449,10.021556,-62.989449,0.016557079,
116,1000116,5,-6.0202517,-130.99721,-1.0202517,-130.99721,0.017034712,
117,1000117,5,5.0278134,-71.061523,10.027813,-71.061523,0.020215522,
118,1000118,5,5.0114343,166.99462,10.011434,166.99462,0.023131737,
119,1000119,5,4.9926372,-253.02992,9.9926372,-253.02992,0.02159016,
120,1000120,5,5.0228525,57.876976,10.022852,57.876976,0.017995085,
121,1000121,5,4.9741835,-2.0581743,9.9741835,-2.0581743,0.020114636,
122,1000122,5,-0.055274959,-89.003053,4.944725,-89.003053,0.018028643,
123,1000123,5,5.0338815,-222.00313,10.033882,-222.00313,0.016491255,
124,1000124,5,-6.0044573,33.0485,-1.0044573,33.0485,0.015787083,
125,1000125,5,5.0120506,157.99585,10.012051,157.99585,0.018147963,
126,1000126,5,5.0053683,144.00209,10.005368,144.00209,0.020936163,
127,1000127,5,4.9937792,-163.01125,9.9937792,-163.01125,0.024437847,
128,1000128,5,5.0114543,-208.99771,10.011454,-208.99771,0.017165218,
129,1000129,5,60.983092,10.978803,65.983092,10.978803,0.015963269,
130,1000130,5,43.020678,-50.999457,48.020678,-50.999457,0.015910393,
131,1000131,5,5.0131969,-149.9268,10.013197,-149.9268,0.020446648,
132,1000132,5,5.0188497,-30.001206,10.01885,-30.001206,0.01794058,
133,1000133,5,-38.994337,-12.002918,-33.994337,-12.002918,0.017408949,
134,1000134,5,4.9908256,195.98889,9.9908256,195.98889,0.017666527,
135,1000135,5,5.0266051,-215.88635,10.026605,-215.88635,0.016900865,
136,1000136,5,5.0080093,179.01636,10.008009,179.01636,0.018872361,
137,1000137,5,5.0071306,40.058648,10.007131,40.058648,0.020370045,
138,1000138,5,-34.036449,128.9734,-29.036449,128.9734,0.016828475,
139,1000139,5,-33.982709,98.033037,-28.982709,98.033037,0.015457933,
140,1000140,5,4.9679688,249.96313,9.9679688,249.96313,0.018271796,
141,1000141,5,5.0122652,223.03845,10.012265,223.03845,0.019346441,
142,1000142,5,19.002081,163.98228,24.002081,163.98228,0.015628864,
143,1000143,5,4.9590073,-134.03788,9.9590073,-134.03788,0.021598327,
144,1000144,5,4.9944653,-214.03211,9.9944653,-214.03211,0.020313206,
145,1000145,5,5.0081297,106.95883,10.00813,106.95883,0.016749695,
146,1000146,5,5.0023829,-211.10613,10.002383,-211.10613,0.01703487,
147,1000147,5,5.0153206,-226.00134,10.015321,-226.00134,0.017276207,
148,1000148,5,4.9794305,-0.96948036,9.9794305,-0.96948036,0.021864446,
149,1000149,5,4.9871625,45.945759,9.9871625,45.945759,0.0208326,
150,1000150,5,5.0142768,168.9737,10.014277,168.9737,0.021642706,
151,1000151,5,4.9926758,-220.99143,9.9926758,-220.99143,0.017494464,
152,1000152,5,26.984959,-187.02145,31.984959,-187.02145,0.015407204,
153,1000153,5,5.0332325,134.07436,10.033233,134.07436,0.01739457,
154,1000154,5,-16.116694,-10.049883,-11.116694,-10.049883,0.015015225,
155,1000155,5,-6.9970536,-31.994854,-1.9970536,-31.994854,0.022434397,
156,1000156,5,5.005228,104.06049,10.005228,104.06049,0.019706054,
157,1000157,5,5.0228395,139.02497,10.022839,139.02497,0.020851978,
158,1000158,5,5.0464232,-125.91805,10.046423,-125.91805,0.016938115,
159,1000159,5,5.035105,-231.00297,10.035105,-231.00297,0.022619635,
160,1000160,5,5.0352366,-152.95481,10.035237,-152.95481,0.018544142,
161,1000161,5,4.9886698,-207.13273,9.9886698,-207.13273,0.017222163,
162,1000162,5,-39.004292,235.99604,-34.004292,235.99604,0.016012827,
163,1000163,5,18.026558,-73.016414,23.026558,-73.016414,0.016969598,
164,1000164,5,4.9861528,-204.98119,9.9861528,-204.98119,0.017503083,
165,1000165,5,0.014506849,-2.0274662,5.0145068,-2.0274662,0.01514972,
166,1000166,5,4.9920601,-180.10778,9.9920601,-180.10778,0.017748916,
167,1000167,5,4.9669223,-60.010468,9.9669223,-60.010468,0.017622519,
168,1000168,5,4.984309,-15.052935,9.984309,-15.052935,0.022296819,
169,1000169,5,5.0049324,-120.08838,10.004932,-120.08838,0.017216874,
170,1000170,5,5.0090932,-184.052,10.009093,-184.052,0.021199126,
171,1000171,5,4.9515761,-157.99483,9.9515761,-157.99483,0.018648706,
172,1000172,5,5.0113817,244.10422,10.011382,244.10422,0.01903462,
173,1000173,5,17.991846,187.98807,22.991846,187.98807,0.016903946,
174,1000174,5,0.040009947,227.02959,5.0400099,227.02959,0.015812385,
175,1000175,5,5.0381415,-61.05637,10.038142,-61.05637,0.021767392,
176,1000176,5,5.0168395,182.00487,10.016839,182.00487,0.015438426,
177,1000177,5,-16.005292,-116.04482,-11.005292,-116.04482,0.017101726,
178,1000178,5,5.0082668,-206.82262,10.008267,-206.82262,0.017582471,
179,1000179,5,49.012761,99.99978,54.012761,99.99978,0.015988595,
180,1000180,5,18.96438,-142.96946,23.96438,-142.96946,0.014890805,
181,1000181,5,5.0003982,-185.00968,10.000398,-185.00968,0.020764019,
182,1000182,5,5.0286752,133.96576,10.028675,133.96576,0.015331754,
183,1000183,5,4.9951611,-180.02939,9.9951611,-180.02939,0.020346097,
184,1000184,5,5.0607242,63.008061,10.060724,63.008061,0.020527517,
185,1000185,5,5.0032099,99.05947,10.00321,99.05947,0.024366099,
186,1000186,5,5.0187684,-50.077372,10.018768,-50.077372,0.019684844,
187,1000187,5,5.01962,187.96597,10.01962,187.96597,0.01632201,
188,1000188,5,4.9920428,-80.99964,9.9920428,-80.99964,0.018748298,
189,1000189,5,5.0288168,-242.00003,10.028817,-242.00003,0.02284996,
190,1000190,5,5.0292629,-141.99031,10.029263,-141.99031,0.023378894,
191,1000191,5,5.0306165,-122.1573,10.030616,-122.1573,0.018933603,
192,1000192,5,5.006634,-137.04264,10.006634,-137.04264,0.020053007,
193,1000193,5,5.0275059,111.01072,10.027506,111.01072,0.020134087,
194,1000194,5,5.0199389,58.95904,10.019939,58.95904,0.023627435,
195,1000195,5,4.9657043,205.06509,9.9657043,205.06509,0.016289845,
196,1000196,5,4.9781187,-7.935079,9.9781187,-7.935079,0.016828806,
197,1000197,5,5.064301,160.98802,10.064301,160.98802,0.019702709,
198,1000198,5,5.0495477,-87.037957,10.049548,-87.037957,0.018960799,
199,1000199,5,-8.9887384,203.96464,-3.9887384,203.96464,0.016925438,
200,1000200,5,5.0111116,-136.99593,10.011112,-136.99593,0.021964672,
201,1000201,5,5.0188305,-80.014597,10.018831,-80.014597,0.018322423,
202,1000202,5,5.0086578,84.956038,10.008658,84.956038,0.019003301,
203,1000203,5,5.0212286,-47.942,10.021229,-47.942,0.016316339,
204,1000204,5,5.0389269,-25.011788,10.038927,-25.011788,0.017817248,
205,1000205,5,4.9800003,44.081679,9.9800003,44.081679,0.020146394,
206,1000206,5,5.0515143,22.988549,10.051514,22.988549,0.019883576,
207,1000207,5,4.9939053,242.929,9.9939053,242.929,0.01958036,
208,1000208,5,4.9657583,177.03848,9.9657583,177.03848,0.017991413,
209,1000209,5,4.9915523,72.049055,9.9915523,72.049055,0.017010577,
210,1000210,5,17.97968,-171.99358,22.97968,-171.99358,0.016167552,
211,1000211,5,5.0002127,19.978546,10.000213,19.978546,0.015246305,
212,1000212,5,5.0202529,-27.046172,10.020253,-27.046172,0.018572789,
213,1000213,5,4.9847297,-172.94374,9.9847297,-172.94374,0.01963873,
214,1000214,5,4.9953618,123.02543,9.9953618,123.02543,0.020622222,
215,1000215,5,4.9768698,-5.974064,9.9768698,-5.974064,0.021156193,
216,1000216,5,5.0072344,192.86427,10.007234,192.86427,0.015089486,
217,1000217,5,4.9651216,126.99802,9.9651216,126.99802,0.017352526,
218,1000218,5,5.0040165,-142.03213,10.004016,-142.03213,0.016714151,
219,1000219,5,5.0342312,-84.019463,10.034231,-84.019463,0.019735979,
220,1000220,5,-25.015465,194.0371,-20.015465,194.0371,0.018308478,
221,1000221,5,4.9930658,160.06057,9.9930658,160.06057,0.02088225,
222,1000222,5,-5.9650897,-89.994648,-0.96508966,-89.994648,0.016880785,
223,1000223,5,4.9765056,1.0500766,9.9765056,1.0500766,0.02768962,
224,1000224,5,4.935763,63.053867,9.935763,63.053867,0.016319339,
225,1000225,5,4.9799324,-208.00141,9.9799324,-208.00141,0.022957468,
226,1000226,5,5.051439,-86.015287,10.051439,-86.015287,0.022999907,
227,1000227,5,21.931242,-23.998013,26.931242,-23.998013,0.016681787,
228,1000228,5,4.9805082,120.9877,9.9805082,120.9877,0.016912907,
229,1000229,5,4.9869084,-123.9609,9.9869084,-123.9609,0.021036566,
230,1000230,5,4.9890098,145.99453,9.9890098,145.99453,0.022124109,
231,1000231,5,5.0331408,143.06269,10.033141,143.06269,0.017517772,
232,1000232,5,10.035341,-168.98518,15.035341,-168.98518,0.015392606,
233,1000233,5,4.9829024,-124.0433,9.9829024,-124.0433,0.020144977,
234,1000234,5,4.9708332,-58.098375,9.9708332,-58.098375,0.016079436,
235,1000235,5,5.0161975,117.00233,10.016198,117.00233,0.023888695,
236,1000236,5,-47.034882,-0.98430302,-42.034882,-0.98430302,0.015502805,
237,1000237,5,5.0194708,206.04784,10.019471,206.04784,0.020426275,
238,1000238,5,4.9771526,-37.040703,9.9771526,-37.040703,0.018771095,
239,1000239,5,4.9916939,223.04682,9.9916939,223.04682,0.024293442,
240,1000240,5,27.020215,207.95179,32.020215,207.95179,0.018185999,
241,1000241,5,5.0161493,144.06867,10.016149,144.06867,0.017225205,
242,1000242,5,5.0053923,161.05566,10.005392,161.05566,0.016853349,
243,1000243,5,4.9747806,-130.95536,9.9747806,-130.95536,0.015451702,
244,1000244,5,4.9996073,78.006432,9.9996073,78.006432,0.018213934,
245,1000245,5,4.9722004,-128.96622,9.9722004,-128.96622,0.026753833,
246,1000246,5,4.9642065,-98.109336,9.9642065,-98.109336,0.020400974,
247,1000247,5,-46.990469,215.00525,-41.990469,215.00525,0.015667644,
248,1000248,5,-16.995282,-176.96091,-11.995282,-176.96091,0.016385871,
249,1000249,5,4.966662,35.053832,9.966662,35.053832,0.022204239,
250,1000250,5,4.971022,212.96784,9.971022,212.96784,0.018008495,
251,1000251,5,4.9826571,18.992772,9.9826571,18.992772,0.018172299,
252,1000252,5,5.004205,-225.00121,10.004205,-225.00121,0.024495977,
253,1000253,5,-17.059853,-134.9649,-12.059853,-134.9649,0.016171241,
254,1000254,5,4.9413774,-79.925138,9.9413774,-79.925138,0.017382728,
255,1000255,5,5.0083471,-165.02655,10.008347,-165.02655,0.030296113,
256,1000256,5,5.0112981,-53.899395,10.011298,-53.899395,0.019377304,
257,1000257,5,5.0391483,214.02173,10.039148,214.02173,0.021779794,
258,1000258,5,5.0102337,132.08592,10.010234,132.08592,0.02056379,
259,1000259,5,5.0309435,186.9766,10.030943,186.9766,0.021933716,
260,1000260,5,-22.984416,-145.01376,-17.984416,-145.01376,0.017785457,
261,1000261,5,83.063505,105.00495,88.063505,105.00495,0.015696713,
262,1000262,5,5.0129772,-202.06057,10.012977,-202.06057,0.017727161,
263,1000263,5,4.9833647,157.06432,9.9833647,157.06432,0.017650895,
264,1000264,5,5.0048618,-79.07917,10.004862,-79.07917,0.022450087,
265,1000265,5,4.9903657,-157.04281,9.9903657,-157.04281,0.023767989,
266,1000266,5,31.021435,-92.974697,36.021435,-92.974697,0.015435811,
267,1000267,5,5.0336795,-76.045159,10.033679,-76.045159,0.020114532,
268,1000268,5,4.9516175,117.98968,9.9516175,117.98968,0.017821078,
269,1000269,5,4.952234,-35.036841,9.952234,-35.036841,0.022727951,
270,1000270,5,4.9566341,243.98324,9.9566341,243.98324,0.017524574,
271,1000271,5,5.0029562,225.9726,10.002956,225.9726,0.01813244,
272,1000272,5,5.0039261,-91.036642,10.003926,-91.036642,0.019387019,
273,1000273,5,5.0310714,108.96212,10.031071,108.96212,0.017200707,
274,1000274,5,5.0282051,102.05583,10.028205,102.05583,0.016031154,
275,1000275,5,-4.9814601,-105.03338,0.018539925,-105.03338,0.017792427,
276,1000276,5,5.0283731,-214.06049,10.028373,-214.06049,0.022244649,
277,1000277,5,4.9479303,129.00456,9.9479303,129.00456,0.018228228,
278,1000278,5,5.0435399,195.98192,10.04354,195.98192,0.021567086,
279,1000279,5,4.9820639,242.05771,9.9820639,242.05771,0.019131954,
280,1000280,5,37.97676,-189.02653,42.97676,-189.02653,0.019515447,
281,1000281,5,5.0038336,18.033706,10.003834,18.033706,0.016660879,
282,1000282,5,4.9829017,-203.03836,9.9829017,-203.03836,0.020440193,
283,1000283,5,4.9866679,-48.969112,9.9866679,-48.969112,0.022324988,
284,1000284,5,5.0037936,36.979769,10.003794,36.979769,0.023689607,
285,1000285,5,4.9798922,244.0181,9.9798922,244.0181,0.018620933,
286,1000286,5,5.0079582,153.0011,10.007958,153.0011,0.01920981,
287,1000287,5,4.9955677,-210.234,9.9955677,-210.234,0.0154166,
288,1000288,5,-75.048469,-226.8989,-70.048469,-226.8989,0.016197753,
289,1000289,5,5.0167666,174.9504,10.016767,174.9504,0.01866402,
290,1000290,5,5.0360259,109.98796,10.036026,109.98796,0.016825471,
291,1000291,5,5.0212339,-7.0698753,10.021234,-7.0698753,0.018034967,
292,1000292,5,4.949246,-105.00681,9.949246,-105.00681,0.018815808,
293,1000293,5,4.9383852,208.00256,9.9383852,208.00256,0.018978386,
294,1000294,5,4.9974761,38.932081,9.9974761,38.932081,0.016454668,
295,1000295,5,5.0062944,-168.9869,10.006294,-168.9869,0.017630994,
296,1000296,5,4.9952498,107.02743,9.9952498,107.02743,0.018926997,
297,1000297,5,4.9617457,245.01524,9.9617457,245.01524,0.017554432,
298,1000298,5,5.0071889,-214.99142,10.007189,-214.99142,0.01795246,
299,1000299,5,4.9844502,193.0016,9.9844502,193.0016,0.018988808,
300,1000300,5,4.971781,-35.978223,9.971781,-35.978223,0.018503281,
301,1000301,5,4.9523186,178.94636,9.9523186,178.94636,0.018822375,
302,1000302,5,5.0462758,236.08068,10.046276,236.08068,0.016756648,
303,1000303,5,4.9975219,220.01045,9.9975219,220.01045,0.020856186,
304,1000304,5,4.984191,-168.00789,9.984191,-168.00789,0.018357089,
305,1000305,5,4.9858306,-192.93633,9.9858306,-192.93633,0.01749312,
306,1000306,5,5.012312,-52.963959,10.012312,-52.963959,0.019943234,
307,1000307,5,4.9861945,91.015494,9.9861945,91.015494,0.020575743,
308,1000308,5,5.0028518,172.98258,10.002852,172.98258,0.021188789,
309,1000309,5,4.9897293,51.977138,9.9897293,51.977138,0.022511975,
310,1000310,5,5.0031987,-62.97044,10.003199,-62.97044,0.025357375,
311,1000311,5,4.9396633,214.00727,9.9396633,214.00727,0.020182044,
312,1000312,5,4.9170327,-106.04057,9.9170327,-106.04057,0.017283996,
313,1000313,5,-15.964809,134.99517,-10.964809,134.99517,0.019810155,
314,1000314,5,5.0317791,12.024631,10.031779,12.024631,0.017969481,
315,1000315,5,-10.031543,-107.04235,-5.0315431,-107.04235,0.01752711,
316,1000316,5,5.0397451,112.02025,10.039745,112.02025,0.016816737,
317,1000317,5,4.992072,129.03737,9.992072,129.03737,0.015103997,
318,1000318,5,4.9916613,41.920589,9.9916613,41.920589,0.016147461,
319,1000319,5,5.0150621,-183.03094,10.015062,-183.03094,0.019705216,
320,1000320,5,5.0153484,147.93931,10.015348,147.93931,0.01919801,
321,1000321,5,4.9840117,-65.942726,9.9840117,-65.942726,0.020338139,
322,1000322,5,11.993724,218.00073,16.993724,218.00073,0.014998696,
323,1000323,5,25.98692,92.008587,30.98692,92.008587,0.015562773,
324,1000324,5,4.9811234,6.0248444,9.9811234,6.0248444,0.021854603,
325,1000325,5,4.9800213,-59.005648,9.9800213,-59.005648,0.017018751,
326,1000326,5,-82.989832,-114.95794,-77.989832,-114.95794,0.015501782,
327,1000327,5,0.043064875,229.97724,5.0430649,229.97724,0.01563384,
328,1000328,5,5.010073,254.9907,10.010073,254.9907,0.016137494,
329,1000329,5,38.043737,-156.95804,43.043737,-156.95804,0.016228775,
330,1000330,5,4.9913181,80.025952,9.9913181,80.025952,0.022047632,
331,1000331,5,197.03065,39.026432,202.03065,39.026432,0.017377432,
332,1000332,5,-4.9603355,-112.01657,0.039664514,-112.01657,0.015527526,
333,1000333,5,5.0188275,-0.97067204,10.018828,-0.97067204,0.02146179,
334,1000334,5,5.0224829,142.99603,10.022483,142.99603,0.018056067,
335,1000335,5,-23.014017,-86.01606,-18.014017,-86.01606,0.01611757,
336,1000336,5,-17.027165,-181.0439,-12.027165,-181.0439,0.017468737,
337,1000337,5,4.9812735,-125.22241,9.9812735,-125.22241,0.019057247,
338,1000338,5,4.9596524,7.9890436,9.9596524,7.9890436,0.018226918,
339,1000339,5,59.971938,137.97236,64.971938,137.97236,0.017527462,
340,1000340,5,-65.008194,-190.02562,-60.008194,-190.02562,0.017149414,
341,1000341,5,4.9990196,-72.267783,9.9990196,-72.267783,0.023814206,
342,1000342,5,5.0117427,-190.92355,10.011743,-190.92355,0.027750116,
343,1000343,5,4.9926129,-237.8438,9.9926129,-237.8438,0.020305866,
344,1000344,5,5.0156248,-61.011696,10.015625,-61.011696,0.018894829,
345,1000345,5,4.9912812,80.985884,9.9912812,80.985884,0.023209208,
346,1000346,5,16.041592,103.00194,21.041592,103.00194,0.016822451,
347,1000347,5,4.9964384,216.97544,9.9964384,216.97544,0.027916921,
348,1000348,5,4.9985186,150.08335,9.9985186,150.08335,0.021500701,
349,1000349,5,-25.005817,-149.99032,-20.005817,-149.99032,0.019838776,
350,1000350,5,5.04437,-41.083919,10.04437,-41.083919,0.017053827,
351,1000351,5,5.0167428,180.98495,10.016743,180.98495,0.020749815,
352,1000352,5,5.0286539,-24.689208,10.028654,-24.689208,0.022113278,
353,1000353,5,-37.042138,-81.984,-32.042138,-81.984,0.016676834,
354,1000354,5,5.0145107,10.108152,10.014511,10.108152,0.019744875,
355,1000355,5,-39.002833,106.01171,-34.002833,106.01171,0.016226556,
356,1000356,5,5.0101409,-225.0264,10.010141,-225.0264,0.021137313,
357,1000357,5,5.0000182,62.92791,10.000018,62.92791,0.029019409,
358,1000358,5,4.9727726,-215.91183,9.9727726,-215.91183,0.02060216,
359,1000359,5,4.9931738,-199.99843,9.9931738,-199.99843,0.026467778,
360,1000360,5,4.9902498,183.00662,9.9902498,183.00662,0.01695608,
361,1000361,5,4.9688438,-183.80798,9.9688438,-183.80798,0.016735397,
362,1000362,5,26.003703,137.03063,31.003703,137.03063,0.016267231,
363,1000363,5,5.0040868,-17.950069,10.004087,-17.950069,0.017431276,
364,1000364,5,5.0053826,90.95926,10.005383,90.95926,0.03250306,
365,1000365,5,5.0251434,62.986227,10.025143,62.986227,0.01842972,
366,1000366,5,-16.984364,-248.95951,-11.984364,-248.95951,0.015859704,
367,1000367,5,-8.9598083,-120.01997,-3.9598083,-120.01997,0.016120446,
368,1000368,5,-2.0412016,-95.979793,2.9587984,-95.979793,0.017828447,
369,1000369,5,4.9737463,115.98797,9.9737463,115.98797,0.024864996,
370,1000370,5,4.9941845,-57.028368,9.9941845,-57.028368,0.021461994,
371,1000371,5,-7.9502671,113.99899,-2.9502671,113.99899,0.016818649,
372,1000372,5,4.9909539,-252.99174,9.9909539,-252.99174,0.019464693,
373,1000373,5,5.0431186,-194.90855,10.043119,-194.90855,0.021354184,
374,1000374,5,-8.0505358,243.01713,-3.0505358,243.01713,0.01586561,
375,1000375,5,4.9987771,-172.99249,9.9987771,-172.99249,0.018968468,
376,1000376,5,4.9694659,126.00288,9.9694659,126.00288,0.020264807,
377,1000377,5,4.9823131,23.937516,9.9823131,23.937516,0.021305079,
378,1000378,5,-9.9047388,-8.9100828,-4.9047388,-8.9100828,0.018168702,
379,1000379,5,5.0791827,133.97467,10.079183,133.97467,0.016050568,
380,1000380,5,-6.0247959,62.983924,-1.0247959,62.983924,0.015331527,
381,1000381,5,-6.0429878,243.03842,-1.0429878,243.03842,0.016021226,
382,1000382,5,4.9370028,-251.99348,9.9370028,-251.99348,0.015828068,
383,1000383,5,5.0096775,95.978256,10.009677,95.978256,0.018949155,
384,1000384,5,5.0272797,-172.95539,10.02728,-172.95539,0.01701474,
385,1000385,5,5.034263,167.02556,10.034263,167.02556,0.018116583,
386,1000386,5,4.9666312,143.08471,9.9666312,143.08471,0.02103435,
387,1000387,5,4.9711636,-173.01353,9.9711636,-173.01353,0.017712672,
388,1000388,5,4.957488,-70.99445,9.957488,-70.99445,0.016418203,
389,1000389,5,4.9937187,16.07513,9.9937187,16.07513,0.019229842,
390,1000390,5,-5.0431097,-166.00088,-0.043109651,-166.00088,0.014736668,
391,1000391,5,5.0017398,34.954349,10.00174,34.954349,0.018095375,
392,1000392,5,5.0015012,-207.94286,10.001501,-207.94286,0.017142404,
393,1000393,5,4.9949407,234.00464,9.9949407,234.00464,0.016626689,
394,1000394,5,4.9285155,193.05551,9.9285155,193.05551,0.01916196,
395,1000395,5,5.0440564,57.966287,10.044056,57.966287,0.019518097,
396,1000396,5,5.0173308,-126.9556,10.017331,-126.9556,0.019261866,
397,1000397,5,5.0211004,-18.989688,10.0211,-18.989688,0.017336274,
398,1000398,5,-0.99907448,226.004,4.0009255,226.004,0.019260584,
399,1000399,5,4.9550306,-242.00587,9.9550306,-242.00587,0.017323452,
400,1000400,5,4.9651375,27.094624,9.9651375,27.094624,0.017828227,
401,1000401,5,5.0063167,-199.0108,10.006317,-199.0108,0.024524456,
402,1000402,5,4.9861439,162.03279,9.9861439,162.03279,0.021874893,
403,1000403,5,5.0210471,-207.01179,10.021047,-207.01179,0.01991328,
404,1000404,5,-16.935367,40.019292,-11.935367,40.019292,0.016934728,
405,1000405,5,-17.01809,213.01212,-12.01809,213.01212,0.018385985,
406,1000406,5,5.020488,159.99641,10.020488,159.99641,0.022702431,
407,1000407,5,71.015056,219.98733,76.015056,219.98733,0.016198802,
408,1000408,5,4.9847847,-59.989387,9.9847847,-59.989387,0.027461289,
409,1000409,5,-6.0514179,33.974026,-1.0514179,33.974026,0.016282036,
410,1000410,5,5.0455255,229.0549,10.045526,229.0549,0.017543295,
411,1000411,5,4.9842372,-90.883321,9.9842372,-90.883321,0.01958747,
412,1000412,5,5.0031226,0.95152352,10.003123,0.95152352,0.022084535,
413,1000413,5,4.9916643,-105.96655,9.9916643,-105.96655,0.02172303,
414,1000414,5,4.9588378,-27.98036,9.9588378,-27.98036,0.020881943,
415,1000415,5,4.9881983,-124.93548,9.9881983,-124.93548,0.024610611,
416,1000416,5,5.0087103,-49.973763,10.00871,-49.973763,0.017358451,
417,1000417,5,4.9717284,-64.975315,9.9717284,-64.975315,0.018505776,
418,1000418,5,-16.990538,-59.969276,-11.990538,-59.969276,0.016860139,
419,1000419,5,5.0184331,63.013308,10.018433,63.013308,0.018824407,
420,1000420,5,4.9634909,-158.94993,9.9634909,-158.94993,0.01813727,
421,1000421,5,5.0342362,-156.97312,10.034236,-156.97312,0.018349017,
422,1000422,5,5.022013,102.09869,10.022013,102.09869,0.020755229,
423,1000423,5,4.9898942,-96.012918,9.9898942,-96.012918,0.019212223,
424,1000424,5,4.9956456,-212.89521,9.9956456,-212.89521,0.023931123,
425,1000425,5,5.0085481,-242.20021,10.008548,-242.20021,0.01596817,
426,1000426,5,4.961526,-180.97999,9.961526,-180.97999,0.018005391,
427,1000427,5,4.9927283,88.909522,9.9927283,88.909522,0.01668092,
428,1000428,5,5.0099103,98.986984,10.00991,98.986984,0.021879373,
429,1000429,5,5.0114032,205.00449,10.011403,205.00449,0.030245015,
430,1000430,5,4.99994,-252.04447,9.99994,-252.04447,0.019705119,
431,1000431,5,5.0103642,-228.02827,10.010364,-228.02827,0.019708894,
432,1000432,5,5.0602793,30.992644,10.060279,30.992644,0.018801547,
433,1000433,5,5.0306945,95.035136,10.030694,95.035136,0.017667536,
434,1000434,5,4.9308025,-169.05192,9.9308025,-169.05192,0.016788392,
435,1000435,5,4.9711632,-200.9941,9.9711632,-200.9941,0.017051639,
436,1000436,5,-20.964243,92.997022,-15.964243,92.997022,0.015635603,
437,1000437,5,5.0377578,180.06823,10.037758,180.06823,0.018240824,
438,1000438,5,4.9966654,161.01895,9.9966654,161.01895,0.017757482,
439,1000439,5,5.0349746,46.928431,10.034975,46.928431,0.015993721,
440,1000440,5,5.007923,-58.086505,10.007923,-58.086505,0.017368181,
441,1000441,5,82.941907,-44.024806,87.941907,-44.024806,0.01802289,
442,1000442,5,4.9755768,-183.96748,9.9755768,-183.96748,0.01954981,
443,1000443,5,4.986595,46.986056,9.986595,46.986056,0.023359945,
444,1000444,5,-49.968536,-150.01462,-44.968536,-150.01462,0.01617108,
445,1000445,5,5.0379722,-44.936547,10.037972,-44.936547,0.016496612,
446,1000446,5,4.9489233,-120.03294,9.9489233,-120.03294,0.016555572,
447,1000447,5,4.9672111,146.99153,9.9672111,146.99153,0.016662714,
448,1000448,5,4.9871921,74.84665,9.9871921,74.84665,0.016971193,
449,1000449,5,33.012676,-16.95735,38.012676,-16.95735,0.016754306,
450,1000450,5,4.9815756,88.846673,9.9815756,88.846673,0.016401889,
451,1000451,5,4.9934163,159.06521,9.9934163,159.06521,0.016076107,
452,1000452,5,-4.952641,155.04351,0.04735901,155.04351,0.016129508,
453,1000453,5,5.0282404,38.049373,10.02824,38.049373,0.024028933,
454,1000454,5,5.0281866,229.05382,10.028187,229.05382,0.017064507,
455,1000455,5,19.98894,-205.98067,24.98894,-205.98067,0.019908314,
456,1000456,5,-63.011938,189.05429,-58.011938,189.05429,0.016074021,
457,1000457,5,5.019938,-137.05099,10.019938,-137.05099,0.015321675,
458,1000458,5,5.0391448,53.950975,10.039145,53.950975,0.01938306,
459,1000459,5,5.0417088,72.110193,10.041709,72.110193,0.018279453,
460,1000460,5,5.0177784,-117.99117,10.017778,-117.99117,0.019824521,
461,1000461,5,4.9842105,-237.98542,9.9842105,-237.98542,0.023243487,
462,1000462,5,5.0018019,-235.00237,10.001802,-235.00237,0.020137199,
463,1000463,5,5.0199732,-9.023305,10.019973,-9.023305,0.024049993,
464,1000464,5,5.001699,143.97643,10.001699,143.97643,0.018095874,
465,1000465,5,4.972445,173.99596,9.972445,173.99596,0.020034508,
466,1000466,5,4.9941931,147.99865,9.9941931,147.99865,0.018017971,
467,1000467,5,57.036731,152.04606,62.036731,152.04606,0.015165306,
468,1000468,5,5.0290262,-142.00704,10.029026,-142.00704,0.018158503,
469,1000469,5,37.9969,167.99447,42.9969,167.99447,0.021931431,
470,1000470,5,4.9891824,114.95382,9.9891824,114.95382,0.023472558,
471,1000471,5,4.9984014,-241.96043,9.9984014,-241.96043,0.018140647,
472,1000472,5,5.0900854,-129.92545,10.090085,-129.92545,0.016862103,
473,1000473,5,-0.95902682,-113.01732,4.0409732,-113.01732,0.015559913,
474,1000474,5,5.0050293,-73.976251,10.005029,-73.976251,0.029445401,
475,1000475,5,5.0120497,-128.88108,10.01205,-128.88108,0.020427118,
476,1000476,5,5.0076079,120.01331,10.007608,120.01331,0.017579383,
477,1000477,5,4.9987839,-174.9482,9.9987839,-174.9482,0.017303749,
478,1000478,5,-24.99329,-59.000021,-19.99329,-59.000021,0.016373604,
479,1000479,5,71.029673,197.91344,76.029673,197.91344,0.015000285,
480,1000480,5,5.0189272,52.004284,10.018927,52.004284,0.018254448,
481,1000481,5,5.0198746,57.872152,10.019875,57.872152,0.01914035,
482,1000482,5,5.0622047,-240.03719,10.062205,-240.03719,0.016852005,
483,1000483,5,5.013937,95.005293,10.013937,95.005293,0.022319222,
484,1000484,5,4.9887076,162.83932,9.9887076,162.83932,0.020688601,
485,1000485,5,-61.018008,73.037867,-56.018008,73.037867,0.016959932,
486,1000486,5,5.0061107,-78.035511,10.006111,-78.035511,0.017945405,
487,1000487,5,5.0387079,-176.06388,10.038708,-176.06388,0.017413977,
488,1000488,5,-30.019491,-229.99686,-25.019491,-229.99686,0.019283246,
489,1000489,5,5.0232933,36.98841,10.023293,36.98841,0.016895489,
490,1000490,5,5.0297329,166.9469,10.029733,166.9469,0.02152176,
491,1000491,5,57.0245,218.99284,62.0245,218.99284,0.015241184,
492,1000492,5,4.9974437,115.02606,9.9974437,115.02606,0.019299573,
493,1000493,5,-10.04757,81.028451,-5.0475701,81.028451,0.018018796,
494,1000494,5,4.9900722,145.05468,9.9900722,145.05468,0.016940376,
495,1000495,5,4.9904011,-153.90573,9.9904011,-153.90573,0.017309031,
496,1000496,5,4.9969849,182.98256,9.9969849,182.98256,0.018554355,
497,1000497,5,4.9909668,-21.807752,9.9909668,-21.807752,0.022062352,
498,1000498,5,4.9903232,-88.016769,9.9903232,-88.016769,0.01856855,
499,1000499,5,59.994281,-21.065628,64.994281,-21.065628,0.016121488,
500,1000500,5,5.0117918,204.08613,10.011792,204.08613,0.022775568,
501,1000501,5,5.0244792,-65.123417,10.024479,-65.123417,0.016694569,
502,1000502,5,5.0093226,67.004466,10.009323,67.004466,0.019641846,
503,1000503,5,4.9959567,-28.080434,9.9959567,-28.080434,0.018939381,
504,1000504,5,5.0132824,-109.95901,10.013282,-109.95901,0.019266871,
505,1000505,5,5.002829,-193.91255,10.002829,-193.91255,0.016630551,
506,1000506,5,12.0023,-108.943,17.0023,-108.943,0.015707476,
507,1000507,5,5.0069866,-208.95283,10.006987,-208.95283,0.019286704,
508,1000508,5,4.9850298,-116.97631,9.9850298,-116.97631,0.015971607,
509,1000509,5,4.9870884,-206.98058,9.9870884,-206.98058,0.021396662,
510,1000510,5,109.04627,124.00769,114.04627,124.00769,0.014784146,
511,1000511,5,5.0062674,31.07233,10.006267,31.07233,0.021099297,
512,1000512,5,4.9882153,-83.006113,9.9882153,-83.006113,0.018804808,
513,1000513,5,5.0300992,11.990475,10.030099,11.990475,0.023472876,
514,1000514,5,59.997496,-87.035261,64.997496,-87.035261,0.016870935,
515,1000515,5,-7.0420319,-174.97128,-2.0420319,-174.97128,0.020210869,
516,1000516,5,5.0534502,93.959645,10.05345,93.959645,0.017762896,
517,1000517,5,5.0264784,55.058379,10.026478,55.058379,0.016349095,
518,1000518,5,5.015882,2.9126334,10.015882,2.9126334,0.019235271,
519,1000519,5,5.0330771,-193.94645,10.033077,-193.94645,0.018078876,
520,1000520,5,4.9669054,-129.9848,9.9669054,-129.9848,0.017718597,
521,1000521,5,4.9162013,140.05412,9.9162013,140.05412,0.018720878,
522,1000522,5,-38.932713,128.02762,-33.932713,128.02762,0.016561177,
523,1000523,5,5.0086488,-186.00979,10.008649,-186.00979,0.016721756,
524,1000524,5,4.9647308,100.02879,9.9647308,100.02879,0.02462699,
525,1000525,5,5.0638546,53.994162,10.063855,53.994162,0.022056459,
526,1000526,5,4.9934338,-148.96061,9.9934338,-148.96061,0.017860759,
527,1000527,5,4.987913,180.99029,9.987913,180.99029,0.01838499,
528,1000528,5,4.9588891,108.99134,9.9588891,108.99134,0.022681494,
529,1000529,5,-25.001071,-88.009718,-20.001071,-88.009718,0.015332021,
530,1000530,5,19.025549,-203.01341,24.025549,-203.01341,0.016568828,
531,1000531,5,5.0479419,5.9851629,10.047942,5.9851629,0.021028732,
532,1000532,5,-27.974945,-55.053748,-22.974945,-55.053748,0.017542942,
533,1000533,5,4.9806523,189.03405,9.9806523,189.03405,0.016000238,
534,1000534,5,5.0145344,143.01686,10.014534,143.01686,0.029144285,
535,1000535,5,4.9670918,-200.97789,9.9670918,-200.97789,0.020061281,
536,1000536,5,27.002476,-200.97836,32.002476,-200.97836,0.016884617,
537,1000537,5,5.0092928,140.08234,10.009293,140.08234,0.018972644,
538,1000538,5,5.0242266,204.0279,10.024227,204.0279,0.016763647,
539,1000539,5,5.0025789,36.073155,10.002579,36.073155,0.017520989,
540,1000540,5,4.992862,212.98108,9.992862,212.98108,0.018700076,
541,1000541,5,4.9769184,181.84402,9.9769184,181.84402,0.016839374,
542,1000542,5,4.9649025,-202.99576,9.9649025,-202.99576,0.024152191,
543,1000543,5,5.032368,-46.915045,10.032368,-46.915045,0.019032823,
544,1000544,5,5.0145586,-49.948037,10.014559,-49.948037,0.018814048,
545,1000545,5,-25.004475,-202.8275,-20.004475,-202.8275,0.015618114,
546,1000546,5,5.0213872,245.12422,10.021387,245.12422,0.015840253,
547,1000547,5,4.9591614,163.01357,9.9591614,163.01357,0.017925317,
548,1000548,5,-72.978195,234.02468,-67.978195,234.02468,0.015968243,
549,1000549,5,5.0011783,-180.9508,10.001178,-180.9508,0.019964177,
550,1000550,5,5.0078796,-30.998164,10.00788,-30.998164,0.026547885,
551,1000551,5,5.012029,-221.12211,10.012029,-221.12211,0.017228032,
552,1000552,5,4.9769373,237.04622,9.9769373,237.04622,0.015910168,
553,1000553,5,26.008459,218.01107,31.008459,218.01107,0.016194718,
554,1000554,5,4.9914785,-237.10994,9.9914785,-237.10994,0.017154791,
555,1000555,5,5.0010198,-48.959821,10.00102,-48.959821,0.021488949,
556,1000556,5,5.0167235,-196.88425,10.016723,-196.88425,0.020214472,
557,1000557,5,5.0033606,59.009405,10.003361,59.009405,0.021041249,
558,1000558,5,4.959059,-13.948191,9.959059,-13.948191,0.016781554,
559,1000559,5,5.0127828,-19.036424,10.012783,-19.036424,0.021967742,
560,1000560,5,4.979042,14.143991,9.979042,14.143991,0.017155417,
561,1000561,5,4.98332,29.935206,9.98332,29.935206,0.018110005,
562,1000562,5,5.040596,-48.984435,10.040596,-48.984435,0.017850414,
563,1000563,5,5.0277596,-179.97468,10.02776,-179.97468,0.022602029,
564,1000564,5,5.020069,242.05323,10.020069,242.05323,0.018822192,
565,1000565,5,4.9634824,-168.9527,9.9634824,-168.9527,0.017384305,
566,1000566,5,5.009769,55.020497,10.009769,55.020497,0.016053752,
567,1000567,5,15.97142,74.970431,20.97142,74.970431,0.016037421,
568,1000568,5,4.9611685,193.96335,9.9611685,193.96335,0.018649915,
569,1000569,5,4.9942719,96.042803,9.9942719,96.042803,0.019086993,
570,1000570,5,25.987362,-132.04847,30.987362,-132.04847,0.021830532,
571,1000571,5,22.001629,-180.03444,27.001629,-180.03444,0.015709966,
572,1000572,5,48.966436,138.98702,53.966436,138.98702,0.015558957,
573,1000573,5,4.9767701,134.0019,9.9767701,134.0019,0.018984733,
574,1000574,5,26.100057,-209.0105,31.100057,-209.0105,0.023451342,
575,1000575,5,-72.043948,42.03199,-67.043948,42.03199,0.01542979,
576,1000576,5,4.9782403,252.0188,9.9782403,252.0188,0.022460651,
577,1000577,5,5.0509261,183.9551,10.050926,183.9551,0.017241722,
578,1000578,5,5.0334715,101.99317,10.033471,101.99317,0.019502714,
579,1000579,5,4.9569185,237.01167,9.9569185,237.01167,0.020390104,
580,1000580,5,-60.0042,20.007846,-55.0042,20.007846,0.015630202,
581,1000581,5,4.9865076,171.00807,9.9865076,171.00807,0.02147448,
582,1000582,5,19.092897,23.00864,24.092897,23.00864,0.015060682,
583,1000583,5,-17.008292,-89.999097,-12.008292,-89.999097,0.017266351,
584,1000584,5,-1.9970061,-90.997579,3.0029939,-90.997579,0.015983546,
585,1000585,5,5.0054638,-146.00575,10.005464,-146.00575,0.01727547,
586,1000586,5,4.9856025,-251.11437,9.9856025,-251.11437,0.021335905,
587,1000587,5,5.0173216,-171.08287,10.017322,-171.08287,0.017861261,
588,1000588,5,5.0032054,137.01432,10.003205,137.01432,0.0220519,
589,1000589,5,4.9877628,-106.95757,9.9877628,-106.95757,0.016916642,
590,1000590,5,-20.938752,-146.9791,-15.938752,-146.9791,0.014899197,
591,1000591,5,4.9835796,-109.06879,9.9835796,-109.06879,0.017164099,
592,1000592,5,5.0042453,108.05947,10.004245,108.05947,0.018423106,
593,1000593,5,4.9985512,86.960697,9.9985512,86.960697,0.019312211,
594,1000594,5,4.9557622,226.042,9.9557622,226.042,0.021180182,
595,1000595,5,4.9992224,-253.9621,9.9992224,-253.9621,0.020111596,
596,1000596,5,-10.072805,141.98017,-5.0728054,141.98017,0.016856966,
597,1000597,5,4.9843204,216.03854,9.9843204,216.03854,0.01712123,
598,1000598,5,-23.01688,-96.988522,-18.01688,-96.988522,0.016446085,
599,1000599,5,4.9412533,81.280499,9.9412533,81.280499,0.016162905,
600,1000600,5,-28.005206,-107.97157,-23.005206,-107.97157,0.017208176,
601,1000601,5,11.961023,91.037096,16.961023,91.037096,0.017876835,
602,1000602,5,5.0453177,-49.937558,10.045318,-49.937558,0.020257836,
603,1000603,5,5.0017426,-84.036136,10.001743,-84.036136,0.026196561,
604,1000604,5,5.0222356,-141.8981,10.022236,-141.8981,0.018244571,
605,1000605,5,5.0580927,117.02757,10.058093,117.02757,0.017386627,
606,1000606,5,4.9721891,-32.030278,9.9721891,-32.030278,0.018423515,
607,1000607,5,5.0415757,24.941329,10.041576,24.941329,0.020298398,
608,1000608,5,4.9250207,58.007434,9.9250207,58.007434,0.015956687,
609,1000609,5,5.0716845,-254.01025,10.071685,-254.01025,0.020089896,
610,1000610,5,-1.92227,-5.99557,3.07773,-5.99557,0.01654246,
611,1000611,5,-82.988731,-250.99642,-77.988731,-250.99642,0.016650232,
612,1000612,5,5.010829,-51.021872,10.010829,-51.021872,0.017604079,
613,1000613,5,-33.98399,235.99741,-28.98399,235.99741,0.018453225,
614,1000614,5,-2.0075834,199.00474,2.9924166,199.00474,0.015322453,
615,1000615,5,5.0046831,104.01268,10.004683,104.01268,0.022821518,
616,1000616,5,5.0208733,210.02417,10.020873,210.02417,0.027492342,
617,1000617,5,57.009586,-13.017425,62.009586,-13.017425,0.015637686,
618,1000618,5,-47.003774,52.035127,-42.003774,52.035127,0.017566255,
619,1000619,5,5.0281981,-140.97362,10.028198,-140.97362,0.016767179,
620,1000620,5,-4.0248707,-49.003029,0.9751293,-49.003029,0.025056868,
621,1000621,5,5.0069967,-67.910868,10.006997,-67.910868,0.016209312,
622,1000622,5,5.0012463,-199.99203,10.001246,-199.99203,0.020754515,
623,1000623,5,-73.005218,249.01839,-68.005218,249.01839,0.015173171,
624,1000624,5,5.0281297,-198.02664,10.02813,-198.02664,0.01622456,
625,1000625,5,5.0144602,255.02404,10.01446,255.02404,0.016050273,
626,1000626,5,5.0076847,182.05069,10.007685,182.05069,0.02149321,
627,1000627,5,4.9611976,228.11951,9.9611976,228.11951,0.016084905,
628,1000628,5,-40.072229,-124.00391,-35.072229,-124.00391,0.020876708,
629,1000629,5,4.9396348,159.00317,9.9396348,159.00317,0.016444992,
630,1000630,5,20.009813,55.009271,25.009813,55.009271,0.016359313,
631,1000631,5,5.0477895,93.003342,10.047789,93.003342,0.01750995,
632,1000632,5,4.9767786,219.97104,9.9767786,219.97104,0.018068721,
633,1000633,5,5.0049103,208.9924,10.00491,208.9924,0.022443975,
634,1000634,5,30.989598,-245.94439,35.989598,-245.94439,0.015769279,
635,1000635,5,4.9924468,176.01204,9.9924468,176.01204,0.021439639,
636,1000636,5,4.9792345,-68.964141,9.9792345,-68.964141,0.016731062,
637,1000637,5,4.9884887,44.992085,9.9884887,44.992085,0.021490426,
638,1000638,5,4.9596662,21.143769,9.9596662,21.143769,0.021877412,
639,1000639,5,4.9978056,65.882391,9.9978056,65.882391,0.017763797,
640,1000640,5,4.9966272,214.99193,9.9966272,214.99193,0.021705798,
641,1000641,5,5.00136,-221.96521,10.00136,-221.96521,0.018489796,
642,1000642,5,4.9931638,-155.97664,9.9931638,-155.97664,0.019289267,
643,1000643,5,-9.0070171,155.0007,-4.0070171,155.0007,0.016255598,
644,1000644,5,5.0353039,235.02313,10.035304,235.02313,0.017478616,
645,1000645,5,4.9951163,173.08367,9.9951163,173.08367,0.022587555,
646,1000646,5,4.9899446,139.93797,9.9899446,139.93797,0.01783826,
647,1000647,5,4.9896509,172.01132,9.9896509,172.01132,0.020856663,
648,1000648,5,5.0163116,-233.99848,10.016312,-233.99848,0.017415243,
649,1000649,5,5.0201764,50.988238,10.020176,50.988238,0.020915572,
650,1000650,5,5.0626027,-91.928332,10.062603,-91.928332,0.017207324,
651,1000651,5,-22.924148,54.011616,-17.924148,54.011616,0.016641657,
652,1000652,5,5.003648,234.06301,10.003648,234.06301,0.021074575,
653,1000653,5,5.0331414,212.03753,10.033141,212.03753,0.019073206,
654,1000654,5,-28.050591,-130.02132,-23.050591,-130.02132,0.015216287,
655,1000655,5,5.0505686,-47.824713,10.050569,-47.824713,0.016815967,
656,1000656,5,5.0435634,7.0898811,10.043563,7.0898811,0.01833191,
657,1000657,5,5.0247388,-224.99119,10.024739,-224.99119,0.017742018,
658,1000658,5,4.9877534,-141.03413,9.9877534,-141.03413,0.023119297,
659,1000659,5,4.991421,-118.96729,9.991421,-118.96729,0.019710586,
660,1000660,5,5.009717,226.9556,10.009717,226.9556,0.017129282,
661,1000661,5,5.0039321,42.01567,10.003932,42.01567,0.020549266,
662,1000662,5,5.0019489,-227.94989,10.001949,-227.94989,0.019537793,
663,1000663,5,4.9905274,55.918742,9.9905274,55.918742,0.02292283,
664,1000664,5,-16.073018,31.000099,-11.073018,31.000099,0.015408593,
665,1000665,5,5.0007706,-127.97126,10.000771,-127.97126,0.016287555,
666,1000666,5,-1.867802,-23.994739,3.132198,-23.994739,0.016904848,
667,1000667,5,-47.020598,129.07441,-42.020598,129.07441,0.016487997,
668,1000668,5,4.9781291,-69.978721,9.9781291,-69.978721,0.016727583,
669,1000669,5,4.9575528,-99.995544,9.9575528,-99.995544,0.023493392,
670,1000670,5,5.0020692,-7.9166255,10.002069,-7.9166255,0.020835682,
671,1000671,5,4.9958341,106.96183,9.9958341,106.96183,0.021679405,
672,1000672,5,5.0012972,-76.014933,10.001297,-76.014933,0.015444337,
673,1000673,5,4.9899833,48.956748,9.9899833,48.956748,0.019737764,
674,1000674,5,4.9815287,250.00954,9.9815287,250.00954,0.021817804,
675,1000675,5,5.0226715,-147.98394,10.022672,-147.98394,0.025096196,
676,1000676,5,-17.055105,-31.01078,-12.055105,-31.01078,0.015940451,
677,1000677,5,4.9542004,8.9996267,9.9542004,8.9996267,0.020364628,
678,1000678,5,4.9567231,-23.98124,9.9567231,-23.98124,0.01915953,
679,1000679,5,5.0012339,-166.97379,10.001234,-166.97379,0.022726134,
680,1000680,5,4.9918729,101.95451,9.9918729,101.95451,0.027125158,
681,1000681,5,5.0665523,239.98769,10.066552,239.98769,0.025000871,
682,1000682,5,4.9753919,-185.06836,9.9753919,-185.06836,0.017833522,
683,1000683,5,5.0179398,20.9901,10.01794,20.9901,0.031563119,
684,1000684,5,4.9691138,-210.98579,9.9691138,-210.98579,0.015780707,
685,1000685,5,5.0092243,79.998826,10.009224,79.998826,0.023063861,
686,1000686,5,-9.9903759,255.02087,-4.9903759,255.02087,0.020856493,
687,1000687,5,5.01524,145.00187,10.01524,145.00187,0.018495177,
688,1000688,5,5.0235324,85.059258,10.023532,85.059258,0.022402101,
689,1000689,5,26.98829,106.02062,31.98829,106.02062,0.015923152,
690,1000690,5,25.956894,-53.026202,30.956894,-53.026202,0.018226191,
691,1000691,5,4.9729356,221.11759,9.9729356,221.11759,0.017691848,
692,1000692,5,4.9600943,-29.967056,9.9600943,-29.967056,0.01893436,
693,1000693,5,5.0186654,-212.87826,10.018665,-212.87826,0.02049563,
694,1000694,5,4.9776678,111.18164,9.9776678,111.18164,0.01773118,
695,1000695,5,5.0080325,244.98782,10.008033,244.98782,0.023399016,
696,1000696,5,5.0116841,-109.99317,10.011684,-109.99317,0.019620552,
697,1000697,5,4.9837955,-201.01156,9.9837955,-201.01156,0.023030472,
698,1000698,5,-9.0623637,-15.948446,-4.0623637,-15.948446,0.020003094,
699,1000699,5,32.929855,88.041991,37.929855,88.041991,0.015749158,
700,1000700,5,4.914771,-247.02164,9.914771,-247.02164,0.016210465,
701,1000701,5,5.0354884,-137.92239,10.035488,-137.92239,0.020347174,
702,1000702,5,5.014626,105.99841,10.014626,105.99841,0.015936152,
703,1000703,5,4.9899258,-152.95444,9.9899258,-152.95444,0.016965137,
704,1000704,5,-34.0166,44.05657,-29.0166,44.05657,0.019245014,
705,1000705,5,5.0319216,-231.0167,10.031922,-231.0167,0.015806697,
706,1000706,5,-0.046036248,-1.0152019,4.9539638,-1.0152019,0.016638361,
707,1000707,5,5.0537045,164.90659,10.053704,164.90659,0.018639785,
708,1000708,5,38.053657,-159.02611,43.053657,-159.02611,0.016507806,
709,1000709,5,4.9981922,-232.9998,9.9981922,-232.9998,0.017950493,
710,1000710,5,4.9187267,-74.003332,9.9187267,-74.003332,0.016997657,
711,1000711,5,4.9344634,-11.95179,9.9344634,-11.95179,0.01863019,
712,1000712,5,5.0065317,-115.06793,10.006532,-115.06793,0.019630769,
713,1000713,5,4.9647985,136.95075,9.9647985,136.95075,0.01750721,
714,1000714,5,5.0207747,-249.90262,10.020775,-249.90262,0.019016228,
715,1000715,5,5.0011992,-110.99089,10.001199,-110.99089,0.017170967,
716,1000716,5,5.002878,165.97697,10.002878,165.97697,0.017533974,
717,1000717,5,4.9973919,177.99705,9.9973919,177.99705,0.017987623,
718,1000718,5,5.0245322,239.96756,10.024532,239.96756,0.016889864,
719,1000719,5,-15.969966,136.0497,-10.969966,136.0497,0.014665321,
720,1000720,5,-1.9577285,-88.003703,3.0422715,-88.003703,0.016540389,
721,1000721,5,4.9734723,-1.0133188,9.9734723,-1.0133188,0.01746371,
722,1000722,5,5.0280941,214.00068,10.028094,214.00068,0.020079912,
723,1000723,5,4.9735286,-240.01441,9.9735286,-240.01441,0.016657874,
724,1000724,5,5.0216677,186.94632,10.021668,186.94632,0.019117382,
725,1000725,5,5.0278941,-234.99657,10.027894,-234.99657,0.019015104,
726,1000726,5,-47.031483,-127.99358,-42.031483,-127.99358,0.014767296,
727,1000727,5,5.0263063,-173.94784,10.026306,-173.94784,0.01897648,
728,1000728,5,5.0439688,9.0715479,10.043969,9.0715479,0.015806257,
729,1000729,5,5.0093509,118.99371,10.009351,118.99371,0.015620519,
730,1000730,5,4.9800926,-240.02359,9.9800926,-240.02359,0.018438229,
731,1000731,5,5.0175611,18.009446,10.017561,18.009446,0.026934924,
732,1000732,5,4.9856088,134.98362,9.9856088,134.98362,0.023122928,
733,1000733,5,4.990151,230.08201,9.990151,230.08201,0.018437317,
734,1000734,5,4.9947647,13.043935,9.9947647,13.043935,0.02151864,
735,1000735,5,5.0131119,91.026051,10.013112,91.026051,0.020983458,
736,1000736,5,4.9275811,172.94203,9.9275811,172.94203,0.021223629,
737,1000737,5,4.989469,45.972774,9.989469,45.972774,0.018561907,
738,1000738,5,-20.984166,-57.035876,-15.984166,-57.035876,0.018848727,
739,1000739,5,4.9898234,-189.11558,9.9898234,-189.11558,0.017679156,
740,1000740,5,5.0181063,119.10293,10.018106,119.10293,0.017668793,
741,1000741,5,4.984866,31.014192,9.984866,31.014192,0.021496552,
742,1000742,5,4.9691483,164.00728,9.9691483,164.00728,0.025855525,
743,1000743,5,4.9852793,-66.998228,9.9852793,-66.998228,0.022029928,
744,1000744,5,5.0297509,95.040271,10.029751,95.040271,0.017597151,
745,1000745,5,-5.0098512,-219.06598,-0.009851225,-219.06598,0.016843128,
746,1000746,5,-20.966485,139.95098,-15.966485,139.95098,0.017521395,
747,1000747,5,5.0022054,235.0718,10.002205,235.0718,0.018842541,
748,1000748,5,5.0606455,12.332378,10.060646,12.332378,0.01717728,
749,1000749,5,5.0261807,3.0085025,10.026181,3.0085025,0.021636192,
750,1000750,5,4.9724903,-178.99927,9.9724903,-178.99927,0.016199735,
751,1000751,5,-8.9851126,-21.01271,-3.9851126,-21.01271,0.016460423,
752,1000752,5,5.0042052,-115.037,10.004205,-115.037,0.015571213,
753,1000753,5,5.0578441,218.97458,10.057844,218.97458,0.017594293,
754,1000754,5,5.0595901,234.05965,10.05959,234.05965,0.01623962,
755,1000755,5,20.047534,249.032,25.047534,249.032,0.019232457,
756,1000756,5,4.9815915,-124.94053,9.9815915,-124.94053,0.018702726,
757,1000757,5,4.991058,29.999824,9.991058,29.999824,0.022167333,
758,1000758,5,5.0207883,134.07641,10.020788,134.07641,0.019868186,
759,1000759,5,5.082708,-138.00897,10.082708,-138.00897,0.01791749,
760,1000760,5,4.9778532,-208.99374,9.9778532,-208.99374,0.020802315,
761,1000761,5,26.990045,-238.99222,31.990045,-238.99222,0.018086656,
762,1000762,5,4.9998947,113.00092,9.9998947,113.00092,0.02386571,
763,1000763,5,4.9887619,141.04454,9.9887619,141.04454,0.018507421,
764,1000764,5,40.031566,-126.949,45.031566,-126.949,0.016146418,
765,1000765,5,5.0269859,119.94898,10.026986,119.94898,0.021521912,
766,1000766,5,26.981464,233.02039,31.981464,233.02039,0.01761806,
767,1000767,5,5.0171495,225.97292,10.01715,225.97292,0.019741774,
768,1000768,5,5.0190553,-16.940375,10.019055,-16.940375,0.01614621,
769,1000769,5,5.0292636,-34.997617,10.029264,-34.997617,0.016450343,
770,1000770,5,4.9587593,180.02654,9.9587593,180.02654,0.020838301,
771,1000771,5,5.0324638,45.962025,10.032464,45.962025,0.019161386,
772,1000772,5,5.0160174,-131.97468,10.016017,-131.97468,0.018180444,
773,1000773,5,4.9491827,-205.98877,9.9491827,-205.98877,0.019110099,
774,1000774,5,5.0064736,-76.051786,10.006474,-76.051786,0.022150557,
775,1000775,5,5.0013129,183.00589,10.001313,183.00589,0.017937598,
776,1000776,5,19.054459,-244.00936,24.054459,-244.00936,0.017911471,
777,1000777,5,4.9499451,44.961564,9.9499451,44.961564,0.023008396,
778,1000778,5,4.9999941,177.03407,9.9999941,177.03407,0.023727415,
779,1000779,5,11.966883,-83.015093,16.966883,-83.015093,0.018759568,
780,1000780,5,4.9950045,-89.011947,9.9950045,-89.011947,0.018684745,
781,1000781,5,5.0407492,62.976603,10.040749,62.976603,0.016199873,
782,1000782,5,4.998501,-130.96473,9.998501,-130.96473,0.029268537,
783,1000783,5,5.036683,-161.9843,10.036683,-161.9843,0.017061725,
784,1000784,5,4.9501014,66.990648,9.9501014,66.990648,0.018487068,
785,1000785,5,5.0018668,-204.04289,10.001867,-204.04289,0.018428506,
786,1000786,5,5.0233079,-98.00321,10.023308,-98.00321,0.017473484,
787,1000787,5,-4.9725247,-84.021059,0.027475306,-84.021059,0.016791878,
788,1000788,5,4.973266,-108.88103,9.973266,-108.88103,0.017643909,
789,1000789,5,4.9748385,25.990357,9.9748385,25.990357,0.019773736,
790,1000790,5,4.9696301,-179.94532,9.9696301,-179.94532,0.018107429,
791,1000791,5,4.9987856,-230.02145,9.9987856,-230.02145,0.018434874,
792,1000792,5,5.0302437,50.052299,10.030244,50.052299,0.016250076,
793,1000793,5,5.0283205,-144.96382,10.02832,-144.96382,0.020165552,
794,1000794,5,5.0304887,40.045481,10.030489,40.045481,0.019439418,
