win_start,q,count_observed,count_formula,ok_flag
1,1,220,220,1
1,2,110,110,1
1,3,73,73,1
1,4,55,55,1
1,5,44,44,1
1,6,36,36,1
1,7,31,31,1
1,8,27,27,1
1,9,24,24,1
1,10,22,22,1
1,11,20,20,1
1,12,18,18,1
1,13,16,16,1
1,14,15,15,1
1,15,14,14,1
1,16,13,13,1
1,17,12,12,1
1,18,12,12,1
1,19,11,11,1
1,20,11,11,1
1,21,10,10,1
1,22,10,10,1
1,23,9,9,1
1,24,9,9,1
1,25,8,8,1
1,26,8,8,1
1,27,8,8,1
1,28,7,7,1
1,29,7,7,1
1,30,7,7,1
1,31,7,7,1
1,32,6,6,1
1,33,6,6,1
1,34,6,6,1
1,35,6,6,1
1,36,6,6,1
1,37,5,5,1
1,38,5,5,1
1,39,5,5,1
1,40,5,5,1
1,41,5,5,1
1,42,5,5,1
1,43,5,5,1
1,44,5,5,1
1,45,4,4,1
1,46,4,4,1
1,47,4,4,1
1,48,4,4,1
1,49,4,4,1
1,50,4,4,1
61,1,180,180,1
61,2,110,110,1
61,3,73,73,1
61,4,55,55,1
61,5,44,44,1
61,6,36,36,1
61,7,32,32,1
61,8,28,28,1
61,9,25,25,1
61,10,22,22,1
61,11,20,20,1
61,12,18,18,1
61,13,17,17,1
61,14,16,16,1
61,16,14,14,1
61,15,14,14,1
61,17,13,13,1
61,18,12,12,1
61,21,11,11,1
61,19,11,11,1
61,20,11,11,1
61,22,10,10,1
61,23,10,10,1
61,24,9,9,1
61,25,9,9,1
61,31,8,8,1
61,26,8,8,1
61,27,8,8,1
61,28,8,8,1
61,32,7,7,1
61,33,7,7,1
61,34,7,7,1
61,35,7,7,1
61,29,7,7,1
61,30,7,7,1
61,36,6,6,1
61,37,6,6,1
61,38,6,6,1
61,39,6,6,1
61,40,6,6,1
61,41,5,5,1
61,42,5,5,1
61,43,5,5,1
61,44,5,5,1
61,45,5,5,1
61,46,5,5,1
61,61,4,4,1
61,62,4,4,1
61,63,4,4,1
61,64,4,4,1
121,1,120,120,1
121,2,110,110,1
121,3,73,73,1
121,4,55,55,1
121,5,44,44,1
121,6,36,36,1
121,7,31,31,1
121,8,27,27,1
121,9,24,24,1
121,10,22,22,1
121,11,20,20,1
121,12,18,18,1
121,13,17,17,1
121,14,16,16,1
121,16,14,14,1
121,15,14,14,1
121,17,13,13,1
121,18,12,12,1
121,21,11,11,1
121,19,11,11,1
121,20,11,11,1
121,22,10,10,1
121,25,9,9,1
121,26,9,9,1
121,23,9,9,1
121,24,9,9,1
121,27,8,8,1
121,28,8,8,1
121,31,7,7,1
121,32,7,7,1
121,33,7,7,1
121,34,7,7,1
121,29,7,7,1
121,30,7,7,1
121,41,6,6,1
121,42,6,6,1
121,35,6,6,1
121,36,6,6,1
121,37,6,6,1
121,43,5,5,1
121,44,5,5,1
121,45,5,5,1
121,46,5,5,1
121,47,5,5,1
121,48,5,5,1
121,38,5,5,1
121,39,5,5,1
121,40,5,5,1
121,61,4,4,1
121,62,4,4,1
181,2,110,110,1
181,3,73,73,1
181,1,60,60,1
181,4,55,55,1
181,5,44,44,1
181,6,36,36,1
181,7,32,32,1
181,8,28,28,1
181,9,24,24,1
181,10,22,22,1
181,11,20,20,1
181,12,18,18,1
181,13,17,17,1
181,14,16,16,1
181,16,14,14,1
181,15,14,14,1
181,17,13,13,1
181,19,12,12,1
181,18,12,12,1
181,21,11,11,1
181,20,11,11,1
181,23,10,10,1
181,22,10,10,1
181,26,9,9,1
181,24,9,9,1
181,25,9,9,1
181,27,8,8,1
181,28,8,8,1
181,31,7,7,1
181,32,7,7,1
181,33,7,7,1
181,29,7,7,1
181,30,7,7,1
181,37,6,6,1
181,38,6,6,1
181,39,6,6,1
181,40,6,6,1
181,34,6,6,1
181,35,6,6,1
181,36,6,6,1
181,46,5,5,1
181,47,5,5,1
181,48,5,5,1
181,49,5,5,1
181,50,5,5,1
181,41,5,5,1
181,42,5,5,1
181,43,5,5,1
181,44,5,5,1
181,61,4,4,1
241,2,110,110,1
241,3,73,73,1
241,4,55,55,1
241,5,44,44,1
241,6,36,36,1
241,7,31,31,1
241,8,27,27,1
241,9,25,25,1
241,10,22,22,1
241,11,20,20,1
241,12,18,18,1
241,13,17,17,1
241,14,15,15,1
241,15,14,14,1
241,17,13,13,1
241,16,13,13,1
241,19,12,12,1
241,18,12,12,1
241,20,11,11,1
241,22,10,10,1
241,21,10,10,1
241,23,10,10,1
241,27,9,9,1
241,25,9,9,1
241,24,9,9,1
241,28,8,8,1
241,26,8,8,1
241,35,7,7,1
241,31,7,7,1
241,32,7,7,1
241,29,7,7,1
241,30,7,7,1
241,41,6,6,1
241,36,6,6,1
241,37,6,6,1
241,33,6,6,1
241,38,6,6,1
241,34,6,6,1
241,49,5,5,1
241,50,5,5,1
241,42,5,5,1
241,51,5,5,1
241,43,5,5,1
241,44,5,5,1
241,45,5,5,1
241,39,5,5,1
241,46,5,5,1
241,40,5,5,1
241,61,4,4,1
241,62,4,4,1
301,2,90,90,1
301,3,73,73,1
301,4,55,55,1
301,5,44,44,1
301,6,36,36,1
301,7,32,32,1
301,8,28,28,1
301,9,24,24,1
301,10,22,22,1
301,11,20,20,1
301,12,18,18,1
301,13,17,17,1
301,14,16,16,1
301,16,14,14,1
301,15,14,14,1
301,17,13,13,1
301,19,12,12,1
301,18,12,12,1
301,20,11,11,1
301,22,10,10,1
301,21,10,10,1
301,26,9,9,1
301,24,9,9,1
301,23,9,9,1
301,28,8,8,1
301,27,8,8,1
301,25,8,8,1
301,34,7,7,1
301,31,7,7,1
301,29,7,7,1
301,32,7,7,1
301,30,7,7,1
301,43,6,6,1
301,38,6,6,1
301,39,6,6,1
301,35,6,6,1
301,40,6,6,1
301,36,6,6,1
301,33,6,6,1
301,37,6,6,1
301,51,5,5,1
301,44,5,5,1
301,52,5,5,1
301,45,5,5,1
301,46,5,5,1
301,41,5,5,1
301,47,5,5,1
301,42,5,5,1
301,61,4,4,1
301,62,4,4,1
361,3,73,73,1
361,2,60,60,1
361,4,55,55,1
361,5,44,44,1
361,6,36,36,1
361,7,31,31,1
361,8,27,27,1
361,9,24,24,1
361,10,22,22,1
361,11,20,20,1
361,12,18,18,1
361,13,17,17,1
361,14,16,16,1
361,16,14,14,1
361,15,14,14,1
361,17,13,13,1
361,19,12,12,1
361,18,12,12,1
361,20,11,11,1
361,23,10,10,1
361,22,10,10,1
361,21,10,10,1
361,26,9,9,1
361,25,9,9,1
361,24,9,9,1
361,28,8,8,1
361,29,8,8,1
361,27,8,8,1
361,33,7,7,1
361,31,7,7,1
361,34,7,7,1
361,32,7,7,1
361,30,7,7,1
361,41,6,6,1
361,37,6,6,1
361,38,6,6,1
361,35,6,6,1
361,36,6,6,1
361,52,5,5,1
361,46,5,5,1
361,47,5,5,1
361,42,5,5,1
361,48,5,5,1
361,43,5,5,1
361,39,5,5,1
361,44,5,5,1
361,40,5,5,1
361,61,4,4,1
361,53,4,4,1
361,62,4,4,1
421,3,73,73,1
421,4,55,55,1
421,5,44,44,1
421,6,36,36,1
421,7,31,31,1
421,2,30,30,1
421,8,28,28,1
421,9,25,25,1
421,10,22,22,1
421,11,20,20,1
421,12,18,18,1
421,13,17,17,1
421,14,15,15,1
421,16,14,14,1
421,15,14,14,1
421,17,13,13,1
421,18,12,12,1
421,19,11,11,1
421,20,11,11,1
421,22,10,10,1
421,21,10,10,1
421,25,9,9,1
421,24,9,9,1
421,23,9,9,1
421,27,8,8,1
421,29,8,8,1
421,26,8,8,1
421,33,7,7,1
421,31,7,7,1
421,32,7,7,1
421,28,7,7,1
421,30,7,7,1
421,39,6,6,1
421,36,6,6,1
421,40,6,6,1
421,34,6,6,1
421,37,6,6,1
421,35,6,6,1
421,47,5,5,1
421,53,5,5,1
421,43,5,5,1
421,48,5,5,1
421,44,5,5,1
421,49,5,5,1
421,45,5,5,1
421,41,5,5,1
421,38,5,5,1
421,42,5,5,1
421,71,4,4,1
421,61,4,4,1
481,3,73,73,1
481,4,55,55,1
481,5,44,44,1
481,6,36,36,1
481,7,32,32,1
481,8,27,27,1
481,9,24,24,1
481,10,22,22,1
481,11,20,20,1
481,12,18,18,1
481,13,17,17,1
481,14,16,16,1
481,15,14,14,1
481,17,13,13,1
481,16,13,13,1
481,18,12,12,1
481,21,11,11,1
481,19,11,11,1
481,20,11,11,1
481,23,10,10,1
481,22,10,10,1
481,25,9,9,1
481,24,9,9,1
481,27,8,8,1
481,29,8,8,1
481,26,8,8,1
481,28,8,8,1
481,35,7,7,1
481,33,7,7,1
481,31,7,7,1
481,30,7,7,1
481,37,6,6,1
481,41,6,6,1
481,38,6,6,1
481,36,6,6,1
481,34,6,6,1
481,32,6,6,1
481,44,5,5,1
481,49,5,5,1
481,45,5,5,1
481,50,5,5,1
481,42,5,5,1
481,46,5,5,1
481,39,5,5,1
481,43,5,5,1
481,40,5,5,1
481,69,4,4,1
481,54,4,4,1
481,61,4,4,1
481,70,4,4,1
541,3,60,60,1
541,4,55,55,1
541,5,44,44,1
541,6,36,36,1
541,7,31,31,1
541,8,28,28,1
541,9,24,24,1
541,10,22,22,1
541,11,20,20,1
541,12,18,18,1
541,13,17,17,1
541,14,16,16,1
541,16,14,14,1
541,15,14,14,1
541,17,13,13,1
541,19,12,12,1
541,18,12,12,1
541,21,11,11,1
541,20,11,11,1
541,22,10,10,1
541,23,10,10,1
541,26,9,9,1
541,25,9,9,1
541,24,9,9,1
541,29,8,8,1
541,28,8,8,1
541,27,8,8,1
541,34,7,7,1
541,32,7,7,1
541,31,7,7,1
541,33,7,7,1
541,30,7,7,1
541,42,6,6,1
541,39,6,6,1
541,37,6,6,1
541,40,6,6,1
541,35,6,6,1
541,38,6,6,1
541,36,6,6,1
541,50,5,5,1
541,46,5,5,1
541,43,5,5,1
541,47,5,5,1
541,44,5,5,1
541,41,5,5,1
541,68,4,4,1
541,61,4,4,1
541,55,4,4,1
541,69,4,4,1
541,62,4,4,1
601,4,55,55,1
601,5,44,44,1
601,3,40,40,1
601,6,36,36,1
601,7,32,32,1
601,8,27,27,1
601,9,25,25,1
601,10,22,22,1
601,11,20,20,1
601,12,18,18,1
601,13,17,17,1
601,14,16,16,1
601,16,14,14,1
601,15,14,14,1
601,17,13,13,1
601,19,12,12,1
601,18,12,12,1
601,21,11,11,1
601,20,11,11,1
601,22,10,10,1
601,23,9,9,1
601,24,9,9,1
601,29,8,8,1
601,28,8,8,1
601,27,8,8,1
601,26,8,8,1
601,25,8,8,1
601,32,7,7,1
601,34,7,7,1
601,31,7,7,1
601,30,7,7,1
601,43,6,6,1
601,38,6,6,1
601,36,6,6,1
601,41,6,6,1
601,39,6,6,1
601,33,6,6,1
601,37,6,6,1
601,35,6,6,1
601,47,5,5,1
601,51,5,5,1
601,44,5,5,1
601,48,5,5,1
601,45,5,5,1
601,42,5,5,1
601,40,5,5,1
601,67,4,4,1
601,55,4,4,1
601,61,4,4,1
601,68,4,4,1
661,4,55,55,1
661,5,44,44,1
661,6,36,36,1
661,7,31,31,1
661,8,28,28,1
661,9,24,24,1
661,10,22,22,1
661,3,20,20,1
661,11,20,20,1
661,12,18,18,1
661,13,17,17,1
661,14,15,15,1
661,16,14,14,1
661,15,14,14,1
661,17,13,13,1
661,19,12,12,1
661,18,12,12,1
661,20,11,11,1
661,23,10,10,1
661,21,10,10,1
661,22,10,10,1
661,24,9,9,1
661,25,9,9,1
661,29,8,8,1
661,28,8,8,1
661,27,8,8,1
661,26,8,8,1
661,35,7,7,1
661,32,7,7,1
661,31,7,7,1
661,30,7,7,1
661,39,6,6,1
661,37,6,6,1
661,40,6,6,1
661,34,6,6,1
661,38,6,6,1
661,36,6,6,1
661,33,6,6,1
661,51,5,5,1
661,48,5,5,1
661,42,5,5,1
661,45,5,5,1
661,43,5,5,1
661,46,5,5,1
661,41,5,5,1
661,44,5,5,1
661,67,4,4,1
661,61,4,4,1
661,56,4,4,1
661,52,4,4,1
721,4,55,55,1
721,5,44,44,1
721,6,36,36,1
721,7,32,32,1
721,8,27,27,1
721,9,24,24,1
721,10,22,22,1
721,11,20,20,1
721,12,18,18,1
721,13,17,17,1
721,14,16,16,1
721,15,14,14,1
721,17,13,13,1
721,16,13,13,1
721,19,12,12,1
721,18,12,12,1
721,20,11,11,1
721,22,10,10,1
721,21,10,10,1
721,25,9,9,1
721,26,9,9,1
721,23,9,9,1
721,24,9,9,1
721,29,8,8,1
721,28,8,8,1
721,27,8,8,1
721,33,7,7,1
721,32,7,7,1
721,31,7,7,1
721,30,7,7,1
721,38,6,6,1
721,35,6,6,1
721,37,6,6,1
721,39,6,6,1
721,34,6,6,1
721,36,6,6,1
721,52,5,5,1
721,43,5,5,1
721,49,5,5,1
721,46,5,5,1
721,41,5,5,1
721,44,5,5,1
721,47,5,5,1
721,42,5,5,1
721,40,5,5,1
721,66,4,4,1
721,56,4,4,1
721,61,4,4,1
721,67,4,4,1
721,57,4,4,1
781,4,45,45,1
781,5,44,44,1
781,6,36,36,1
781,7,31,31,1
781,8,28,28,1
781,9,25,25,1
781,10,22,22,1
781,11,20,20,1
781,12,18,18,1
781,14,16,16,1
781,13,16,16,1
781,16,14,14,1
781,15,14,14,1
781,17,13,13,1
781,18,12,12,1
781,19,11,11,1
781,20,11,11,1
781,23,10,10,1
781,22,10,10,1
781,21,10,10,1
781,27,9,9,1
781,24,9,9,1
781,25,9,9,1
781,29,8,8,1
781,28,8,8,1
781,26,8,8,1
781,34,7,7,1
781,33,7,7,1
781,32,7,7,1
781,31,7,7,1
781,30,7,7,1
781,36,6,6,1
781,38,6,6,1
781,40,6,6,1
781,35,6,6,1
781,37,6,6,1
781,46,5,5,1
781,49,5,5,1
781,44,5,5,1
781,42,5,5,1
781,47,5,5,1
781,50,5,5,1
781,45,5,5,1
781,43,5,5,1
781,39,5,5,1
781,41,5,5,1
781,71,4,4,1
781,56,4,4,1
781,66,4,4,1
781,61,4,4,1
841,5,44,44,1
841,6,36,36,1
841,7,31,31,1
841,4,30,30,1
841,8,27,27,1
841,9,24,24,1
841,10,22,22,1
841,11,20,20,1
841,12,18,18,1
841,13,17,17,1
841,14,15,15,1
841,16,14,14,1
841,15,14,14,1
841,17,13,13,1
841,18,12,12,1
841,19,11,11,1
841,20,11,11,1
841,23,10,10,1
841,22,10,10,1
841,21,10,10,1
841,25,9,9,1
841,24,9,9,1
841,29,8,8,1
841,26,8,8,1
841,27,8,8,1
841,34,7,7,1
841,33,7,7,1
841,32,7,7,1
841,31,7,7,1
841,28,7,7,1
841,30,7,7,1
841,37,6,6,1
841,39,6,6,1
841,36,6,6,1
841,35,6,6,1
841,47,5,5,1
841,53,5,5,1
841,50,5,5,1
841,45,5,5,1
841,43,5,5,1
841,41,5,5,1
841,48,5,5,1
841,46,5,5,1
841,38,5,5,1
841,44,5,5,1
841,40,5,5,1
841,42,5,5,1
841,65,4,4,1
841,61,4,4,1
841,57,4,4,1
901,5,44,44,1
901,6,36,36,1
901,7,32,32,1
901,8,28,28,1
901,9,24,24,1
901,10,22,22,1
901,11,20,20,1
901,12,18,18,1
901,13,17,17,1
901,14,16,16,1
901,4,15,15,1
901,16,14,14,1
901,15,14,14,1
901,17,13,13,1
901,18,12,12,1
901,21,11,11,1
901,19,11,11,1
901,20,11,11,1
901,22,10,10,1
901,26,9,9,1
901,24,9,9,1
901,23,9,9,1
901,27,8,8,1
901,28,8,8,1
901,25,8,8,1
901,35,7,7,1
901,32,7,7,1
901,29,7,7,1
901,31,7,7,1
901,30,7,7,1
901,41,6,6,1
901,43,6,6,1
901,38,6,6,1
901,34,6,6,1
901,40,6,6,1
901,33,6,6,1
901,37,6,6,1
901,36,6,6,1
901,53,5,5,1
901,48,5,5,1
901,46,5,5,1
901,44,5,5,1
901,42,5,5,1
901,39,5,5,1
901,70,4,4,1
901,65,4,4,1
901,57,4,4,1
901,61,4,4,1
901,54,4,4,1
901,51,4,4,1
961,5,44,44,1
961,6,36,36,1
961,7,31,31,1
961,8,27,27,1
961,9,25,25,1
961,10,22,22,1
961,11,20,20,1
961,12,18,18,1
961,13,17,17,1
961,14,16,16,1
961,15,14,14,1
961,17,13,13,1
961,16,13,13,1
961,19,12,12,1
961,18,12,12,1
961,21,11,11,1
961,20,11,11,1
961,23,10,10,1
961,22,10,10,1
961,26,9,9,1
961,25,9,9,1
961,24,9,9,1
961,31,8,8,1
961,27,8,8,1
961,28,8,8,1
961,29,7,7,1
961,30,7,7,1
961,37,6,6,1
961,42,6,6,1
961,36,6,6,1
961,39,6,6,1
961,35,6,6,1
961,34,6,6,1
961,38,6,6,1
961,33,6,6,1
961,32,6,6,1
961,46,5,5,1
961,44,5,5,1
961,51,5,5,1
961,49,5,5,1
961,41,5,5,1
961,47,5,5,1
961,43,5,5,1
961,45,5,5,1
961,40,5,5,1
961,69,4,4,1
961,57,4,4,1
961,54,4,4,1
961,65,4,4,1
961,61,4,4,1
1021,5,36,36,1
1021,6,36,36,1
1021,7,32,32,1
1021,8,28,28,1
1021,9,24,24,1
1021,10,22,22,1
1021,11,20,20,1
1021,12,18,18,1
1021,13,17,17,1
1021,14,16,16,1
1021,16,14,14,1
1021,15,14,14,1
1021,19,12,12,1
1021,18,12,12,1
1021,17,12,12,1
1021,21,11,11,1
1021,20,11,11,1
1021,22,10,10,1
1021,25,9,9,1
1021,24,9,9,1
1021,23,9,9,1
1021,31,8,8,1
1021,27,8,8,1
1021,28,8,8,1
1021,26,8,8,1
1021,33,7,7,1
1021,32,7,7,1
1021,29,7,7,1
1021,30,7,7,1
1021,41,6,6,1
1021,38,6,6,1
1021,37,6,6,1
1021,40,6,6,1
1021,36,6,6,1
1021,35,6,6,1
1021,34,6,6,1
1021,49,5,5,1
1021,43,5,5,1
1021,47,5,5,1
1021,45,5,5,1
1021,42,5,5,1
1021,39,5,5,1
1021,44,5,5,1
1021,64,4,4,1
1021,57,4,4,1
1021,54,4,4,1
1021,61,4,4,1
1021,65,4,4,1
1021,52,4,4,1
1021,58,4,4,1
1081,6,36,36,1
1081,7,31,31,1
1081,8,27,27,1
1081,5,24,24,1
1081,9,24,24,1
1081,10,22,22,1
1081,11,20,20,1
1081,12,18,18,1
1081,13,17,17,1
1081,14,15,15,1
1081,16,14,14,1
1081,15,14,14,1
1081,17,13,13,1
1081,19,12,12,1
1081,18,12,12,1
1081,20,11,11,1
1081,23,10,10,1
1081,21,10,10,1
1081,22,10,10,1
1081,26,9,9,1
1081,25,9,9,1
1081,24,9,9,1
1081,28,8,8,1
1081,27,8,8,1
1081,35,7,7,1
1081,31,7,7,1
1081,34,7,7,1
1081,32,7,7,1
1081,33,7,7,1
1081,29,7,7,1
1081,30,7,7,1
1081,39,6,6,1
1081,38,6,6,1
1081,37,6,6,1
1081,36,6,6,1
1081,47,5,5,1
1081,52,5,5,1
1081,42,5,5,1
1081,50,5,5,1
1081,44,5,5,1
1081,48,5,5,1
1081,46,5,5,1
1081,41,5,5,1
1081,43,5,5,1
1081,40,5,5,1
1081,57,4,4,1
1081,68,4,4,1
1081,64,4,4,1
1081,61,4,4,1
1081,55,4,4,1
1141,6,36,36,1
1141,7,32,32,1
1141,8,28,28,1
1141,9,25,25,1
1141,10,22,22,1
1141,11,20,20,1
1141,12,18,18,1
1141,13,17,17,1
1141,14,16,16,1
1141,16,14,14,1
1141,15,14,14,1
1141,17,13,13,1
1141,5,12,12,1
1141,18,12,12,1
1141,19,11,11,1
1141,20,11,11,1
1141,22,10,10,1
1141,23,10,10,1
1141,21,10,10,1
1141,26,9,9,1
1141,25,9,9,1
1141,24,9,9,1
1141,28,8,8,1
1141,27,8,8,1
1141,31,7,7,1
1141,32,7,7,1
1141,33,7,7,1
1141,34,7,7,1
1141,29,7,7,1
1141,30,7,7,1
1141,37,6,6,1
1141,41,6,6,1
1141,36,6,6,1
1141,35,6,6,1
1141,40,6,6,1
1141,52,5,5,1
1141,44,5,5,1
1141,50,5,5,1
1141,46,5,5,1
1141,48,5,5,1
1141,43,5,5,1
1141,45,5,5,1
1141,39,5,5,1
1141,42,5,5,1
1141,38,5,5,1
1141,64,4,4,1
1141,55,4,4,1
1141,68,4,4,1
1141,61,4,4,1
1141,58,4,4,1
1201,6,36,36,1
1201,7,31,31,1
1201,8,27,27,1
1201,9,24,24,1
1201,10,22,22,1
1201,11,20,20,1
1201,12,18,18,1
1201,13,17,17,1
1201,14,16,16,1
1201,15,14,14,1
1201,17,13,13,1
1201,16,13,13,1
1201,18,12,12,1
1201,19,11,11,1
1201,20,11,11,1
1201,22,10,10,1
1201,21,10,10,1
1201,23,9,9,1
1201,24,9,9,1
1201,28,8,8,1
1201,27,8,8,1
1201,26,8,8,1
1201,25,8,8,1
1201,31,7,7,1
1201,32,7,7,1
1201,29,7,7,1
1201,33,7,7,1
1201,30,7,7,1
1201,43,6,6,1
1201,39,6,6,1
1201,38,6,6,1
1201,37,6,6,1
1201,36,6,6,1
1201,34,6,6,1
1201,35,6,6,1
1201,45,5,5,1
1201,42,5,5,1
1201,47,5,5,1
1201,41,5,5,1
1201,44,5,5,1
1201,40,5,5,1
1201,67,4,4,1
1201,71,4,4,1
1201,55,4,4,1
1201,64,4,4,1
1201,58,4,4,1
1201,53,4,4,1
1201,61,4,4,1
1201,51,4,4,1
1201,49,4,4,1
1261,7,31,31,1
1261,6,30,30,1
1261,8,28,28,1
1261,9,24,24,1
1261,10,22,22,1
1261,11,20,20,1
1261,12,18,18,1
1261,13,17,17,1
1261,14,15,15,1
1261,16,14,14,1
1261,15,14,14,1
1261,17,13,13,1
1261,18,12,12,1
1261,19,11,11,1
1261,20,11,11,1
1261,23,10,10,1
1261,22,10,10,1
1261,21,10,10,1
1261,24,9,9,1
1261,25,9,9,1
1261,27,8,8,1
1261,26,8,8,1
1261,29,8,8,1
1261,31,7,7,1
1261,32,7,7,1
1261,28,7,7,1
1261,30,7,7,1
1261,41,6,6,1
1261,40,6,6,1
1261,33,6,6,1
1261,34,6,6,1
1261,37,6,6,1
1261,35,6,6,1
1261,36,6,6,1
1261,47,5,5,1
1261,49,5,5,1
1261,51,5,5,1
1261,44,5,5,1
1261,39,5,5,1
1261,46,5,5,1
1261,43,5,5,1
1261,38,5,5,1
1261,42,5,5,1
1261,55,4,4,1
1261,53,4,4,1
1261,67,4,4,1
1261,58,4,4,1
1261,64,4,4,1
1261,61,4,4,1
1261,56,4,4,1
1321,7,32,32,1
1321,8,27,27,1
1321,9,25,25,1
1321,10,22,22,1
1321,6,20,20,1
1321,11,20,20,1
1321,12,18,18,1
1321,13,17,17,1
1321,14,16,16,1
1321,16,14,14,1
1321,15,14,14,1
1321,17,13,13,1
1321,19,12,12,1
1321,18,12,12,1
1321,21,11,11,1
1321,20,11,11,1
1321,22,10,10,1
1321,27,9,9,1
1321,25,9,9,1
1321,26,9,9,1
1321,23,9,9,1
1321,24,9,9,1
1321,29,8,8,1
1321,28,8,8,1
1321,34,7,7,1
1321,35,7,7,1
1321,31,7,7,1
1321,32,7,7,1
1321,30,7,7,1
1321,39,6,6,1
1321,38,6,6,1
1321,37,6,6,1
1321,36,6,6,1
1321,33,6,6,1
1321,49,5,5,1
1321,53,5,5,1
1321,51,5,5,1
1321,43,5,5,1
1321,46,5,5,1
1321,48,5,5,1
1321,42,5,5,1
1321,45,5,5,1
1321,41,5,5,1
1321,40,5,5,1
1321,44,5,5,1
1321,63,4,4,1
1321,70,4,4,1
1321,58,4,4,1
1321,61,4,4,1
1321,64,4,4,1
1381,7,31,31,1
1381,8,28,28,1
1381,9,24,24,1
1381,10,22,22,1
1381,11,20,20,1
1381,12,18,18,1
1381,13,17,17,1
1381,14,16,16,1
1381,16,14,14,1
1381,15,14,14,1
1381,17,13,13,1
1381,18,12,12,1
1381,19,12,12,1
1381,21,11,11,1
1381,20,11,11,1
1381,22,10,10,1
1381,6,10,10,1
1381,24,9,9,1
1381,25,9,9,1
1381,23,9,9,1
1381,29,8,8,1
1381,28,8,8,1
1381,27,8,8,1
1381,26,8,8,1
1381,33,7,7,1
1381,34,7,7,1
1381,31,7,7,1
1381,32,7,7,1
1381,30,7,7,1
1381,42,6,6,1
1381,41,6,6,1
1381,40,6,6,1
1381,35,6,6,1
1381,39,6,6,1
1381,36,6,6,1
1381,38,6,6,1
1381,37,6,6,1
1381,48,5,5,1
1381,45,5,5,1
1381,50,5,5,1
1381,44,5,5,1
1381,47,5,5,1
1381,43,5,5,1
1381,66,4,4,1
1381,63,4,4,1
1381,58,4,4,1
1381,56,4,4,1
1381,61,4,4,1
1381,54,4,4,1
1381,52,4,4,1
1441,7,32,32,1
1441,8,27,27,1
1441,9,24,24,1
1441,10,22,22,1
1441,11,20,20,1
1441,12,18,18,1
1441,13,17,17,1
1441,14,16,16,1
1441,15,14,14,1
1441,17,13,13,1
1441,16,13,13,1
1441,19,12,12,1
1441,18,12,12,1
1441,21,11,11,1
1441,20,11,11,1
1441,23,10,10,1
1441,22,10,10,1
1441,25,9,9,1
1441,24,9,9,1
1441,29,8,8,1
1441,28,8,8,1
1441,26,8,8,1
1441,27,8,8,1
1441,33,7,7,1
1441,31,7,7,1
1441,30,7,7,1
1441,39,6,6,1
1441,37,6,6,1
1441,38,6,6,1
1441,34,6,6,1
1441,35,6,6,1
1441,32,6,6,1
1441,36,6,6,1
1441,50,5,5,1
1441,44,5,5,1
1441,47,5,5,1
1441,43,5,5,1
1441,42,5,5,1
1441,46,5,5,1
1441,41,5,5,1
1441,40,5,5,1
1441,69,4,4,1
1441,63,4,4,1
1441,58,4,4,1
1441,66,4,4,1
1441,56,4,4,1
1441,52,4,4,1
1441,54,4,4,1
1441,61,4,4,1
1441,49,4,4,1
1501,8,28,28,1
1501,7,26,26,1
1501,9,25,25,1
1501,10,22,22,1
1501,11,20,20,1
1501,12,18,18,1
1501,13,17,17,1
1501,14,15,15,1
1501,16,14,14,1
1501,15,14,14,1
1501,17,13,13,1
1501,19,12,12,1
1501,18,12,12,1
1501,20,11,11,1
1501,21,10,10,1
1501,22,10,10,1
1501,26,9,9,1
1501,24,9,9,1
1501,23,9,9,1
1501,29,8,8,1
1501,28,8,8,1
1501,27,8,8,1
1501,25,8,8,1
1501,32,7,7,1
1501,35,7,7,1
1501,33,7,7,1
1501,31,7,7,1
1501,30,7,7,1
1501,43,6,6,1
1501,36,6,6,1
1501,37,6,6,1
1501,40,6,6,1
1501,38,6,6,1
1501,39,6,6,1
1501,34,6,6,1
1501,47,5,5,1
1501,52,5,5,1
1501,42,5,5,1
1501,41,5,5,1
1501,46,5,5,1
1501,49,5,5,1
1501,45,5,5,1
1501,44,5,5,1
1501,58,4,4,1
1501,63,4,4,1
1501,56,4,4,1
1501,54,4,4,1
1501,66,4,4,1
1501,61,4,4,1
1501,51,4,4,1
1561,8,27,27,1
1561,9,24,24,1
1561,10,22,22,1
1561,11,20,20,1
1561,7,18,18,1
1561,12,18,18,1
1561,14,16,16,1
1561,13,16,16,1
1561,16,14,14,1
1561,15,14,14,1
1561,17,13,13,1
1561,18,12,12,1
1561,19,11,11,1
1561,20,11,11,1
1561,22,10,10,1
1561,23,10,10,1
1561,21,10,10,1
1561,25,9,9,1
1561,24,9,9,1
1561,29,8,8,1
1561,27,8,8,1
1561,28,8,8,1
1561,26,8,8,1
1561,34,7,7,1
1561,32,7,7,1
1561,31,7,7,1
1561,30,7,7,1
1561,35,6,6,1
1561,36,6,6,1
1561,33,6,6,1
1561,37,6,6,1
1561,46,5,5,1
1561,49,5,5,1
1561,45,5,5,1
1561,48,5,5,1
1561,44,5,5,1
1561,43,5,5,1
1561,42,5,5,1
1561,38,5,5,1
1561,41,5,5,1
1561,39,5,5,1
1561,40,5,5,1
1561,71,4,4,1
1561,68,4,4,1
1561,58,4,4,1
1561,54,4,4,1
1561,56,4,4,1
1561,63,4,4,1
1561,51,4,4,1
1561,61,4,4,1
1621,8,28,28,1
1621,9,24,24,1
1621,10,22,22,1
1621,11,20,20,1
1621,12,18,18,1
1621,13,17,17,1
1621,14,16,16,1
1621,16,14,14,1
1621,15,14,14,1
1621,17,13,13,1
1621,18,12,12,1
1621,19,11,11,1
1621,20,11,11,1
1621,22,10,10,1
1621,23,10,10,1
1621,21,10,10,1
1621,7,9,9,1
1621,25,9,9,1
1621,24,9,9,1
1621,29,8,8,1
1621,28,8,8,1
1621,26,8,8,1
1621,27,8,8,1
1621,34,7,7,1
1621,32,7,7,1
1621,31,7,7,1
1621,30,7,7,1
1621,37,6,6,1
1621,38,6,6,1
1621,39,6,6,1
1621,40,6,6,1
1621,35,6,6,1
1621,33,6,6,1
1621,36,6,6,1
1621,44,5,5,1
1621,51,5,5,1
1621,48,5,5,1
1621,43,5,5,1
1621,42,5,5,1
1621,41,5,5,1
1621,47,5,5,1
1621,46,5,5,1
1621,58,4,4,1
1621,56,4,4,1
1621,65,4,4,1
1621,68,4,4,1
1621,63,4,4,1
1621,53,4,4,1
1621,61,4,4,1
1621,55,4,4,1
1681,8,27,27,1
1681,9,25,25,1
1681,10,22,22,1
1681,11,20,20,1
1681,12,18,18,1
1681,13,17,17,1
1681,14,15,15,1
1681,15,14,14,1
1681,17,13,13,1
1681,16,13,13,1
1681,19,12,12,1
1681,18,12,12,1
1681,20,11,11,1
1681,22,10,10,1
1681,21,10,10,1
1681,26,9,9,1
1681,25,9,9,1
1681,23,9,9,1
1681,24,9,9,1
1681,29,8,8,1
1681,27,8,8,1
1681,33,7,7,1
1681,32,7,7,1
1681,31,7,7,1
1681,28,7,7,1
1681,30,7,7,1
1681,41,6,6,1
1681,36,6,6,1
1681,34,6,6,1
1681,37,6,6,1
1681,38,6,6,1
1681,35,6,6,1
1681,51,5,5,1
1681,47,5,5,1
1681,50,5,5,1
1681,46,5,5,1
1681,45,5,5,1
1681,44,5,5,1
1681,39,5,5,1
1681,43,5,5,1
1681,40,5,5,1
1681,42,5,5,1
1681,58,4,4,1
1681,65,4,4,1
1681,53,4,4,1
1681,63,4,4,1
1681,55,4,4,1
1681,61,4,4,1
1681,57,4,4,1
1681,59,4,4,1
1741,9,24,24,1
1741,8,23,23,1
1741,10,22,22,1
1741,11,20,20,1
1741,12,18,18,1
1741,13,17,17,1
1741,14,16,16,1
1741,16,14,14,1
1741,15,14,14,1
1741,17,13,13,1
1741,18,12,12,1
1741,19,12,12,1
1741,21,11,11,1
1741,20,11,11,1
1741,23,10,10,1
1741,22,10,10,1
1741,26,9,9,1
1741,25,9,9,1
1741,24,9,9,1
1741,27,8,8,1
1741,28,8,8,1
1741,33,7,7,1
1741,35,7,7,1
1741,32,7,7,1
1741,31,7,7,1
1741,29,7,7,1
1741,30,7,7,1
1741,38,6,6,1
1741,39,6,6,1
1741,40,6,6,1
1741,36,6,6,1
1741,34,6,6,1
1741,46,5,5,1
1741,50,5,5,1
1741,45,5,5,1
1741,44,5,5,1
1741,43,5,5,1
1741,41,5,5,1
1741,49,5,5,1
1741,42,5,5,1
1741,37,5,5,1
1741,67,4,4,1
1741,53,4,4,1
1741,70,4,4,1
1741,65,4,4,1
1741,55,4,4,1
1741,63,4,4,1
1741,57,4,4,1
1741,52,4,4,1
1741,61,4,4,1
1801,9,24,24,1
1801,10,22,22,1
1801,11,20,20,1
1801,12,18,18,1
1801,13,17,17,1
1801,14,16,16,1
1801,8,15,15,1
1801,16,14,14,1
1801,15,14,14,1
1801,17,13,13,1
1801,19,12,12,1
1801,18,12,12,1
1801,21,11,11,1
1801,20,11,11,1
1801,22,10,10,1
1801,23,9,9,1
1801,24,9,9,1
1801,27,8,8,1
1801,28,8,8,1
1801,26,8,8,1
1801,25,8,8,1
1801,34,7,7,1
1801,33,7,7,1
1801,32,7,7,1
1801,29,7,7,1
1801,31,7,7,1
1801,30,7,7,1
1801,41,6,6,1
1801,42,6,6,1
1801,37,6,6,1
1801,35,6,6,1
1801,38,6,6,1
1801,36,6,6,1
1801,53,5,5,1
1801,44,5,5,1
1801,43,5,5,1
1801,49,5,5,1
1801,48,5,5,1
1801,39,5,5,1
1801,40,5,5,1
1801,67,4,4,1
1801,55,4,4,1
1801,65,4,4,1
1801,52,4,4,1
1801,57,4,4,1
1801,63,4,4,1
1801,59,4,4,1
1801,61,4,4,1
1801,47,4,4,1
1801,54,4,4,1
1861,9,25,25,1
1861,10,22,22,1
1861,11,20,20,1
1861,12,18,18,1
1861,13,17,17,1
1861,14,16,16,1
1861,16,14,14,1
1861,15,14,14,1
1861,17,13,13,1
1861,19,12,12,1
1861,18,12,12,1
1861,21,11,11,1
1861,20,11,11,1
1861,23,10,10,1
1861,22,10,10,1
1861,27,9,9,1
1861,26,9,9,1
1861,24,9,9,1
1861,25,9,9,1
1861,8,8,8,1
1861,28,8,8,1
1861,34,7,7,1
1861,33,7,7,1
1861,29,7,7,1
1861,32,7,7,1
1861,30,7,7,1
1861,31,7,7,1
1861,38,6,6,1
1861,39,6,6,1
1861,36,6,6,1
1861,40,6,6,1
1861,37,6,6,1
1861,35,6,6,1
1861,49,5,5,1
1861,52,5,5,1
1861,48,5,5,1
1861,47,5,5,1
1861,46,5,5,1
1861,41,5,5,1
1861,45,5,5,1
1861,42,5,5,1
1861,44,5,5,1
1861,43,5,5,1
1861,69,4,4,1
1861,55,4,4,1
1861,67,4,4,1
1861,57,4,4,1
1861,65,4,4,1
1861,51,4,4,1
1861,59,4,4,1
1921,9,24,24,1
1921,10,22,22,1
1921,11,20,20,1
1921,12,18,18,1
1921,13,17,17,1
1921,14,15,15,1
1921,15,14,14,1
1921,17,13,13,1
1921,16,13,13,1
1921,18,12,12,1
1921,19,11,11,1
1921,20,11,11,1
1921,23,10,10,1
1921,21,10,10,1
1921,22,10,10,1
1921,26,9,9,1
1921,25,9,9,1
1921,24,9,9,1
1921,31,8,8,1
1921,28,8,8,1
1921,27,8,8,1
1921,35,7,7,1
1921,29,7,7,1
1921,30,7,7,1
1921,37,6,6,1
1921,41,6,6,1
1921,38,6,6,1
1921,34,6,6,1
1921,36,6,6,1
1921,33,6,6,1
1921,32,6,6,1
1921,52,5,5,1
1921,47,5,5,1
1921,46,5,5,1
1921,42,5,5,1
1921,45,5,5,1
1921,43,5,5,1
1921,44,5,5,1
1921,39,5,5,1
1921,40,5,5,1
1921,62,4,4,1
1921,55,4,4,1
1921,69,4,4,1
1921,57,4,4,1
1921,51,4,4,1
1921,54,4,4,1
1921,59,4,4,1
1921,50,4,4,1
1921,61,4,4,1
1921,56,4,4,1
1981,10,22,22,1
1981,9,20,20,1
1981,11,20,20,1
1981,12,18,18,1
1981,13,17,17,1
1981,14,16,16,1
1981,16,14,14,1
1981,15,14,14,1
1981,17,13,13,1
1981,18,12,12,1
1981,19,11,11,1
1981,20,11,11,1
1981,21,10,10,1
1981,22,10,10,1
1981,24,9,9,1
1981,25,9,9,1
1981,23,9,9,1
1981,28,8,8,1
1981,27,8,8,1
1981,26,8,8,1
1981,32,7,7,1
1981,31,7,7,1
1981,29,7,7,1
1981,30,7,7,1
1981,39,6,6,1
1981,35,6,6,1
1981,37,6,6,1
1981,40,6,6,1
1981,34,6,6,1
1981,33,6,6,1
1981,36,6,6,1
1981,51,5,5,1
1981,50,5,5,1
1981,41,5,5,1
1981,38,5,5,1
1981,42,5,5,1
1981,43,5,5,1
1981,44,5,5,1
1981,64,4,4,1
1981,62,4,4,1
1981,57,4,4,1
1981,54,4,4,1
1981,59,4,4,1
1981,49,4,4,1
1981,61,4,4,1
1981,53,4,4,1
1981,56,4,4,1
1981,48,4,4,1
1981,47,4,4,1
1981,46,4,4,1
2041,10,22,22,1
2041,11,20,20,1
2041,12,18,18,1
2041,13,17,17,1
2041,14,16,16,1
2041,9,14,14,1
2041,16,14,14,1
2041,15,14,14,1
2041,18,12,12,1
2041,17,12,12,1
2041,19,11,11,1
2041,20,11,11,1
2041,22,10,10,1
2041,23,10,10,1
2041,21,10,10,1
2041,25,9,9,1
2041,24,9,9,1
2041,28,8,8,1
2041,27,8,8,1
2041,26,8,8,1
2041,33,7,7,1
2041,31,7,7,1
2041,32,7,7,1
2041,29,7,7,1
2041,30,7,7,1
2041,41,6,6,1
2041,38,6,6,1
2041,36,6,6,1
2041,35,6,6,1
2041,37,6,6,1
2041,34,6,6,1
2041,50,5,5,1
2041,49,5,5,1
2041,42,5,5,1
2041,48,5,5,1
2041,43,5,5,1
2041,39,5,5,1
2041,47,5,5,1
2041,44,5,5,1
2041,46,5,5,1
2041,45,5,5,1
2041,40,5,5,1
2041,66,4,4,1
2041,62,4,4,1
2041,64,4,4,1
2041,57,4,4,1
2041,54,4,4,1
2041,59,4,4,1
2041,53,4,4,1
2041,56,4,4,1
2101,10,22,22,1
2101,11,20,20,1
2101,12,18,18,1
2101,13,17,17,1
2101,14,15,15,1
2101,16,14,14,1
2101,15,14,14,1
2101,17,13,13,1
2101,18,12,12,1
2101,19,12,12,1
2101,20,11,11,1
2101,22,10,10,1
2101,21,10,10,1
2101,26,9,9,1
2101,24,9,9,1
2101,23,9,9,1
2101,27,8,8,1
2101,29,8,8,1
2101,25,8,8,1
2101,9,7,7,1
2101,34,7,7,1
2101,31,7,7,1
2101,33,7,7,1
2101,32,7,7,1
2101,28,7,7,1
2101,30,7,7,1
2101,39,6,6,1
2101,37,6,6,1
2101,40,6,6,1
2101,36,6,6,1
2101,38,6,6,1
2101,35,6,6,1
2101,49,5,5,1
2101,43,5,5,1
2101,48,5,5,1
2101,44,5,5,1
2101,47,5,5,1
2101,45,5,5,1
2101,46,5,5,1
2101,41,5,5,1
2101,42,5,5,1
2101,54,4,4,1
2101,68,4,4,1
2101,62,4,4,1
2101,57,4,4,1
2101,66,4,4,1
2101,64,4,4,1
2101,53,4,4,1
2101,59,4,4,1
2101,56,4,4,1
2161,10,22,22,1
2161,11,20,20,1
2161,12,18,18,1
2161,13,17,17,1
2161,14,16,16,1
2161,15,14,14,1
2161,17,13,13,1
2161,16,13,13,1
2161,19,12,12,1
2161,18,12,12,1
2161,21,11,11,1
2161,20,11,11,1
2161,23,10,10,1
2161,22,10,10,1
2161,25,9,9,1
2161,24,9,9,1
2161,29,8,8,1
2161,28,8,8,1
2161,26,8,8,1
2161,27,8,8,1
2161,35,7,7,1
2161,31,7,7,1
2161,34,7,7,1
2161,32,7,7,1
2161,33,7,7,1
2161,30,7,7,1
2161,38,6,6,1
2161,41,6,6,1
2161,37,6,6,1
2161,39,6,6,1
2161,36,6,6,1
2161,47,5,5,1
2161,46,5,5,1
2161,42,5,5,1
2161,43,5,5,1
2161,44,5,5,1
2161,40,5,5,1
2161,57,4,4,1
2161,70,4,4,1
2161,62,4,4,1
2161,53,4,4,1
2161,68,4,4,1
2161,64,4,4,1
2161,66,4,4,1
2161,59,4,4,1
2161,56,4,4,1
2161,52,4,4,1
2161,51,4,4,1
2161,61,4,4,1
2161,55,4,4,1
2221,11,20,20,1
2221,10,18,18,1
2221,12,18,18,1
2221,13,17,17,1
2221,14,16,16,1
2221,16,14,14,1
2221,15,14,14,1
2221,17,13,13,1
2221,19,12,12,1
2221,18,12,12,1
2221,21,11,11,1
2221,20,11,11,1
2221,22,10,10,1
2221,23,10,10,1
2221,25,9,9,1
2221,24,9,9,1
2221,29,8,8,1
2221,26,8,8,1
2221,28,8,8,1
2221,27,8,8,1
2221,31,7,7,1
2221,32,7,7,1
2221,30,7,7,1
2221,39,6,6,1
2221,42,6,6,1
2221,36,6,6,1
2221,40,6,6,1
2221,35,6,6,1
2221,38,6,6,1
2221,34,6,6,1
2221,33,6,6,1
2221,53,5,5,1
2221,43,5,5,1
2221,44,5,5,1
2221,45,5,5,1
2221,46,5,5,1
2221,41,5,5,1
2221,37,5,5,1
2221,57,4,4,1
2221,62,4,4,1
2221,52,4,4,1
2221,64,4,4,1
2221,56,4,4,1
2221,59,4,4,1
2221,51,4,4,1
2221,50,4,4,1
2221,49,4,4,1
2221,55,4,4,1
2221,48,4,4,1
2221,47,4,4,1
2281,11,20,20,1
2281,12,18,18,1
2281,13,17,17,1
2281,14,16,16,1
2281,16,14,14,1
2281,15,14,14,1
2281,17,13,13,1
2281,18,12,12,1
2281,10,12,12,1
2281,21,11,11,1
2281,19,11,11,1
2281,20,11,11,1
2281,22,10,10,1
2281,26,9,9,1
2281,25,9,9,1
2281,23,9,9,1
2281,24,9,9,1
2281,29,8,8,1
2281,27,8,8,1
2281,28,8,8,1
2281,31,7,7,1
2281,32,7,7,1
2281,30,7,7,1
2281,37,6,6,1
2281,39,6,6,1
2281,36,6,6,1
2281,35,6,6,1
2281,33,6,6,1
2281,34,6,6,1
2281,52,5,5,1
2281,44,5,5,1
2281,51,5,5,1
2281,45,5,5,1
2281,41,5,5,1
2281,50,5,5,1
2281,46,5,5,1
2281,49,5,5,1
2281,47,5,5,1
2281,48,5,5,1
2281,42,5,5,1
2281,38,5,5,1
2281,40,5,5,1
2281,43,5,5,1
2281,62,4,4,1
2281,56,4,4,1
2281,59,4,4,1
2281,64,4,4,1
2281,55,4,4,1
2281,58,4,4,1
2281,54,4,4,1
2341,11,20,20,1
2341,12,18,18,1
2341,13,16,16,1
2341,14,15,15,1
2341,16,14,14,1
2341,15,14,14,1
2341,17,13,13,1
2341,18,12,12,1
2341,19,11,11,1
2341,20,11,11,1
2341,23,10,10,1
2341,21,10,10,1
2341,22,10,10,1
2341,25,9,9,1
2341,24,9,9,1
2341,29,8,8,1
2341,27,8,8,1
2341,28,8,8,1
2341,26,8,8,1
2341,33,7,7,1
2341,35,7,7,1
2341,34,7,7,1
2341,31,7,7,1
2341,32,7,7,1
2341,30,7,7,1
2341,10,6,6,1
2341,38,6,6,1
2341,40,6,6,1
2341,37,6,6,1
2341,36,6,6,1
2341,51,5,5,1
2341,46,5,5,1
2341,50,5,5,1
2341,47,5,5,1
2341,49,5,5,1
2341,48,5,5,1
2341,42,5,5,1
2341,43,5,5,1
2341,44,5,5,1
2341,41,5,5,1
2341,39,5,5,1
2341,71,4,4,1
2341,67,4,4,1
2341,69,4,4,1
2341,56,4,4,1
2341,62,4,4,1
2341,59,4,4,1
2341,55,4,4,1
2341,64,4,4,1
2341,54,4,4,1
2401,11,20,20,1
2401,12,18,18,1
2401,13,17,17,1
2401,14,16,16,1
2401,15,14,14,1
2401,17,13,13,1
2401,16,13,13,1
2401,18,12,12,1
2401,19,11,11,1
2401,20,11,11,1
2401,21,10,10,1
2401,22,10,10,1
2401,27,9,9,1
2401,23,9,9,1
2401,24,9,9,1
2401,29,8,8,1
2401,28,8,8,1
2401,26,8,8,1
2401,25,8,8,1
2401,33,7,7,1
2401,34,7,7,1
2401,31,7,7,1
2401,30,7,7,1
2401,37,6,6,1
2401,36,6,6,1
2401,35,6,6,1
2401,39,6,6,1
2401,32,6,6,1
2401,49,5,5,1
2401,43,5,5,1
2401,41,5,5,1
2401,44,5,5,1
2401,45,5,5,1
2401,38,5,5,1
2401,42,5,5,1
2401,40,5,5,1
2401,65,4,4,1
2401,56,4,4,1
2401,67,4,4,1
2401,62,4,4,1
2401,59,4,4,1
2401,55,4,4,1
2401,54,4,4,1
2401,58,4,4,1
2401,53,4,4,1
2401,46,4,4,1
2401,52,4,4,1
2401,47,4,4,1
2401,51,4,4,1
2401,48,4,4,1
2461,12,18,18,1
2461,11,17,17,1
2461,13,17,17,1
2461,14,16,16,1
2461,16,14,14,1
2461,15,14,14,1
2461,17,13,13,1
2461,18,12,12,1
2461,19,12,12,1
2461,20,11,11,1
2461,23,10,10,1
2461,22,10,10,1
2461,21,10,10,1
2461,26,9,9,1
2461,24,9,9,1
2461,25,9,9,1
2461,28,8,8,1
2461,29,8,8,1
2461,27,8,8,1
2461,32,7,7,1
2461,33,7,7,1
2461,31,7,7,1
2461,30,7,7,1
2461,38,6,6,1
2461,37,6,6,1
2461,40,6,6,1
2461,34,6,6,1
2461,36,6,6,1
2461,35,6,6,1
2461,44,5,5,1
2461,45,5,5,1
2461,42,5,5,1
2461,46,5,5,1
2461,47,5,5,1
2461,43,5,5,1
2461,39,5,5,1
2461,41,5,5,1
2461,56,4,4,1
2461,65,4,4,1
2461,55,4,4,1
2461,59,4,4,1
2461,67,4,4,1
2461,62,4,4,1
2461,54,4,4,1
2461,53,4,4,1
2461,58,4,4,1
2461,52,4,4,1
2461,48,4,4,1
2461,51,4,4,1
2461,49,4,4,1
2521,12,18,18,1
2521,13,17,17,1
2521,14,15,15,1
2521,16,14,14,1
2521,15,14,14,1
2521,17,13,13,1
2521,19,12,12,1
2521,18,12,12,1
2521,11,11,11,1
2521,20,11,11,1
2521,23,10,10,1
2521,22,10,10,1
2521,21,10,10,1
2521,26,9,9,1
2521,25,9,9,1
2521,24,9,9,1
2521,29,8,8,1
2521,27,8,8,1
2521,32,7,7,1
2521,33,7,7,1
2521,31,7,7,1
2521,28,7,7,1
2521,30,7,7,1
2521,39,6,6,1
2521,38,6,6,1
2521,34,6,6,1
2521,37,6,6,1
2521,35,6,6,1
2521,36,6,6,1
2521,46,5,5,1
2521,43,5,5,1
2521,47,5,5,1
2521,41,5,5,1
2521,48,5,5,1
2521,44,5,5,1
2521,40,5,5,1
2521,42,5,5,1
2521,55,4,4,1
2521,65,4,4,1
2521,59,4,4,1
2521,54,4,4,1
2521,62,4,4,1
2521,53,4,4,1
2521,52,4,4,1
2521,49,4,4,1
2521,51,4,4,1
2521,50,4,4,1
2521,58,4,4,1
2521,57,4,4,1
2521,45,4,4,1
2581,12,18,18,1
2581,13,17,17,1
2581,14,16,16,1
2581,16,14,14,1
2581,15,14,14,1
2581,17,13,13,1
2581,19,12,12,1
2581,18,12,12,1
2581,21,11,11,1
2581,20,11,11,1
2581,22,10,10,1
2581,24,9,9,1
2581,23,9,9,1
2581,25,9,9,1
2581,29,8,8,1
2581,27,8,8,1
2581,26,8,8,1
2581,28,8,8,1
2581,34,7,7,1
2581,35,7,7,1
2581,32,7,7,1
2581,31,7,7,1
2581,30,7,7,1
2581,41,6,6,1
2581,38,6,6,1
2581,11,6,6,1
2581,37,6,6,1
2581,36,6,6,1
2581,40,6,6,1
2581,33,6,6,1
2581,47,5,5,1
2581,48,5,5,1
2581,44,5,5,1
2581,49,5,5,1
2581,50,5,5,1
2581,42,5,5,1
2581,45,5,5,1
2581,39,5,5,1
2581,43,5,5,1
2581,63,4,4,1
2581,68,4,4,1
2581,55,4,4,1
2581,70,4,4,1
2581,54,4,4,1
2581,59,4,4,1
2581,53,4,4,1
2581,65,4,4,1
2581,52,4,4,1
2581,51,4,4,1
2581,62,4,4,1
2641,12,18,18,1
2641,13,17,17,1
2641,14,16,16,1
2641,15,14,14,1
2641,17,13,13,1
2641,16,13,13,1
2641,19,12,12,1
2641,18,12,12,1
2641,21,11,11,1
2641,20,11,11,1
2641,23,10,10,1
2641,22,10,10,1
2641,25,9,9,1
2641,26,9,9,1
2641,24,9,9,1
2641,27,8,8,1
2641,28,8,8,1
2641,34,7,7,1
2641,32,7,7,1
2641,31,7,7,1
2641,29,7,7,1
2641,30,7,7,1
2641,42,6,6,1
2641,39,6,6,1
2641,38,6,6,1
2641,35,6,6,1
2641,37,6,6,1
2641,36,6,6,1
2641,33,6,6,1
2641,49,5,5,1
2641,50,5,5,1
2641,52,5,5,1
2641,51,5,5,1
2641,45,5,5,1
2641,41,5,5,1
2641,43,5,5,1
2641,46,5,5,1
2641,40,5,5,1
2641,44,5,5,1
2641,63,4,4,1
2641,54,4,4,1
2641,53,4,4,1
2641,68,4,4,1
2641,59,4,4,1
2641,65,4,4,1
2641,62,4,4,1
2641,58,4,4,1
2641,57,4,4,1
2641,47,4,4,1
2641,56,4,4,1
2701,13,17,17,1
2701,14,16,16,1
2701,12,15,15,1
2701,16,14,14,1
2701,15,14,14,1
2701,17,13,13,1
2701,18,12,12,1
2701,21,11,11,1
2701,19,11,11,1
2701,20,11,11,1
2701,22,10,10,1
2701,26,9,9,1
2701,24,9,9,1
2701,23,9,9,1
2701,28,8,8,1
2701,25,8,8,1
2701,27,8,8,1
2701,33,7,7,1
2701,32,7,7,1
2701,29,7,7,1
2701,31,7,7,1
2701,30,7,7,1
2701,37,6,6,1
2701,41,6,6,1
2701,40,6,6,1
2701,34,6,6,1
2701,35,6,6,1
2701,36,6,6,1
2701,53,5,5,1
2701,51,5,5,1
2701,52,5,5,1
2701,43,5,5,1
2701,46,5,5,1
2701,47,5,5,1
2701,44,5,5,1
2701,42,5,5,1
2701,39,5,5,1
2701,38,5,5,1
2701,73,4,4,1
2701,66,4,4,1
2701,63,4,4,1
2701,59,4,4,1
2701,58,4,4,1
2701,62,4,4,1
2701,57,4,4,1
2701,48,4,4,1
2701,56,4,4,1
2701,49,4,4,1
2701,45,4,4,1
2701,55,4,4,1
2761,13,17,17,1
2761,14,15,15,1
2761,16,14,14,1
2761,15,14,14,1
2761,17,13,13,1
2761,18,12,12,1
2761,19,11,11,1
2761,20,11,11,1
2761,22,10,10,1
2761,21,10,10,1
2761,12,10,10,1
2761,25,9,9,1
2761,23,9,9,1
2761,24,9,9,1
2761,28,8,8,1
2761,27,8,8,1
2761,26,8,8,1
2761,35,7,7,1
2761,33,7,7,1
2761,32,7,7,1
2761,29,7,7,1
2761,31,7,7,1
2761,30,7,7,1
2761,39,6,6,1
2761,36,6,6,1
2761,38,6,6,1
2761,37,6,6,1
2761,34,6,6,1
2761,44,5,5,1
2761,42,5,5,1
2761,47,5,5,1
2761,48,5,5,1
2761,41,5,5,1
2761,45,5,5,1
2761,43,5,5,1
2761,40,5,5,1
2761,66,4,4,1
2761,63,4,4,1
2761,59,4,4,1
2761,58,4,4,1
2761,62,4,4,1
2761,57,4,4,1
2761,49,4,4,1
2761,56,4,4,1
2761,50,4,4,1
2761,55,4,4,1
2761,51,4,4,1
2761,46,4,4,1
2761,54,4,4,1
2761,52,4,4,1
